상권_코드,상권_코드_명,서비스_업종_코드,서비스_업종_코드_명,상권_구분_코드_명,자치구_코드_명,행정동_코드,행정동_코드_명,유형,공급밀도,동일유형_중앙_공급밀도,공급갭,행정동_폐업률,전체_점포_수,당월_매출_금액,당월_매출_건수,갭점수,안정성점수,종합점수
3000000,목상권0,CS100000,한식음식점,골목상권,목구0,11000000,목0동,유입 집중형,17.303922870870593,23.860324388695545,0.999,5.75194292088326,161,97659112,4146,1.0,0.28036773324070763,0.712147093296283
3000001,목상권1,CS100001,중식음식점,발달상권,목구1,11000001,목1동,청년 밀집형,34.98751911231393,21.274698293894858,0.12627678780203477,0.0,56,551739726,31176,0.1171946654506122,1.0,0.47031679927036735
3000002,목상권2,CS100002,일식음식점,전통시장,목구2,11000002,목2동,가족 주거형,14.736847988188513,43.97165941200423,0.3924949726417269,7.510861577107505,64,786296705,49845,0.386488332040088,0.06030737502187267,0.25601594923280185
3000003,목상권3,CS100003,양식음식점,관광특구,목구3,11000003,목3동,일반 주거·생활형,49.48184051471657,32.42027248945865,0.8283724084212786,7.510861577107505,176,367575330,32869,0.8274012356247024,0.06030737502187267,0.5205636913835705
3000004,목상권4,CS100004,분식전문점,골목상권,목구4,11000004,목4동,발달상권형,36.584373346826276,55.847392664901115,0.8969912798217146,7.510861577107505,109,993144404,30379,0.8968128255496444,0.06030737502187267,0.5622106453385357
3000005,목상권5,CS100005,패스트푸드점,발달상권,목구5,11000005,목5동,전통시장형,43.02953710057346,30.402581460503203,0.2663496933390346,7.510861577107505,61,74884060,27084,0.25888576121333845,0.06030737502187267,0.17945440673675211
3000006,목상권6,CS100006,제과점,전통시장,목구6,11000006,목6동,관광특구형,19.1597336133277,40.654350431179026,0.6860087809504526,1.1635642002275164,128,843220762,26740,0.6833929543959704,0.8544251300044002,0.7518058246393424
3000007,목상권7,CS100007,커피-음료,관광특구,목구7,11000007,목7동,유입 집중형,29.200379621364586,59.60482719134124,0.06432610184470365,4.801057609355812,31,19090760,11136,0.054528295085158926,0.39933410018398996,0.19245061712469136
3000008,목상권8,CS100008,치킨전문점,골목상권,목구8,11000008,목8동,청년 밀집형,25.72268141297417,37.4260143600866,0.26987739799821675,4.2875428321010185,180,532437058,39026,0.2624542196298361,0.46358053104278474,0.3429047441950156
3000009,목상권9,CS100009,호프-간이주점,발달상권,목구9,11000009,목9동,가족 주거형,2.754712523138372,23.996066365909666,0.7825184676786285,1.3629487137685858,119,424289082,32951,0.781017567891409,0.8294799016859271,0.8004025014092162
3000010,목상권10,CS100010,반찬가게,전통시장,목구10,11000010,목10동,일반 주거·생활형,42.97714613436573,32.28440297262327,0.024053023512441714,6.407672637069638,74,873255151,45085,0.01378996259494732,0.19832862601532364,0.08760542796309785
3000011,목상권11,CS100000,한식음식점,관광특구,목구11,11000011,목11동,발달상권형,39.44951972683803,30.433642330531406,0.21582467558642782,7.547054508873874,60,449359088,5615,0.20777705392014217,0.055779235246157244,0.1469779264505482
3000012,목상권12,CS100001,중식음식점,골목상권,목구12,11000012,목12동,전통시장형,31.551796319062245,30.627405697691454,0.17247968256790747,4.9956915245512885,18,143726554,42895,0.16393131849346051,0.37498322474817314,0.24835208099534556
3000013,목상권13,CS100002,일식음식점,발달상권,목구13,11000013,목13동,관광특구형,18.94203661270113,57.310262879549555,0.6583641380553805,0.4503927238669201,75,912266965,46514,0.6554289471616279,0.943650842634149,0.7707177053506363
3000014,목상권14,CS100003,양식음식점,전통시장,목구14,11000014,목14동,유입 집중형,49.93650199684128,47.88279500644215,0.07114657653098656,0.1380654036013924,62,542524894,27070,0.061427563207116245,0.9827264768233392,0.42994712865360546
3000015,목상권15,CS100004,분식전문점,관광특구,목구15,11000015,목15동,청년 밀집형,35.18077540585735,41.88158166793677,0.4002221777264878,4.0619512455503894,45,745306744,33122,0.3943048055504049,0.4918045567371018,0.43330470602508364
3000016,목상권16,CS100005,패스트푸드점,골목상권,목구16,11000016,목16동,가족 주거형,12.946918795763336,20.40508778266839,0.7500363825852199,2.81487824935242,108,928817116,19557,0.7481602339773389,0.6478273092943262,0.7080270641041337
3000017,목상권17,CS100006,제과점,발달상권,목구17,11000017,목17동,일반 주거·생활형,15.44840449881364,28.784351684567962,0.5869244831195289,7.220780486810551,86,671319464,48922,0.5831639866400653,0.09659975751344796,0.38853829498941833
3000018,목상권18,CS100007,커피-음료,전통시장,목구18,11000018,목18동,발달상권형,38.63861097112722,29.107589247764203,0.21249755153455535,0.014050929432659842,7,825079310,34230,0.204411493315534,0.9982420718813136,0.5219437247418459
3000019,목상권19,CS100008,치킨전문점,관광특구,목구19,11000019,목19동,전통시장형,38.46767402046819,54.79832184131156,0.6408165959984586,3.9933621721558676,112,964754074,31825,0.6376786873775826,0.5003858154597178,0.5827615386104367
3000020,목상권20,CS100009,호프-간이주점,골목상권,목구20,11000020,목20동,관광특구형,46.16519887330153,36.4678168271829,0.5365591560317184,3.0872516911536882,57,708070644,35410,0.5322168148357727,0.613750351295171,0.564830229419532
3000021,목상권21,CS100010,반찬가게,발달상권,목구21,11000021,목21동,유입 집중형,1.3198684518900015,42.85113122172076,0.3317265585135451,7.188871892287453,71,506487401,2339,0.32501789168207873,0.10059187887515209,0.23524748655930808
3000022,목상권22,CS100000,한식음식점,전통시장,목구22,11000022,목22동,청년 밀집형,31.836159175359303,34.90850281516216,0.7903242860016451,5.120860516103343,21,753414637,36624,0.7889135628182853,0.35932318667798535,0.6170774123621653
3000023,목상권23,CS100001,중식음식점,관광특구,목구23,11000023,목23동,가족 주거형,29.46927394575196,28.312687778140642,0.07257368354374505,0.10243811082409682,185,323065611,25478,0.06287115685310518,0.9871838488474493,0.4325962336508429
3000024,목상권24,CS100002,일식음식점,골목상권,목구24,11000024,목24동,일반 주거·생활형,46.08148678293768,21.394999038345254,0.8244898777681644,7.980192822865428,148,873116797,23364,0.8234738520920833,0.0015887971619462649,0.4947198301200285
3000025,목상권25,CS100003,양식음식점,발달상권,목구0,11000025,목25동,발달상권형,39.080853128128915,55.7939330687611,0.48896619076244274,3.281890047237405,143,553043734,45134,0.48407403252003234,0.5893989202546629,0.5262039876138845
3000026,목상권26,CS100004,분식전문점,전통시장,목구1,11000026,목26동,전통시장형,18.24649908392306,52.18689072102983,0.5300516896945275,4.764603902629148,70,175717857,14391,0.5256341710873563,0.40389486581819756,0.47693844897969284
3000027,목상권27,CS100005,패스트푸드점,관광특구,목구2,11000027,목27동,관광특구형,14.574796236783037,48.40483423669058,0.08533323399777816,3.489643826079633,192,202751788,4756,0.07577811183016309,0.563406603423208,0.2708295084673811
3000028,목상권28,CS100006,제과점,골목상권,목구3,11000028,목28동,유입 집중형,22.436810372898645,50.151426863734486,0.33059745020652914,3.502584979571947,155,830235180,21251,0.32387573936759256,0.5617875206627825,0.4190404518856685
3000029,목상권29,CS100007,커피-음료,발달상권,목구4,11000029,목29동,청년 밀집형,11.388137205039236,57.69345199062628,0.40386996719193197,4.135472955925571,181,495040287,40029,0.3979947360511611,0.4826061700665353,0.43183930965731077
3000030,목상권30,CS100008,치킨전문점,전통시장,목구5,11000030,목30동,가족 주거형,49.884452315498535,20.01123673515018,0.7034958774013458,2.967316096708359,14,774985901,21036,0.7010820702769931,0.628755632968335,0.6721514953535299
3000031,목상권31,CS100009,호프-간이주점,관광특구,목구6,11000031,목31동,일반 주거·생활형,38.404441406529315,35.11428864535911,0.48971329626276167,3.6220221605443976,144,192895032,8855,0.4848297689458937,0.546844596078728,0.5096356997990275
3000032,목상권32,CS100010,반찬가게,골목상권,목구7,11000032,목32동,발달상권형,10.55341848257386,36.001323881627165,0.2978669626507685,2.274312184522805,26,333945017,40223,0.2907671333252985,0.715458158194814,0.4606435432731047
3000033,목상권33,CS100000,한식음식점,발달상권,목구8,11000033,목33동,전통시장형,18.865031322723095,29.210808392653448,0.2563466100843091,7.061553345295194,167,163794840,7979,0.24876711748324568,0.11652085032580561,0.19586861062026964
3000034,목상권34,CS100001,중식음식점,전통시장,목구9,11000034,목34동,관광특구형,46.37774431072381,43.96710675237298,0.5947655993450895,4.929916102536204,89,897404439,4999,0.591095687247997,0.38321246427520517,0.5079423980588802
3000035,목상권35,CS100002,일식음식점,관광특구,목구10,11000035,목35동,유입 집중형,6.411920949237855,25.733919506758088,0.5326168031477821,4.485209869969575,119,891901519,29196,0.5282289179768707,0.4388501781026515,0.49247742202718303
3000036,목상권36,CS100003,양식음식점,골목상권,목구11,11000036,목36동,청년 밀집형,37.05994991695763,48.05164691275976,0.5374417334886642,3.9372941291917236,88,402905531,9965,0.5331095882560904,0.5074005535066748,0.5228259743563242
3000037,목상권37,CS100004,분식전문점,발달상권,목구12,11000037,목37동,가족 주거형,47.865386864506966,50.502093746321755,0.18049136689635223,6.033607919883243,181,403233331,4218,0.17203555768983061,0.24512829771689582,0.2012726537006567
3000038,목상권38,CS100005,패스트푸드점,전통시장,목구13,11000038,목38동,일반 주거·생활형,38.210475312437886,55.197774481973646,0.2539210854342795,3.1014831989723053,154,823337871,9099,0.24631357199459716,0.6119698308046544,0.39257607551862006
3000039,목상권39,CS100006,제과점,관광특구,목구14,11000039,목39동,발달상권형,26.149212042955483,44.91799907359776,0.10243206342454665,6.927887219010425,100,146127939,5052,0.09307447523785162,0.13324397480223404,0.10914227506360458
3000040,목상권40,CS100007,커피-음료,골목상권,목구15,11000040,목40동,전통시장형,12.03223769015739,40.58951435107548,0.3888545024300681,3.5620401018748504,170,19826533,49682,0.38280580534869124,0.5543490211815117,0.45142309168181943
3000041,목상권41,CS100008,치킨전문점,발달상권,목구16,11000041,목41동,관광특구형,16.439195139845012,50.790958993772605,0.24810280119417735,0.5842670510847245,132,183985628,10548,0.24042807210952974,0.926901669896908,0.515017511224481
3000042,목상권42,CS100009,호프-간이주점,전통시장,목구17,11000042,목42동,유입 집중형,47.391900007760725,56.635482928406724,0.02188869329170179,1.9453176922852444,183,67199748,11072,0.011600628980474547,0.7566190416487621,0.30960799404778966
3000043,목상권43,CS100010,반찬가게,관광특구,목구18,11000043,목43동,청년 밀집형,39.60303327349496,41.15422474377267,0.5440361308386692,6.350205216670208,47,932814716,48574,0.5397801672865955,0.2055184418003002,0.40607547709207736
3000044,목상권44,CS100000,한식음식점,골목상권,목구19,11000044,목44동,가족 주거형,47.335946074330664,22.914969789416205,0.8259132451030572,2.376346058308367,152,353367208,30167,0.8249136628576318,0.7026925816081708,0.7760252303578474
3000045,목상권45,CS100001,중식음식점,발달상권,목구20,11000045,목45동,일반 주거·생활형,41.40094763448029,36.67004782125136,0.7645461978784017,1.888329018166873,29,216544651,21821,0.7628376737029156,0.7637489609298653,0.7632021885936955
3000046,목상권46,CS100002,일식음식점,전통시장,목구21,11000046,목46동,발달상권형,5.1105640763157005,47.37178894815449,0.03578725434512411,5.06060822554377,90,163969655,13445,0.025659752960482042,0.36686142080673545,0.1621404200989834
3000047,목상권47,CS100003,양식음식점,관광특구,목구22,11000047,목47동,전통시장형,43.29789561244453,55.000771335301735,0.17757052012554742,6.436895639283447,189,436534880,34792,0.16908096787873375,0.19467250223003985,0.1793175816192562
3000048,목상권48,CS100004,분식전문점,골목상권,목구23,11000048,목48동,관광특구형,3.1680689173714245,25.796060860755308,0.7157191082721892,0.6556400932547835,180,531734979,32724,0.7134465098465935,0.9179721056037945,0.7952567481494739
3000049,목상권49,CS100005,패스트푸드점,발달상권,목구24,11000049,목49동,유입 집중형,33.98210969645287,52.914963215366996,0.4759056639469182,1.4757405155916734,67,446459455,36766,0.47086262415639757,0.8153683882139976,0.6086649297794375
3000050,목상권50,CS100006,제과점,전통시장,목구0,11000050,목50동,청년 밀집형,12.072139464138639,28.23138273988285,0.6783376138266839,4.301918685578315,41,630473479,4754,0.6756331662243836,0.4617819512990766,0.5900926802542609
3000051,목상권51,CS100007,커피-음료,관광특구,목구1,11000051,목51동,가족 주거형,11.215956831431141,38.39726144225045,0.7675776883421767,6.281954974202241,34,805805148,36174,0.7659041854166535,0.2140573089917278,0.5451654348466832
3000052,목상권52,CS100008,치킨전문점,골목상권,목구2,11000052,목52동,일반 주거·생활형,9.56027750557201,35.513642271616845,0.3640268611776002,1.3469818189660518,92,680785394,4057,0.35769134312789574,0.8314775384597792,0.5472058212606492
3000053,목상권53,CS100009,호프-간이주점,발달상권,목구3,11000053,목53동,발달상권형,41.13265551395518,36.43384392041138,0.45166238776798334,7.094983873910521,65,4908639,23098,0.44633927787823874,0.11233831802023209,0.31273889393503607
3000054,목상권54,CS100010,반찬가게,전통시장,목구4,11000054,목54동,전통시장형,30.365276913623,49.273985569706824,0.7277721122895577,1.3162118567924521,171,526925906,41679,0.7256387560194436,0.8353272042043212,0.7695141352933946
3000055,목상권55,CS100000,한식음식점,관광특구,목구5,11000055,목55동,관광특구형,3.5651250580713474,58.4986665595579,0.5530874385188672,6.448022240099683,168,151788251,29536,0.548936040068531,0.1932804402647441,0.40667380014701626
3000056,목상권56,CS100001,중식음식점,골목상권,목구6,11000056,목56동,유입 집중형,31.638645900916828,34.630600331588646,0.7419430438335669,2.424514256660091,149,643763759,32915,0.7399733970462115,0.6966662023060202,0.7226505191501349
3000057,목상권57,CS100002,일식음식점,발달상권,목구7,11000057,목57동,청년 밀집형,36.593860680774675,27.9486662919355,0.4751308963899173,2.38696245695367,199,220206441,38040,0.4700789061083424,0.7013643516297052,0.5625930843168876
3000058,목상권58,CS100003,양식음식점,전통시장,목구8,11000058,목58동,가족 주거형,15.812415226480018,54.210465053428365,0.44805731236264523,4.909114334814091,149,452142133,37496,0.4426925548911534,0.3858149976216533,0.4199415319833534
3000059,목상권59,CS100004,분식전문점,관광특구,목구9,11000059,목59동,일반 주거·생활형,13.926613689634934,42.34333280201489,0.6663214326625718,4.313434084353041,18,41290063,14351,0.6634781683002724,0.460341246369129,0.582223399527815
3000060,목상권60,CS100005,패스트푸드점,골목상권,목구10,11000060,목60동,발달상권형,8.336050740722978,57.429464113902185,0.39348384156176425,5.946179779373111,59,161633327,3278,0.3874886248540954,0.25606653403099944,0.33491978852485704
3000061,목상권61,CS100006,제과점,발달상권,목구11,11000061,목61동,전통시장형,18.953168198377806,47.5521253106021,0.32331336904664454,0.4709845780974442,96,975469089,18572,0.316507508964918,0.9410745718087052,0.566334334102433
3000062,목상권62,CS100007,커피-음료,전통시장,목구12,11000062,목62동,관광특구형,45.61007338458415,47.98077979653297,0.08397955099346865,5.3282465716341925,171,561629752,38069,0.07440879042242426,0.33337687613757816,0.17799602470848583
3000063,목상권63,CS100008,치킨전문점,관광특구,목구13,11000063,목63동,유입 집중형,17.326253388163785,53.69244327885803,0.84488940649225,5.926256903048086,42,417929123,22262,0.8441090460782279,0.2585591082528488,0.6098890709480762
3000064,목상권64,CS100009,호프-간이주점,골목상권,목구14,11000064,목64동,청년 밀집형,31.647003964393807,20.426480319287087,0.6528881592616929,1.2093330394263804,22,120477099,1108,0.6498897072017192,0.8486989373156588,0.7294133992472951
3000065,목상권65,CS100010,반찬가게,발달상권,목구15,11000065,목65동,가족 주거형,46.836557934977016,46.456489275459425,0.0672077829247176,2.1143159861779353,43,345100830,1511,0.05744326674438562,0.7354754686013135,0.3286561474871568
3000066,목상권66,CS100000,한식음식점,전통시장,목구16,11000066,목66동,일반 주거·생활형,31.192048689999254,38.29294232878796,0.6828055235236826,7.805742621121579,121,784944439,16714,0.6801526913838688,0.02341446473972264,0.4174574007262103
3000067,목상권67,CS100001,중식음식점,관광특구,목구17,11000067,목67동,발달상권형,30.4763102023685,47.62740573633012,0.02241690974849376,0.7872212355450774,169,306649272,35035,0.012134947650283173,0.9015098358991778,0.36788490294984105
3000068,목상권68,CS100002,일식음식점,골목상권,목구18,11000068,목68동,전통시장형,48.83136905371313,34.28074122922537,0.2806959929013972,1.7364432018694833,114,935799257,21383,0.2733977961949683,0.782751572008261,0.47713930652028536
3000069,목상권69,CS100003,양식음식점,발달상권,목구19,11000069,목69동,관광특구형,16.044005989757082,24.516597998374124,0.7025099506802177,0.5044856067035006,149,834390316,1754,0.7000847536516055,0.9368832191673194,0.7948041398578911
3000070,목상권70,CS100004,분식전문점,전통시장,목구20,11000070,목70동,유입 집중형,5.285618468466855,20.31366615324815,0.10000034907478725,2.212088203870765,62,797742324,44325,0.09061466854305622,0.7232430727635659,0.34366603023126013
3000071,목상권71,CS100005,패스트푸드점,관광특구,목구21,11000071,목71동,청년 밀집형,3.722331711333527,56.573144027611896,0.20075753644059455,0.8386549941448989,96,883756884,6174,0.19253585186612568,0.8950748985574394,0.4735514705426512
3000072,목상권72,CS100006,제과점,골목상권,목구22,11000072,목72동,가족 주거형,26.23123295616075,25.60596566581196,0.5696355583015968,6.919006492636297,66,766751186,15901,0.565675331766942,0.13435505280474347,0.39314722018206255
3000073,목상권73,CS100007,커피-음료,발달상권,목구23,11000073,목73동,일반 주거·생활형,37.77115971545279,33.73025104725144,0.04488693018323299,5.265904375011407,10,563958344,8959,0.034864552672776696,0.3411765808438828,0.15738936394121916
3000074,목상권74,CS100008,치킨전문점,전통시장,목구24,11000074,목74동,발달상권형,13.619532784135535,33.36284595999666,0.5142108877381351,6.853294712980304,180,262626158,20813,0.5096103684942938,0.1425763299622309,0.36279675308146864
3000075,목상권75,CS100009,호프-간이주점,관광특구,목구0,11000075,목75동,전통시장형,46.250984133532086,58.36630099050158,0.4940644157000149,4.607288691714811,96,392934288,25805,0.4892311546278381,0.4235767547700121,0.4629693946847077
3000076,목상권76,CS100010,반찬가게,골목상권,목구1,11000076,목76동,관광특구형,2.5290833430654898,34.11103655679055,0.2506255115311525,3.947619487132066,82,710709950,24899,0.24297992602137383,0.5061087359692071,0.34823145000050715
3000077,목상권77,CS100000,한식음식점,발달상권,목구2,11000077,목77동,유입 집중형,1.4771442211042025,32.751753752819866,0.6297643561010616,1.3659158457105942,181,156730632,12208,0.6264987666378001,0.829108680358704,0.7075427321261617
3000078,목상권78,CS100001,중식음식점,전통시장,목구3,11000078,목78동,청년 밀집형,23.568185432186606,32.006311065664704,0.8693542991199967,2.0420498798674043,150,255053666,15536,0.8688565690260347,0.7445167651874295,0.8191206474905925
3000079,목상권79,CS100002,일식음식점,관광특구,목구4,11000079,목79동,가족 주거형,21.72972254767308,44.95743599608228,0.25617562745941247,0.8103932415051638,128,367390816,2387,0.2485941595840352,0.8986107592908418,0.5086007994667578
3000080,목상권80,CS100003,양식음식점,골목상권,목구5,11000080,목80동,일반 주거·생활형,16.299212167824184,39.736256244697636,0.4534772885660026,0.3395695839892996,93,929923821,27698,0.44817514529161273,0.9575160545210687,0.6519115089833951
3000081,목상권81,CS100004,분식전문점,발달상권,목구6,11000081,목81동,발달상권형,10.841208838290914,24.589071771806267,0.5990970581640276,3.649751969008128,119,145873517,45163,0.5954771851826159,0.5433752874996904,0.5746364261094458
3000082,목상권82,CS100005,패스트푸드점,전통시장,목구7,11000082,목82동,전통시장형,11.762983625178824,51.88220990022867,0.41343288499967895,7.405140242863865,90,320234991,44197,0.40766812932928254,0.07353429407392831,0.27401459522714083
3000083,목상권83,CS100006,제과점,관광특구,목구8,11000083,목83동,관광특구형,44.38860824666898,32.53914492063555,0.5755104806553488,7.48234969059688,144,775772428,21579,0.5716181240766522,0.06387453029469903,0.36852068656387094
3000084,목상권84,CS100007,커피-음료,골목상권,목구9,11000084,목84동,유입 집중형,2.3853499851692335,28.01321876298545,0.14741924904339807,5.602224179456352,178,699010997,15887,0.13858137467125037,0.2990992190623454,0.20278851242768836
3000085,목상권85,CS100008,치킨전문점,발달상권,목구10,11000085,목85동,청년 밀집형,15.70520668958842,50.63403622392101,0.36373391999978244,1.234950930120819,187,582210225,1179,0.3573950177513363,0.8454938532243167,0.5526345519405285
3000086,목상권86,CS100009,호프-간이주점,전통시장,목구11,11000086,목86동,가족 주거형,34.28919881303608,29.441200652485445,0.5358356895899284,1.3837238246775474,128,236942130,30653,0.5314849905583238,0.8268807034043669,0.649643275696741
3000087,목상권87,CS100010,반찬가게,관광특구,목구12,11000087,목87동,일반 주거·생활형,43.10897007530517,28.08117909254292,0.17906093873362888,5.009488907444227,143,625460563,34584,0.17058860452633964,0.3732570181318763,0.2516559699685543
3000088,목상권88,CS100000,한식음식점,골목상권,목구13,11000088,목88동,발달상권형,36.109728199756475,47.397284884185034,0.29826102014463995,5.300974104844719,34,399935215,16059,0.2911657431626979,0.3367889661679869,0.3094150323648135
3000089,목상권89,CS100001,중식음식점,발달상권,목구14,11000089,목89동,전통시장형,14.479446313547394,27.83431758670941,0.4572135060497542,7.1990245942500115,63,542670327,5047,0.4519545253740855,0.09932166252781638,0.31090138023557784
3000090,목상권90,CS100002,일식음식점,전통시장,목구15,11000090,목90동,관광특구형,8.538341908020588,37.47925377275379,0.5955781075723259,5.528371362729295,190,843123039,20334,0.5919175819648373,0.3083390308335806,0.47848616151233464
3000091,목상권91,CS100003,양식음식점,관광특구,목구16,11000091,목91동,유입 집중형,17.586768008451887,21.200985171157853,0.2503518937692402,2.5963471297125365,165,899852721,12119,0.24270314729420414,0.6751679917640587,0.41568908508214597
3000092,목상권92,CS100004,분식전문점,골목상권,목구17,11000092,목92동,청년 밀집형,28.25958593310037,55.251736844628645,0.02892142534236066,1.0110208997305818,184,450117693,9130,0.01871460656695564,0.8735099996954743,0.36063276381836307
3000093,목상권93,CS100005,패스트푸드점,발달상권,목구18,11000093,목93동,가족 주거형,42.039769076387515,47.028267099750764,0.0759840103456348,5.0679710905793165,68,593596801,48013,0.06632088140630304,0.36594024420115123,0.18616862652424232
3000094,목상권94,CS100006,제과점,전통시장,목구19,11000094,목94동,일반 주거·생활형,10.779151860811616,54.321568967235756,0.4817221475685737,6.633242925815796,105,844096062,48645,0.4767463026213996,0.17010726491408745,0.3540906875384748
3000095,목상권95,CS100007,커피-음료,관광특구,목구20,11000095,목95동,발달상권형,25.14793249689581,30.375041562411134,0.5566695811445818,3.7356603095660663,30,858502801,30896,0.5525595653453862,0.5326271951247151,0.5445866172571178
3000096,목상권96,CS100008,치킨전문점,골목상권,목구21,11000096,목96동,전통시장형,32.573905130977025,43.916259750957465,0.5178673211911605,7.434185652161639,36,643226799,24277,0.5133090428421734,0.06990038914486163,0.33594558136324865
3000097,목상권97,CS100009,호프-간이주점,발달상권,목구22,11000097,목97동,관광특구형,15.14965696011984,51.72427127751752,0.10244840453842458,1.0425574607997241,8,683728411,32634,0.09309100513221248,0.8695644238717672,0.4036803726280344
3000098,목상권98,CS100010,반찬가게,전통시장,목구23,11000098,목98동,유입 집중형,39.65144690361332,58.19162128771873,0.18498560836023814,5.2706346714897645,87,754857635,37218,0.17658171881356105,0.34058476795144166,0.2421829384687133
3000099,목상권99,CS100000,한식음식점,관광특구,목구24,11000099,목99동,청년 밀집형,22.729155068000747,52.696220082429065,0.5627895856800214,5.388408632365805,136,219182950,37347,0.5587502711451615,0.32584993076751656,0.4655901349941035
3000100,목상권100,CS100001,중식음식점,골목상권,목구0,11000100,목100동,가족 주거형,43.95830989266781,30.116110109436583,0.14109919074037025,6.3501481276786675,102,62176934,45342,0.13218830398561526,0.20552558427041068,0.1615232160995334
3000101,목상권101,CS100002,일식음식점,발달상권,목구1,11000101,목101동,일반 주거·생활형,42.506393471442856,53.254202023641085,0.4110523795116892,5.72087858550223,145,501612418,14139,0.4052601230858956,0.2842542283595064,0.3568577651953399
3000102,목상권102,CS100003,양식음식점,전통시장,목구2,11000102,목102동,발달상권형,36.78875677194459,50.87243431752117,0.07224793923480338,0.7123781194945691,37,481383677,40121,0.06254164938772155,0.9108735451702158,0.4018744077007193
3000103,목상권103,CS100004,분식전문점,관광특구,목구3,11000103,목103동,전통시장형,29.094999988473305,21.41697550485942,0.15166420338393072,4.3241711088979295,53,947593113,44967,0.14287536878572196,0.4589979247441116,0.2693243911690778
3000104,목상권104,CS100005,패스트푸드점,골목상권,목구4,11000104,목104동,관광특구형,17.96516531406219,39.26611512143992,0.4273635751609543,4.613461091956876,8,178545807,25179,0.4217597535881993,0.42280451859892365,0.422177659592489
3000105,목상권105,CS100006,제과점,발달상권,목구5,11000105,목105동,유입 집중형,43.56533570516466,58.772681496144656,0.6862033234835873,5.583596082953049,117,538017794,2515,0.6835897443789198,0.3014298018752263,0.5307257673774424
3000106,목상권106,CS100007,커피-음료,전통시장,목구6,11000106,목106동,청년 밀집형,46.70142896321187,39.231846389395734,0.30242053996369794,6.907928992313575,160,443548088,7085,0.29537331577461473,0.13574097175020527,0.23152037816485094
3000107,목상권107,CS100008,치킨전문점,관광특구,목구7,11000107,목107동,가족 주거형,2.728339676521768,53.78553207486738,0.807336691346825,2.761212481072823,84,881208509,1333,0.8061225037314261,0.6545414959623147,0.7454901006237815
3000108,목상권108,CS100009,호프-간이주점,골목상권,목구8,11000108,목108동,일반 주거·생활형,10.586003885740652,20.21716135595725,0.6507056804603915,3.3346016004538086,173,131976182,10839,0.6476820153454692,0.5828041165427201,0.6217308558243696
3000109,목상권109,CS100010,반찬가게,발달상권,목구9,11000109,목109동,발달상권형,23.991062657221452,32.94930944567848,0.7173050917830401,4.195874904008448,48,906433420,20058,0.7150508154091331,0.475049212111034,0.6190501740898935
3000110,목상권110,CS100000,한식음식점,전통시장,목구10,11000110,목110동,전통시장형,15.888722982006751,29.008911860085703,0.7727476655590517,6.414280440118493,19,499051824,14181,0.7711338887209365,0.19750191609282375,0.5416810996696914
3000111,목상권111,CS100001,중식음식점,관광특구,목구11,11000111,목111동,관광특구형,39.36455989587611,48.63233493470361,0.08470365369218777,5.812600256063039,36,40575829,13122,0.0751412583071513,0.2727788235085681,0.154196284387718
3000112,목상권112,CS100002,일식음식점,골목상권,목구12,11000112,목112동,유입 집중형,9.718970459545682,30.881405286186265,0.44888460391799667,7.453141793964363,102,914094536,12808,0.44352940372029426,0.06752876420314358,0.293129147913434
3000113,목상권113,CS100003,양식음식점,발달상권,목구13,11000113,목113동,청년 밀집형,45.44777446122011,26.619219985203138,0.8177494292490669,7.890506580920349,120,582606232,5964,0.8166555346384563,0.0128095471721269,0.49511713965192455
3000114,목상권114,CS100004,분식전문점,전통시장,목구14,11000114,목114동,가족 주거형,14.278976824393684,34.92660698190094,0.6545275348087145,1.3743100972017102,44,477886748,35786,0.6515480216111591,0.8280584657944448,0.7221521992844734
3000115,목상권115,CS100005,패스트푸드점,관광특구,목구15,11000115,목115동,일반 주거·생활형,19.640230843702494,58.43326496009201,0.3588557132102937,0.9999231843933254,130,703935389,20662,0.35246045554810385,0.8748984477649091,0.561435652434826
3000116,목상권116,CS100006,제과점,골목상권,목구16,11000116,목116동,발달상권형,37.6780200181078,49.893432109725836,0.4851781999482972,7.006022681034459,161,313009412,30760,0.48024228099651123,0.12346835629835551,0.3375327111172489
3000117,목상권117,CS100007,커피-음료,발달상권,목구17,11000117,목117동,전통시장형,47.80629735472186,47.970067752026374,0.303747551281833,3.301620810129398,102,843948924,3620,0.2967156573719084,0.5869303815677952,0.4128015470502632
3000118,목상권118,CS100008,치킨전문점,전통시장,목구18,11000118,목118동,관광특구형,19.92165706834446,32.043011208301586,0.5996268564962468,4.820067805679231,77,929049374,24408,0.596013104002445,0.3969557124183374,0.516390147368802
3000119,목상권119,CS100009,호프-간이주점,관광특구,목구19,11000119,목119동,유입 집중형,15.004927147016435,39.83015026378295,0.033483999594314307,5.2882563216725025,76,573735057,7358,0.023329889892304726,0.33838010280794684,0.1493499750585616
3000120,목상권120,CS100010,반찬가게,골목상권,목구20,11000120,목120동,청년 밀집형,43.07206198191425,33.30666651134767,0.016100215580679013,1.653611277099512,194,683114598,1299,0.005745279963984791,0.7931147704269783,0.32069307614918224
3000121,목상권121,CS100000,한식음식점,발달상권,목구21,11000121,목121동,가족 주거형,43.30172375554898,56.04573487860665,0.07600152690331836,5.445988611179054,48,104671785,44247,0.0663386003237672,0.31864603266851255,0.16726157326166535
3000122,목상권122,CS100001,중식음식점,전통시장,목구22,11000122,목122동,일반 주거·생활형,33.2573165609366,56.70889899968584,0.446079787287217,6.8189965322485655,59,203409633,30978,0.4406921844857456,0.14686741523292945,0.3231622767846192
3000123,목상권123,CS100002,일식음식점,관광특구,목구23,11000123,목123동,발달상권형,40.660457555442505,52.09439514249964,0.11079663389810004,4.683900057567146,197,898052472,14861,0.10153567729144408,0.4139918177102794,0.22651813345897823
3000124,목상권124,CS100003,양식음식점,골목상권,목구24,11000124,목124동,전통시장형,24.085036707163287,58.37361876875378,0.47396280815665326,7.856903348279573,150,272017214,16368,0.4688973235525711,0.017013686679131612,0.2881438688031953
3000125,목상권125,CS100004,분식전문점,발달상권,목구0,11000125,목125동,관광특구형,2.984943294276638,41.48186457043809,0.291531687128681,5.277252684843726,199,856766948,45796,0.2843586696238995,0.3397567806057983,0.306517914016659
3000126,목상권126,CS100005,패스트푸드점,전통시장,목구1,11000126,목126동,유입 집중형,1.1785508419296742,31.045207594488474,0.1703307241460474,4.173917753786607,55,868622751,23495,0.161757534260353,0.4777962967054151,0.28817303923837784
3000127,목상권127,CS100006,제과점,관광특구,목구2,11000127,목127동,청년 밀집형,15.281002049655305,53.697238457214446,0.2451134285002522,3.68651670833542,79,55813271,7099,0.2374041647305717,0.5387756082151729,0.3579527421244122
3000128,목상권128,CS100007,커피-음료,골목상권,목구3,11000128,목128동,가족 주거형,35.561176095757645,32.762200996932194,0.7052325322614352,4.01943794048247,113,623828775,8000,0.7028387878173652,0.4971234457654301,0.6205526509965912
3000129,목상권129,CS100008,치킨전문점,발달상권,목구4,11000129,목129동,일반 주거·생활형,44.348148391068605,49.268416266447275,0.5375126053146785,0.16984050023771236,197,695597794,31321,0.533181278827855,0.9787510575374714,0.7114091903117016
3000130,목상권130,CS100009,호프-간이주점,전통시장,목구5,11000130,목130동,발달상권형,2.9334650546115304,28.80030237320703,0.26650998871427706,1.7116894142807952,125,771955006,19026,0.2590479083985969,0.7858485471553284,0.4697681639012895
3000131,목상권131,CS100010,반찬가게,관광특구,목구6,11000131,목131동,전통시장형,11.56346659832436,23.13663707193204,0.08170359602565051,3.868188840084744,169,193991576,28496,0.0721065425175888,0.5160463965772933,0.24968248414147062
3000132,목상권132,CS100000,한식음식점,골목상권,목구7,11000132,목132동,관광특구형,21.070093384432955,36.23561567036842,0.025748839966909264,5.806236165247825,93,234511888,35784,0.015505369944604237,0.2735750423101466,0.1187332388908212
3000133,목상권133,CS100001,중식음식점,발달상권,목구8,11000133,목133동,유입 집중형,10.272750826399877,57.45240782413046,0.3472741164952607,7.799522173831433,158,136308538,5628,0.34074506260366644,0.024192712132862004,0.21412412241534468
3000134,목상권134,CS100002,일식음식점,전통시장,목구9,11000134,목134동,청년 밀집형,39.92946751351014,39.342392379608626,0.3729840248275257,6.505256126778921,41,640414648,39158,0.36675198428200356,0.1861198421550363,0.29449912743121665
3000135,목상권135,CS100003,양식음식점,관광특구,목구10,11000135,목135동,가족 주거형,40.52173280096267,26.5101146133841,0.6153074704266488,3.181842424064719,6,525380423,11502,0.6118748679996517,0.601915994717666,0.6078913186868574
3000136,목상권136,CS100004,분식전문점,골목상권,목구11,11000136,목136동,일반 주거·생활형,44.60451239469245,22.388188934205537,0.5372603459644437,7.637039750560771,121,484431370,44843,0.5329261052551064,0.04452107703062336,0.3375640939653132
3000137,목상권137,CS100005,패스트푸드점,발달상권,목구12,11000137,목137동,발달상권형,8.610555030903548,40.60148720885462,0.6031511889726416,2.485353135170323,102,934433298,7493,0.5995781512790622,0.6890545794767227,0.6353687225581264
3000138,목상권138,CS100006,제과점,전통시장,목구13,11000138,목138동,전통시장형,21.286890063220103,43.17361106593788,0.3689807213138372,4.045747127880586,23,690870857,20373,0.3627024326620762,0.49383187273970297,0.4151542086931269
3000139,목상권139,CS100007,커피-음료,관광특구,목구14,11000139,목139동,관광특구형,40.531731479901666,45.14659759447602,0.018798488534111975,4.527555475984507,150,119935776,5812,0.008474724676887209,0.43355227009783026,0.17850574284526446
3000140,목상권140,CS100008,치킨전문점,골목상권,목구15,11000140,목140동,유입 집중형,19.481373200205642,25.495007288160654,0.878085996458571,5.1717362736075545,197,287809850,2718,0.8776891391724736,0.3529580615021204,0.6677967081043323
3000141,목상권141,CS100009,호프-간이주점,발달상권,목구16,11000141,목141동,청년 밀집형,7.446060057768735,36.442452142820436,0.26640447887590063,6.91633726219672,170,15867808,34435,0.25894117965933083,0.13468900332861977,0.20924030912704641
3000142,목상권142,CS100010,반찬가게,전통시장,목구17,11000142,목142동,가족 주거형,43.62928205931744,35.21249132535189,0.013953491934035951,1.996788269073929,89,277584058,30354,0.0035737563233027964,0.7501794979406057,0.30221605297022397
3000143,목상권143,CS100000,한식음식점,관광특구,목구18,11000143,목143동,일반 주거·생활형,35.018733422003606,27.632780818262653,0.43455875255926335,6.564144652493051,153,287608039,11348,0.42903805316987187,0.17875223023178288,0.32892372399463626
3000144,목상권144,CS100001,중식음식점,골목상권,목구19,11000144,목144동,발달상권형,25.294595103677988,47.109328328867505,0.4463637385263062,7.767447526386353,144,824869046,47836,0.4409794160674386,0.02820560856870913,0.2758698930679468
3000145,목상권145,CS100002,일식음식점,발달상권,목구20,11000145,목145동,전통시장형,12.79719475190443,47.51510942076982,0.24798716417687422,4.70222863710577,141,475794129,25576,0.24031109919724808,0.41169870781310536,0.308866142643591
3000146,목상권146,CS100003,양식음식점,전통시장,목구21,11000146,목146동,관광특구형,27.082890372567356,27.065592136670368,0.8085046323403012,5.3744290079298676,30,712575700,19296,0.8073039373464242,0.3275989378351549,0.6154219375419165
3000147,목상권147,CS100004,분식전문점,관광특구,목구22,11000147,목147동,유입 집중형,19.570661144894142,24.542400934347786,0.4958069039042887,0.19450806631883122,32,760882092,42517,0.4909937729020194,0.9756648696634679,0.6848622116065988
3000148,목상권148,CS100005,패스트푸드점,골목상권,목구23,11000148,목148동,청년 밀집형,32.440973962278804,25.309914160007636,0.8166428018662569,1.6396276911248675,167,17096093,26484,0.8155361229587296,0.7948642731273305,0.80726738302617
3000149,목상권149,CS100006,제과점,발달상권,목구24,11000149,목149동,가족 주거형,44.73486883926273,50.22543833948755,0.019248291156865428,4.466791426042676,73,53080082,13272,0.008929723637967872,0.4411545310379301,0.18181964659795277
3000150,목상권150,CS100007,커피-음료,전통시장,목구0,11000150,목150동,일반 주거·생활형,39.96316156187466,49.78142696186848,0.6979302508689742,7.916549784223594,162,705475833,5469,0.6954521469241893,0.009551251725775423,0.42109178884482373
3000151,목상권151,CS100008,치킨전문점,관광특구,목구1,11000151,목151동,발달상권형,43.78423598817339,28.62400755302227,0.4569402874222028,3.6795545269570535,195,17818963,23204,0.45167815039227055,0.5396466548225224,0.48686555216437133
3000152,목상권152,CS100009,호프-간이주점,골목상권,목구2,11000152,목152동,전통시장형,27.07657998378495,48.099596736190335,0.19609734173529364,7.556318393880445,178,746617752,11604,0.1878218203285467,0.0546202198216349,0.13454118012578198
3000153,목상권153,CS100010,반찬가게,발달상권,목구3,11000153,목153동,관광특구형,11.215360875251037,34.00724522896765,0.08876959262025631,1.3199952542171145,14,45685303,33587,0.07925416893618213,0.8348538589534711,0.38149404494309774
3000154,목상권154,CS100000,한식음식점,전통시장,목구4,11000154,목154동,유입 집중형,5.036676274763207,49.78950429385252,0.4462596978925709,7.365138772505118,136,870286884,16774,0.4408741735057792,0.07853892454121914,0.29594007391995514
3000155,목상권155,CS100001,중식음식점,관광특구,목구5,11000155,목155동,청년 밀집형,20.407633240146872,56.81836443109377,0.42884945303378275,7.962338572228947,195,353111064,42484,0.42326279704377345,0.0038225632186592584,0.25548670351372776
3000156,목상권156,CS100002,일식음식점,골목상권,목구6,11000156,목156동,가족 주거형,33.334879506686505,39.44143351869208,0.19059618671683398,5.571453483080445,23,87803926,15168,0.18225711329589162,0.3029489766637917,0.23053385864305165
3000157,목상권157,CS100003,양식음식점,발달상권,목구7,11000157,목157동,일반 주거·생활형,24.856817339596514,30.925421383478195,0.4528094518942037,4.974036784279915,106,945024957,9454,0.44749959344627227,0.3776924744820317,0.41957674586057603
3000158,목상권158,CS100004,분식전문점,전통시장,목구8,11000158,목158동,발달상권형,36.70207494779748,39.16034875325492,0.5542455661335952,2.100781412621396,14,422197172,44016,0.5501075469358641,0.7371687948359587,0.6249320460959019
3000159,목상권159,CS100005,패스트푸드점,관광특구,목구9,11000159,목159동,전통시장형,32.32424492058166,33.38711249718092,0.7442028614158593,0.6458666939921631,70,233422252,28344,0.742259321138607,0.9191948669493162,0.8130335394628907
3000160,목상권160,CS100006,제과점,골목상권,목구10,11000160,목160동,관광특구형,39.85573005939027,53.387976738655134,0.7249690777254489,7.9142872921287095,5,808464766,14228,0.7228033394388654,0.009834314742422468,0.43761572956028827
3000161,목상권161,CS100007,커피-음료,발달상권,목구11,11000161,목161동,유입 집중형,21.0398465269385,44.017418867963535,0.5809529073172922,7.401977122667094,48,177247792,26487,0.5771234242942974,0.07393003571958523,0.3758460688644125
3000162,목상권162,CS100008,치킨전문점,전통시장,목구12,11000162,목162동,청년 밀집형,29.32210574154257,30.690374883368655,0.6353113072619407,1.1408227687030026,35,23002619,20763,0.6321097988721509,0.8572703369444622,0.7221740141010755
3000163,목상권163,CS100009,호프-간이주점,관광특구,목구13,11000163,목163동,가족 주거형,8.294559295394365,20.849533780326123,0.19477535115695008,3.8794579883472133,62,783194288,31921,0.18648455747306875,0.5146365003352559,0.31774533461794363
3000164,목상권164,CS100010,반찬가게,골목상권,목구14,11000164,목164동,일반 주거·생활형,30.6046630724185,25.92906073874612,0.3781802688461001,1.2395420564611888,193,181431891,35612,0.37200825783483454,0.8449194520696559,0.5611727355287631
3000165,목상권165,CS100000,한식음식점,발달상권,목구15,11000165,목165동,발달상권형,20.581151134360013,57.66457676544924,0.35536037159454115,3.4095032015150935,49,638988444,45724,0.34892473404862934,0.5734330901439819,0.43872807648677037
3000166,목상권166,CS100001,중식음식점,전통시장,목구16,11000166,목166동,전통시장형,29.752414037288098,57.577388663055764,0.3248406704499037,7.3172583111667135,185,909029424,30407,0.3180524544956623,0.08452930473107423,0.22464319458982707
3000167,목상권167,CS100002,일식음식점,관광특구,목구17,11000167,목167동,관광특구형,17.674134052210498,54.427629886657066,0.6008657626359194,6.239722938640862,51,863969065,45427,0.5972663225874697,0.21934100806505363,0.44609619677850326
3000168,목상권168,CS100003,양식음식점,골목상권,목구18,11000168,목168동,유입 집중형,28.673113136594228,46.23749999816715,0.7807853539280664,0.15471713802752785,60,329138630,23878,0.7792644323691809,0.9806431589678982,0.8598159230086677
3000169,목상권169,CS100004,분식전문점,발달상권,목구19,11000169,목169동,청년 밀집형,49.31509334630075,24.79538900854823,0.5430733700460941,0.7797079166576681,158,503698246,46566,0.5388062842138173,0.902449835961105,0.6842637049127323
3000170,목상권170,CS100005,패스트푸드점,전통시장,목구20,11000170,목170동,가족 주거형,44.97237834210698,40.84349277897002,0.7848033678381111,4.784480859377732,124,498553033,42856,0.7833288643271068,0.40140803664794855,0.6305605332554435
3000171,목상권171,CS100006,제과점,관광특구,목구21,11000171,목171동,일반 주거·생활형,4.415368871031159,45.58459664051959,0.893558059263879,7.208352189483664,55,184624899,5119,0.8933399427607146,0.09815467624270635,0.5752658361535112
3000172,목상권172,CS100007,커피-음료,골목상권,목구22,11000172,목172동,발달상권형,30.956664537822533,41.04850608921817,0.6550385148244763,3.333900519728185,115,520734843,7362,0.6520649047162006,0.582891829567467,0.6243956746567072
3000173,목상권173,CS100008,치킨전문점,발달상권,목구23,11000173,목173동,전통시장형,21.585097482571225,25.83877611606885,0.4008478553523142,1.0312951052318011,90,853461360,44671,0.39493771130800087,0.8709734702718921,0.5853520148935574
3000174,목상권174,CS100009,호프-간이주점,전통시장,목구24,11000174,목174동,관광특구형,5.5732213088468345,30.07301465142214,0.7862648125822761,1.4066104988625376,46,857592586,46401,0.7848071923906502,0.8240173249861755,0.8004912454288604
3000175,목상권175,CS100010,반찬가게,관광특구,목구0,11000175,목175동,유입 집중형,15.879487561394438,27.667408600054927,0.7275579377397721,2.9538225221287995,68,313037811,43748,0.7254221072212533,0.6304438297732997,0.6874307962420718
3000176,목상권176,CS100000,한식음식점,골목상권,목구1,11000176,목176동,청년 밀집형,29.286850324007425,29.49627012680951,0.49884920095617546,4.773681509213759,6,140979141,2930,0.49407121604682286,0.4027591559036371,0.45754639198954855
3000177,목상권177,CS100001,중식음식점,발달상권,목구2,11000177,목177동,가족 주거형,48.810862849763645,45.537816226909015,0.6375823315267048,5.907332474599748,151,238305233,18116,0.6344070591120563,0.26092676549992555,0.485014941667204
3000178,목상권178,CS100002,일식음식점,전통시장,목구3,11000178,목178동,일반 주거·생활형,23.458160382328145,36.889071423949645,0.16506029103851283,4.2766072574343434,67,445879068,21820,0.15642621455017916,0.46494869350439805,0.27983520613186674
3000179,목상권179,CS100003,양식음식점,관광특구,목구4,11000179,목179동,발달상권형,49.01784270716284,34.1968130696943,0.8342489522559106,2.9407976648536476,40,713344076,6034,0.8333456681474272,0.6320733848113205,0.7528367548129845
3000180,목상권180,CS100004,분식전문점,골목상권,목구5,11000180,목180동,전통시장형,21.34213090128053,41.39270195695673,0.7544087675413834,2.754351894885672,112,451287012,39264,0.7525831308477949,0.6553998318771639,0.7137098112595426
3000181,목상권181,CS100005,패스트푸드점,발달상권,목구6,11000181,목181동,관광특구형,18.74528812104144,44.99018134286523,0.45615946251576067,0.40934495798495885,64,300259973,20451,0.45088830501733196,0.948786376350903,0.6500475335507604
3000182,목상권182,CS100006,제과점,전통시장,목구7,11000182,목182동,유입 집중형,36.6807590305618,28.532725041201388,0.016630458765625137,2.1098616721284085,23,119605395,11895,0.006281648775695409,0.736032753011192,0.298182090469894
3000183,목상권183,CS100007,커피-음료,관광특구,목구8,11000183,목183동,청년 밀집형,17.807775537166687,45.781386778022636,0.7846523070206296,7.176046441311622,162,426632253,31525,0.7831760583817049,0.10219648595921016,0.510784229412707
3000184,목상권184,CS100008,치킨전문점,골목상권,목구9,11000184,목184동,가족 주거형,29.678196935174903,49.4902676570393,0.8646356248437844,5.262371587279123,63,316309160,31997,0.8640833823331427,0.34161857202472923,0.6550974582097773
3000185,목상권185,CS100009,호프-간이주점,발달상권,목구10,11000185,목185동,일반 주거·생활형,3.4248604741731263,28.033372091519286,0.6771198125689727,4.713825432896208,80,634908420,20678,0.6744012963351655,0.4102478192078798,0.5687399054842512
3000186,목상권186,CS100010,반찬가게,전통시장,목구11,11000186,목186동,발달상권형,42.77609298752829,39.279927973100115,0.6664960235797684,1.402496702525693,130,404105422,40664,0.6636547761765278,0.8245320068290919,0.7280056684375534
3000187,목상권187,CS100000,한식음식점,관광특구,목구12,11000187,목187동,전통시장형,17.253842342011882,30.85764033759031,0.26186495509895674,4.858543971090437,53,724683460,22638,0.2543492130992724,0.3921419146265437,0.30946629371018086
3000188,목상권188,CS100001,중식음식점,골목상권,목구13,11000188,목188동,관광특구형,11.947193471891069,21.376445698577587,0.24787456774419947,4.6760336471482296,152,5148835,38393,0.240197201995905,0.41497599346426184,0.31010871858324773
3000189,목상권189,CS100002,일식음식점,발달상권,목구14,11000189,목189동,유입 집중형,10.308247988743354,28.344120975521953,0.8754341802551019,0.8687872027078551,58,847452646,33562,0.8750066879004705,0.891305022908657,0.8815260219037451
3000190,목상권190,CS100003,양식음식점,전통시장,목구15,11000190,목190동,청년 밀집형,48.6712295835425,54.30289121673026,0.28865913968428875,0.9308497435887659,186,741652434,3710,0.2814529371164886,0.883540306257381,0.5222878847728456
3000191,목상권191,CS100004,분식전문점,관광특구,목구16,11000191,목191동,가족 주거형,48.23484320091574,42.25017175607641,0.14799394820058973,0.8491483314304205,12,272383838,20562,0.13916271303218622,0.8937620649287826,0.4410024537908248
3000192,목상권192,CS100005,패스트푸드점,골목상권,목구17,11000192,목192동,일반 주거·생활형,45.74351439738137,30.977449012967988,0.21580313690337735,7.906851682039187,43,416215925,33831,0.2077552664117657,0.01076459256629203,0.12895899687357623
3000193,목상권193,CS100006,제과점,발달상권,목구18,11000193,목193동,발달상권형,13.169415408052021,44.448372261670556,0.6622694638196047,5.316486089382439,143,810350854,1010,0.6593793891455502,0.3348482437463013,0.5295669309858506
3000194,목상권194,CS100007,커피-음료,전통시장,목구19,11000194,목194동,전통시장형,35.272691617677516,36.856747108168584,0.6788352980217942,4.485132017014855,74,494770668,30919,0.6761365999089969,0.438859918376338,0.5812259272959334
3000195,목상권195,CS100008,치킨전문점,관광특구,목구20,11000195,목195동,관광특구형,40.19360214858729,31.18278125530157,0.1693828648406541,4.395911533526746,53,237531952,9413,0.16079872482397276,0.45002239680441825,0.27648819361615096
3000196,목상권196,CS100009,호프-간이주점,골목상권,목구21,11000196,목196동,유입 집중형,24.799106277179433,34.16819628841428,0.15398525395688256,3.1757958884847692,54,849001743,9942,0.14522323326202055,0.6026724838145314,0.3282029334830249
3000197,목상권197,CS100010,반찬가게,발달상권,목구22,11000197,목197동,청년 밀집형,24.087236837090565,23.216729976905057,0.1128263168178824,4.800937274687495,10,464292329,34906,0.10358880809395239,0.3993491553942593,0.2218929470140752
3000198,목상권198,CS100000,한식음식점,전통시장,목구23,11000198,목198동,가족 주거형,35.5890034291784,37.19471634807889,0.5255585955085731,1.0620645812064184,175,285560278,6570,0.5210891704954692,0.8671238653562701,0.6595030484397896
3000199,목상권199,CS100001,중식음식점,관광특구,목구24,11000199,목199동,일반 주거·생활형,4.118599153458552,39.912174526627595,0.7747111877860474,1.0856049085537345,77,46619417,44070,0.7731200945102066,0.8641787076309212,0.8095435397584925
3000200,목상권200,CS100002,일식음식점,골목상권,목구0,11000200,목200동,발달상권형,1.2359496728845194,47.4394405022716,0.5280503542887434,2.5941078986486916,106,842624451,22373,0.5236097152830939,0.6754481445660663,0.5843450869962828
3000201,목상권201,CS100003,양식음식점,발달상권,목구1,11000201,목201동,전통시장형,24.486971711602042,29.19197987213909,0.6239484746555304,5.8577698248910925,6,804776068,18764,0.6206156973055532,0.26712760623270526,0.479220460876414
3000202,목상권202,CS100004,분식전문점,전통시장,목구2,11000202,목202동,관광특구형,26.56876260567858,37.489963056548895,0.09479128913583464,7.620783538922277,24,507979683,25282,0.08534543101411131,0.04655491057021821,0.06982922283655407
3000203,목상권203,CS100005,패스트푸드점,관광특구,목구3,11000203,목203동,유입 집중형,18.072156672550335,31.61919959943023,0.11286169726932835,3.5207295014714255,193,111598765,4643,0.10362459727755459,0.5595174384308503,0.2859817337388729
3000204,목상권204,CS100006,제과점,골목상권,목구4,11000204,목204동,청년 밀집형,29.55844193210548,50.85062842252576,0.7392122394571543,0.4486721444934636,110,135041112,9657,0.7372110450915335,0.9438661063201227,0.8198730695829691
3000205,목상권205,CS100007,커피-음료,발달상권,목구5,11000205,목205동,가족 주거형,27.288644163245497,33.97500512842157,0.1651464012548423,6.145943651364355,139,277821059,30887,0.15651331955354378,0.23107384373573525,0.18633752922642038
3000206,목상권206,CS100008,치킨전문점,전통시장,목구6,11000206,목206동,일반 주거·생활형,47.27476218174363,35.44960576922418,0.4343992695395273,6.450613951151252,29,48823258,38895,0.4288767277248451,0.1929561882816353,0.33450851194756115
3000207,목상권207,CS100009,호프-간이주점,관광특구,목구7,11000207,목207동,발달상권형,3.7967764820974925,36.46013287430183,0.39441596208452684,1.6617138158938207,147,316195052,32952,0.38843151368578505,0.7921010523773983,0.5498993291624303
3000208,목상권208,CS100010,반찬가게,골목상권,목구8,11000208,목208동,전통시장형,44.099402754297735,39.51152216255268,0.8689167414160477,7.295514411149251,67,276889478,45680,0.8684139564430067,0.08724970934443421,0.5559482576035776
3000209,목상권209,CS100000,한식음식점,발달상권,목구9,11000209,목209동,관광특구형,37.9746283429292,46.052430078779835,0.47806265846682316,1.886598673052946,41,913753149,12768,0.473044537324457,0.7639654464189841,0.589412900962268
3000210,목상권210,CS100001,중식음식점,전통시장,목구10,11000210,목210동,유입 집중형,33.55066535791388,52.4671453676857,0.34494823903462485,4.811308045119072,57,530769865,15803,0.33839231547713333,0.39805165624721106,0.3622560517851644
3000211,목상권211,CS100002,일식음식점,관광특구,목구11,11000211,목211동,청년 밀집형,17.259342687925816,57.30114289766641,0.5943033797974512,4.1151229820011395,136,16869539,39308,0.5906281279156853,0.48515217896564344,0.5484377483356686
3000212,목상권212,CS100003,양식음식점,골목상권,목구12,11000212,목212동,가족 주거형,9.511016553772278,20.850511503699202,0.8981984684337705,3.6059058677549993,151,463362205,16483,0.898033960190771,0.5488609242084255,0.7583647457978328
3000213,목상권213,CS100004,분식전문점,발달상권,목구13,11000213,목213동,일반 주거·생활형,14.96530368089569,33.14417051388524,0.6964371793647065,3.9023301394396883,135,663227631,32759,0.6939418267328521,0.5117749389180555,0.6210750716069334
3000214,목상권214,CS100005,패스트푸드점,전통시장,목구14,11000214,목214동,발달상권형,48.77245636230852,47.56884347155268,0.8739819943300658,3.6587416855637755,80,672288112,27072,0.8735377256184308,0.5422505736088455,0.7410228648145967
3000215,목상권215,CS100006,제과점,관광특구,목구15,11000215,목215동,전통시장형,25.42031272738449,50.42672440350825,0.24408275856066722,2.788529545674203,40,412663242,4756,0.2363615879913398,0.6511238262478032,0.40226648329392517
3000216,목상권216,CS100007,커피-음료,골목상권,목구16,11000216,목216동,관광특구형,21.98078911599369,51.338455908065455,0.06172640860095963,4.364646503119363,121,357512789,12138,0.05189856892262318,0.4539340011113171,0.21271274179810076
3000217,목상권217,CS100008,치킨전문점,발달상권,목구17,11000217,목217동,유입 집중형,38.904582799045265,53.01288600585507,0.3127577700016461,1.0105291653426844,113,776222394,32810,0.30582996651383537,0.8735715211564961,0.5329265883708997
3000218,목상권218,CS100009,호프-간이주점,전통시장,목구18,11000218,목218동,청년 밀집형,47.454272868746614,39.509817539375206,0.14279702173371087,7.508461021834812,43,192896026,28113,0.1339057491470766,0.06060771128322484,0.10458653400153589
3000219,목상권219,CS100010,반찬가게,관광특구,목구19,11000219,목219동,가족 주거형,16.849213618161727,33.641709184187754,0.10273704134311847,5.698836037183022,174,397155051,3424,0.09338297640943945,0.2870119972091435,0.1708345847293211
3000220,목상권220,CS100000,한식음식점,골목상권,목구20,11000220,목220동,일반 주거·생활형,1.1750172208836627,32.71862900903372,0.14072477057659874,7.961320644422866,156,928307968,12144,0.13180955833828928,0.003949917350048016,0.08066570194299277
3000221,목상권221,CS100001,중식음식점,발달상권,목구21,11000221,목221동,발달상권형,30.583178582882514,52.4244887332089,0.06108278060616649,1.71860547431797,78,133576786,41799,0.05124750542468126,0.7849832708426019,0.3447418115918495
3000222,목상권222,CS100002,일식음식점,전통시장,목구22,11000222,목222동,전통시장형,10.90817537109567,34.35025533349845,0.6359192182579776,1.8734930211995557,173,575764550,14259,0.6327247327512223,0.7656051097606303,0.6858768835549856
3000223,목상권223,CS100003,양식음식점,관광특구,목구23,11000223,목223동,관광특구형,9.065484406850178,55.256898089744624,0.04763247603982438,5.1222178891917896,188,598197193,30361,0.03764181640837107,0.3591533641526382,0.16624643550607793
3000224,목상권224,CS100004,분식전문점,골목상권,목구24,11000224,목224동,유입 집중형,19.381027434402238,52.779131274307865,0.27289505088264765,7.605092042926564,27,212632592,26306,0.2655067339057938,0.048518091879135916,0.17871127709513066
3000225,목상권225,CS100005,패스트푸드점,발달상권,목구0,11000225,목225동,청년 밀집형,21.68614438603924,34.18530765304366,0.10077379958222671,4.697166592022839,38,95837984,37892,0.09139705432635381,0.41233202615919695,0.21977104305949108
3000226,목상권226,CS100006,제과점,전통시장,목구1,11000226,목226동,가족 주거형,26.25051005341241,58.828414934828174,0.2723981400407838,0.8368007405500855,168,741646429,366,0.2650040825085793,0.8953068863806734,0.517125204057417
3000227,목상권227,CS100007,커피-음료,관광특구,목구2,11000227,목227동,일반 주거·생활형,17.124376190740467,37.16743573200177,0.18289013004704663,3.071467650593015,78,303035514,20958,0.17446203251730794,0.6157251109622146,0.3509672638952706
3000228,목상권228,CS100008,치킨전문점,골목상권,목구3,11000228,목228동,발달상권형,29.023929831067928,57.9523414838894,0.029603439877876628,2.5688330230292165,22,991843364,13924,0.01940450006557974,0.6786103136425474,0.2830868254963668
3000229,목상권229,CS100009,호프-간이주점,발달상권,목구4,11000229,목229동,전통시장형,23.862451913967437,43.807057717078024,0.696078682243582,2.711447803913929,82,260067635,628,0.6935791880788943,0.6607676125842961,0.680454557881055
3000230,목상권230,CS100010,반찬가게,전통시장,목구5,11000230,목230동,관광특구형,4.707388285015112,55.027381518610454,0.30965985179354866,7.845549152684286,185,308033895,30997,0.30269625965021435,0.018434223291864615,0.18899144510687443
3000231,목상권231,CS100000,한식음식점,관광특구,목구6,11000231,목231동,유입 집중형,30.23706606994253,46.846847526312104,0.5814021088871119,4.5862440179070445,132,509490655,44004,0.5775778152587889,0.42620967837926926,0.5170305605069812
3000232,목상권232,CS100001,중식음식점,골목상권,목구7,11000232,목232동,청년 밀집형,36.30002335624231,34.05212472737972,0.4234171365307043,7.953614359651174,179,388599883,37993,0.417767723782458,0.0049140595981240764,0.25262625810872447
3000233,목상권233,CS100002,일식음식점,발달상권,목구8,11000233,목233동,가족 주거형,33.88618852747225,22.46430582998545,0.5366460471735949,6.21857417312858,22,809220305,6915,0.5323047097863153,0.22198695470849272,0.4081776077551863
3000234,목상권234,CS100003,양식음식점,전통시장,목구9,11000234,목234동,일반 주거·생활형,18.70455268652109,59.7333044564136,0.7827458325853955,4.361397975960401,73,180883634,39727,0.7812475594279898,0.4543404281213185,0.6504847069053212
3000235,목상권235,CS100004,분식전문점,관광특구,목구10,11000235,목235동,발달상권형,15.570388876521296,41.69104331821761,0.6510262806009287,6.992572232584113,141,978624752,37676,0.648006319214517,0.12515115754315032,0.43886425454597033
3000236,목상권236,CS100005,패스트푸드점,골목상권,목구11,11000236,목236동,전통시장형,20.004404009965693,38.83259453387966,0.1730295663357476,4.746283285482757,42,464604058,46527,0.1644875547856164,0.4061869795312214,0.26116732468385845
3000237,목상권237,CS100006,제과점,발달상권,목구12,11000237,목237동,관광특구형,45.66007414701381,43.97011305939181,0.7405424365149369,7.295576685935112,49,953670405,30448,0.7385566092316861,0.08724191807356674,0.4780307327684383
3000238,목상권238,CS100007,커피-음료,전통시장,목구13,11000238,목238동,유입 집중형,18.193517177757542,42.955810138034856,0.04238939443133019,6.914544816287092,131,187788709,5752,0.03233816417503674,0.13491325832049483,0.07336820183321997
3000239,목상권239,CS100008,치킨전문점,관광특구,목구14,11000239,목239동,청년 밀집형,5.870326827513642,43.57879597497522,0.2755160879489355,6.590641902103045,176,418752689,24183,0.26815805046507624,0.17543712852406312,0.23106968168867098
3000240,목상권240,CS100009,호프-간이주점,골목상권,목구15,11000240,목240동,가족 주거형,20.045960087166,29.510636889000374,0.24702385662953982,3.0484951142180474,40,730647879,9200,0.239336663053334,0.6185992316988282,0.3910416905115317
3000241,목상권241,CS100010,반찬가게,발달상권,목구16,11000241,목241동,일반 주거·생활형,38.24822229537436,29.416190438228014,0.33147790901263574,2.1596703357644476,130,952464108,27994,0.32476636966138794,0.7298011331899108,0.4867802750727971
3000242,목상권242,CS100000,한식음식점,전통시장,목구17,11000242,목242동,발달상권형,31.835808825847057,35.44183845982898,0.13124151097543527,5.729196642888501,192,417417111,11619,0.1222167435170367,0.2832135465282971,0.18661546472154086
3000243,목상권243,CS100001,중식음식점,관광특구,목구18,11000243,목243동,전통시장형,9.991530833882747,44.645010511488465,0.5713852745851921,2.198879085350012,46,894669730,34400,0.567445261622727,0.7248956809402691,0.6304254293497439
3000244,목상권244,CS100002,일식음식점,골목상권,목구19,11000244,목244동,관광특구형,38.226719950723016,40.13446491630038,0.4712699144878652,4.7070821243310625,8,108265205,16868,0.466173320268422,0.41109148238307824,0.4441405851142845
3000245,목상권245,CS100003,양식음식점,발달상권,목구20,11000245,목245동,유입 집중형,31.66162952199312,45.31633731246926,0.8776326756978978,2.1919103353623886,45,13974000,22245,0.8772305814302356,0.7257675493539603,0.8166453685997255
3000246,목상권246,CS100004,분식전문점,전통시장,목구21,11000246,목246동,청년 밀집형,38.534667636825894,35.81388120089796,0.39550407632992474,7.8804130168652735,102,383020166,12540,0.3895321983553462,0.014072364707096274,0.23934826489604621
3000247,목상권247,CS100005,패스트푸드점,관광특구,목구22,11000247,목247동,가족 주거형,26.01569343711392,33.358387135029474,0.256747705238238,4.552397777816151,61,756148870,30067,0.24917284628316902,0.43044422083090905,0.32168139610226504
3000248,목상권248,CS100006,제과점,골목상권,목구23,11000248,목248동,일반 주거·생활형,36.896487886701046,27.630173108496884,0.2510938810655097,6.334126630211212,41,693656230,47526,0.24345370638803743,0.20753005244715905,0.22908424481168607
3000249,목상권249,CS100007,커피-음료,발달상권,목구24,11000249,목249동,발달상권형,48.371189279757374,37.47110706985108,0.7035453085724925,3.362331162731871,84,875022623,33685,0.7011320725010333,0.5793348387642576,0.652413179006323
3000250,목상권250,CS100008,치킨전문점,전통시장,목구0,11000250,목250동,전통시장형,41.469423130970895,49.59792467840229,0.7065188174685346,4.128597444907804,155,446763970,21214,0.7041399328158114,0.4834663732442963,0.6158705089872054
3000251,목상권251,CS100009,호프-간이주점,관광특구,목구1,11000251,목251동,관광특구형,35.751661257482304,26.936973685213836,0.6643535803598183,0.5654331488638702,102,91700593,34359,0.6614875824121065,0.9292580013024072,0.7685957499682268
3000252,목상권252,CS100010,반찬가게,골목상권,목구2,11000252,목252동,유입 집중형,16.982202736801906,49.10148932968444,0.7151934609046124,1.439772598220281,132,611081965,33957,0.7129147899453663,0.8198683761771277,0.7556962244380709
3000253,목상권253,CS100000,한식음식점,발달상권,목구3,11000253,목253동,청년 밀집형,7.5453421536696945,52.79075452730853,0.8576211674254456,2.456230124513448,24,194727407,13324,0.8569878904964087,0.6926981932020556,0.7912720115786674
3000254,목상권254,CS100001,중식음식점,전통시장,목구4,11000254,목254동,가족 주거형,5.921577191298816,32.52363531332371,0.5252475825850029,0.20174723677008366,194,639033192,16889,0.5207745645995746,0.9747591686311475,0.7023684062122038
3000255,목상권255,CS100002,일식음식점,관광특구,목구5,11000255,목255동,일반 주거·생활형,48.192365355012114,38.41647745593719,0.49544492575069526,2.7454965848729636,158,382732514,47098,0.490627613001015,0.6565077300091438,0.5569796598042664
3000256,목상권256,CS100003,양식음식점,골목상권,목구6,11000256,목256동,발달상권형,30.02145456676479,54.05120437749587,0.8330549490715076,3.1733832639393453,58,255447825,7844,0.8321378712584167,0.6029743300766282,0.7404724547857012
3000257,목상권257,CS100004,분식전문점,발달상권,목구7,11000257,목257동,전통시장형,32.854409175200985,31.674835918061945,0.5437632401969121,7.605122518515017,154,855441978,46813,0.5395041240796261,0.04851427904282979,0.34310818606490756
3000258,목상권258,CS100005,패스트푸드점,전통시장,목구8,11000258,목258동,관광특구형,19.445528881955063,27.446989211350605,0.4799555678539774,1.642215106699771,119,804164124,5647,0.47495931452006956,0.7945405585563017,0.6027918121345623
3000259,목상권259,CS100006,제과점,관광특구,목구9,11000259,목259동,유입 집중형,19.900498819308467,53.3121218956156,0.4644367510324437,2.3088833654330925,158,747701154,3854,0.4592612167905032,0.711132917554353,0.5600098970960432
3000260,목상권260,CS100007,커피-음료,골목상권,목구10,11000260,목260동,청년 밀집형,28.84271181492783,22.06604316558191,0.4756431194979772,1.463557812720981,41,690590994,17138,0.4705970466664879,0.8168925803352827,0.6091152601340059
3000261,목상권261,CS100008,치킨전문점,발달상권,목구11,11000261,목261동,가족 주거형,45.046645020386926,46.635517091650534,0.5791405153114968,0.5381973708405381,88,851842308,10458,0.5752900946559333,0.9326655011586252,0.7182402572570101
3000262,목상권262,CS100009,호프-간이주점,전통시장,목구12,11000262,목262동,일반 주거·생활형,11.338794031901102,55.216284619437104,0.24238548775325056,5.224763062225373,67,848297616,29164,0.23464470948734226,0.34632381832257464,0.2793163530214352
3000263,목상권263,CS100010,반찬가게,관광특구,목구13,11000263,목263동,발달상권형,11.942977475610617,49.9239902448447,0.5775036876326145,0.08724154138436901,29,28619078,46116,0.5736343575488428,0.9890851093194841,0.7398146582570994
3000264,목상권264,CS100000,한식음식점,골목상권,목구14,11000264,목264동,전통시장형,14.097897236978266,53.49640778693338,0.48322556404161615,2.024707872062204,180,381450272,18402,0.4782670872916145,0.7466864439479233,0.5856348299541381
3000265,목상권265,CS100001,중식음식점,발달상권,목구15,11000265,목265동,관광특구형,49.22158936867254,51.19308271711078,0.5632488941221585,1.4824157203102653,193,889601477,34062,0.5592148857414675,0.8145332455902274,0.6613422296809714
3000266,목상권266,CS100002,일식음식점,전통시장,목구16,11000266,목266동,유입 집중형,5.584081975268676,46.69125406424901,0.24859626811715627,0.740290458413547,96,263910303,49714,0.24092723980203593,0.9073813999936894,0.5075089038786973
3000267,목상권267,CS100003,양식음식점,관광특구,목구17,11000267,목267동,청년 밀집형,33.20848273951816,37.67659983245706,0.06374854006520643,0.44782029713390603,182,81552179,15665,0.05394406103151452,0.9439726819337411,0.40995550939240516
3000268,목상권268,CS100004,분식전문점,골목상권,목구18,11000268,목268동,가족 주거형,2.019500177686663,34.45205625589786,0.3711682771147623,0.12180068650305831,185,708032960,47585,0.36491526016991505,0.9847613744909044,0.6128537058983108
3000269,목상권269,CS100005,패스트푸드점,발달상권,목구19,11000269,목269동,일반 주거·생활형,14.186284802570261,42.597512309878745,0.5086975316102176,6.397650072139632,164,936667038,14949,0.5040333193990395,0.19958256076720304,0.3822530159463049
3000270,목상권270,CS100006,제과점,전통시장,목구20,11000270,목270동,발달상권형,31.56484974732149,42.38643239822486,0.7335221776263461,4.2627199195695304,77,599895559,22663,0.7314552489032984,0.46668615449181916,0.6255476111387067
3000271,목상권271,CS100007,커피-음료,관광특구,목구21,11000271,목271동,전통시장형,10.730664425799286,45.89948882212029,0.8827271505813963,1.0770516624353155,26,403095705,17531,0.882383910161522,0.8652488141978694,0.8755298717760609
3000272,목상권272,CS100008,치킨전문점,골목상권,목구22,11000272,목272동,관광특구형,36.22317528315412,44.747515197999945,0.07726914255399275,3.9862995740184832,177,103220630,43942,0.06762086008600646,0.5012694253245451,0.2410802861814219
3000273,목상권273,CS100009,호프-간이주점,발달상권,목구23,11000273,목273동,유입 집중형,37.11977236771177,38.6210470758434,0.508288112545053,6.07168188744243,174,188565029,7214,0.5036191705260157,0.24036481936601362,0.39831743006201487
3000274,목상권274,CS100010,반찬가게,전통시장,목구24,11000274,목274동,청년 밀집형,49.258211520589505,34.19659514769833,0.5416245212466202,5.131088411272621,148,926272685,41272,0.5373406976094347,0.3580435628211279,0.46562184369411197
3000275,목상권275,CS100000,한식음식점,관광특구,목구0,11000275,목275동,가족 주거형,48.85535721381665,56.74517308573909,0.17140680239518352,3.798151705161419,47,17360753,6327,0.16284604388797871,0.5248088239614752,0.30763115591737733
3000276,목상권276,CS100001,중식음식점,골목상권,목구1,11000276,목276동,일반 주거·생활형,18.485616567385968,40.292605683593216,0.6046970864576693,4.504897792855896,94,138100164,29728,0.601141907722542,0.4363869991787045,0.5352399443050069
3000277,목상권277,CS100002,일식음식점,발달상권,목구2,11000277,목277동,발달상권형,5.875346098913733,54.18606788893754,0.19520032548661162,4.701918162737224,190,311887176,24669,0.1869144413125588,0.4117375516223505,0.2768436854364755
3000278,목상권278,CS100003,양식음식점,전통시장,목구3,11000278,목278동,전통시장형,31.197519882719906,33.08612847198246,0.5768353254204517,0.48985241992726003,12,331138298,12499,0.572958274091841,0.9387139941792664,0.7192605621268111
3000279,목상권279,CS100004,분식전문점,관광특구,목구4,11000279,목279동,관광특구형,21.614180715612687,38.000738145264,0.04688809910550881,0.09561230802546739,167,728294589,30625,0.03688884007023256,0.988037832972117,0.41734843723098636
3000280,목상권280,CS100005,패스트푸드점,골목상권,목구5,11000280,목280동,유입 집중형,29.094565451855043,23.19224846723997,0.5550202394735795,1.7139746978228834,97,394990296,19477,0.5508911696784617,0.7855626326742216,0.6447597548767656
3000281,목상권281,CS100006,제과점,발달상권,목구6,11000281,목281동,청년 밀집형,9.042848420895014,38.39587038998589,0.04363238679120504,7.892870960922452,29,753229924,16373,0.033595516186263795,0.012513736840940148,0.025162804448134336
3000282,목상권282,CS100007,커피-음료,전통시장,목구7,11000282,목282동,가족 주거형,13.430937302607495,26.441223151849712,0.274170659503867,7.829592203796195,119,273235261,39501,0.26679707897725524,0.020430615720796408,0.1682504936746717
3000283,목상권283,CS100008,치킨전문점,관광특구,목구8,11000283,목283동,일반 주거·생활형,22.63082659517788,20.168084560524054,0.6407183182978775,6.147515574512156,10,158568651,13212,0.6375792743252796,0.2308771786029996,0.4748984360363676
3000284,목상권284,CS100009,호프-간이주점,골목상권,목구9,11000284,목284동,발달상권형,9.903709354115936,20.783982001835707,0.40121687414521545,3.268267041062172,39,180460238,27546,0.39531099318519736,0.5911033103970555,0.47362792006994064
3000285,목상권285,CS100010,반찬가게,발달상권,목구10,11000285,목285동,전통시장형,11.82792770670826,42.26511483455737,0.35541393021370404,4.835418027435815,77,427884317,2481,0.34897891140296944,0.3950352283262851,0.3674014381722957
3000286,목상권286,CS100000,한식음식점,전통시장,목구11,11000286,목286동,관광특구형,16.316889591393036,50.13747081059478,0.48222496666357906,0.5762386542773372,121,933320865,10102,0.47725493052676504,0.9279061119562976,0.657515403098578
3000287,목상권287,CS100001,중식음식점,관광특구,목구12,11000287,목287동,유입 집중형,14.949406570455071,42.515438999845784,0.2950469262595177,0.06203742007144886,70,599909406,41622,0.28791451850421484,0.9922384262424044,0.5696440815994906
3000288,목상권288,CS100002,일식음식점,골목상권,목구13,11000288,목288동,청년 밀집형,33.15119419102331,35.72937366155805,0.056956766199850864,3.78172071909854,96,56716971,40392,0.047073825296305334,0.5268645237325196,0.23899010467079104
3000289,목상권289,CS100003,양식음식점,발달상권,목구14,11000289,목289동,가족 주거형,34.857531751263984,54.233419290133085,0.6083392357971835,0.25443064968289875,142,458209916,9890,0.6048261329398945,0.9681678855853062,0.7501628339980593
3000290,목상권290,CS100004,분식전문점,전통시장,목구15,11000290,목290동,일반 주거·생활형,11.744405268501954,43.0954901844936,0.418338385101056,5.021156088950042,14,278454162,19189,0.4126303001499962,0.3717973234879606,0.39629710948518193
3000291,목상권291,CS100005,패스트푸드점,관광특구,목구16,11000291,목291동,발달상권형,24.40650359455639,42.82648562972079,0.1781625784654951,0.6224052487242835,58,794780026,26621,0.16967986596413465,0.9221301556459885,0.47065998183687624
3000292,목상권292,CS100006,제과점,골목상권,목구17,11000292,목292동,전통시장형,11.445065146660058,46.478630288464544,0.28802076935934556,5.891536828268612,47,500389483,41620,0.28080719202755194,0.26290297717840616,0.2736455060878936
3000293,목상권293,CS100007,커피-음료,발달상권,목구18,11000293,목293동,관광특구형,48.24540340376008,57.79889743663305,0.7140167487864826,5.548036285776682,78,29579825,6028,0.7117244838774233,0.3058787294462252,0.549386182104944
3000294,목상권294,CS100008,치킨전문점,전통시장,목구19,11000294,목294동,유입 집중형,24.57068808445224,48.83209130637297,0.6624256684499044,0.3077762010333842,7,592244690,27725,0.6595373983275937,0.9614937616296431,0.7803199436484135
3000295,목상권295,CS100009,호프-간이주점,관광특구,목구20,11000295,목295동,청년 밀집형,42.082564649176,24.383907124716814,0.32255218602930563,3.8132580665816924,33,771862313,9363,0.3157375323917239,0.5229188495196414,0.39861005924289095
3000296,목상권296,CS100010,반찬가게,골목상권,목구21,11000296,목296동,가족 주거형,42.75057688699133,35.77118406901823,0.44571964232537864,4.102587207065857,12,445370890,37020,0.44032787895441766,0.48672054434345513,0.45888494511003264
3000297,목상권297,CS100000,한식음식점,발달상권,목구22,11000297,목297동,일반 주거·생활형,48.41075388867903,28.220889608530765,0.11669199054855581,7.682203752676261,117,756158401,8812,0.10749913996477675,0.038870556212641794,0.08004770646392277
3000298,목상권298,CS100001,중식음식점,전통시장,목구23,11000298,목298동,발달상권형,11.596604448090734,20.66910768871958,0.742782499944578,1.3194271661230275,174,155983720,7348,0.7408225509618661,0.8349249331154525,0.7784635038233007
3000299,목상권299,CS100002,일식음식점,관광특구,목구24,11000299,목299동,전통시장형,40.59585050970397,25.78158599572422,0.481708567040955,3.8354429213880863,124,93574461,16027,0.476732565204931,0.5201432765399292,0.4940968497389303
3000300,목상권300,CS100003,양식음식점,골목상권,목구0,11000300,목300동,관광특구형,38.57121093122766,55.76018389607994,0.75928596350362,4.089697732581481,70,723271775,10760,0.7575166705462079,0.488333161483109,0.6498432669209684
3000301,목상권301,CS100004,분식전문점,발달상권,목구1,11000301,목301동,유입 집중형,39.3566246300867,47.4287281199625,0.8789257509504207,2.6885152798424414,49,364539821,26495,0.8785385949160073,0.6636367273350979,0.7925778478836435
3000302,목상권302,CS100005,패스트푸드점,전통시장,목구2,11000302,목302동,청년 밀집형,45.29877259268949,59.77583020546404,0.02314823512682255,6.938017956962053,30,52698214,13969,0.012874721654522164,0.13197650639784408,0.06051543555185093
3000303,목상권303,CS100006,제과점,관광특구,목구3,11000303,목303동,가족 주거형,4.267681813130583,38.73945923403424,0.20220174268087007,6.641443197137487,164,913801052,36964,0.19399674227821148,0.16908131943437044,0.18403057314067506
3000304,목상권304,CS100007,커피-음료,골목상권,목구4,11000304,목304동,일반 주거·생활형,40.35107566881302,43.253981855583476,0.49473581821404333,4.148234723273696,194,269891219,23901,0.4899103135097492,0.481009530515186,0.4863500003119239
3000305,목상권305,CS100008,치킨전문점,발달상권,목구5,11000305,목305동,발달상권형,7.1266588579643635,34.504479904924914,0.4371879312665732,3.525524719144194,159,204805686,34703,0.431697605426367,0.558917503172291,0.4825855645247366
3000306,목상권306,CS100009,호프-간이주점,전통시장,목구6,11000306,목306동,전통시장형,19.028494535716707,44.31976287120271,0.8139563830473732,0.5123284568671398,115,811668603,32278,0.8128186693250952,0.935901991064269,0.8620519980207647
3000307,목상권307,CS100010,반찬가게,관광특구,목구7,11000307,목307동,관광특구형,24.181205047150925,41.67187901063995,0.8919863059727291,2.7568275113302745,104,368728887,45225,0.8917500318122844,0.6550901046253187,0.7970860609374981
3000308,목상권308,CS100000,한식음식점,골목상권,목구8,11000308,목308동,유입 집중형,29.589613937378047,49.61768863267352,0.5838118006716696,4.926731639026694,160,548759327,6830,0.580015344973015,0.3836108762075352,0.5014535574668231
3000309,목상권309,CS100001,중식음식점,발달상권,목구9,11000309,목309동,청년 밀집형,37.1251041901778,32.35343541155896,0.6294488424786261,2.073929334510021,38,755369543,26366,0.6261796080487813,0.7405282895500541,0.6719190806492904
3000310,목상권310,CS100002,일식음식점,전통시장,목구10,11000310,목310동,가족 주거형,39.18220680049218,26.277697520479997,0.2559590662739259,4.542985299124075,11,720083276,35294,0.24837509657856935,0.4316218269841986,0.3216737887408211
3000311,목상권311,CS100003,양식음식점,관광특구,목구11,11000311,목311동,일반 주거·생활형,9.537137436795774,39.113680433822324,0.11971078510965151,0.8409910826520397,35,705322851,35461,0.11055280910660249,0.8947826278080826,0.4242447365871946
3000312,목상권312,CS100004,분식전문점,골목상권,목구12,11000312,목312동,발달상권형,40.14050027105016,25.25602090031269,0.784507480067373,2.7568638843507207,192,431195197,6419,0.7830295583171547,0.6550855539544389,0.7318519565720684
3000313,목상권313,CS100005,패스트푸드점,발달상권,목구13,11000313,목313동,전통시장형,11.651461869837112,52.83390783039644,0.5255900448403552,5.205215924158198,47,306326201,37992,0.5211209831452042,0.34876938349410413,0.45218034328476414
3000314,목상권314,CS100006,제과점,전통시장,목구14,11000314,목314동,관광특구형,3.163559645782385,41.78576489066961,0.5046304649723816,6.067619069590151,174,739632810,5964,0.49991926803239045,0.24087312323145194,0.396300810112015
3000315,목상권315,CS100007,커피-음료,관광특구,목구15,11000315,목315동,유입 집중형,6.503790417507011,31.668450966600826,0.10146311634882836,1.7118467454420365,58,707642403,44133,0.09209433441498313,0.7858288632708126,0.36958814595731493
3000316,목상권316,CS100008,치킨전문점,골목상권,목구16,11000316,목316동,청년 밀집형,8.386126397256433,26.548947594632484,0.7855897785614088,7.785611112706967,167,737030674,32952,0.7841243600489698,0.02593314116488199,0.4808478724953346
3000317,목상권317,CS100009,호프-간이주점,발달상권,목구17,11000317,목317동,가족 주거형,7.161071596259801,39.646438299769954,0.1479685928316964,2.887079246920748,159,174965726,4904,0.13913706474575857,0.6387941585386508,0.3389999022629155
3000318,목상권318,CS100010,반찬가게,전통시장,목구18,11000318,목318동,일반 주거·생활형,7.638877308364088,49.35296373088616,0.7585996240582868,3.947353142816876,89,280636757,18930,0.7568224021743082,0.5061420586161658,0.6565502647510513
3000319,목상권319,CS100000,한식음식점,관광특구,목구19,11000319,목319동,발달상권형,18.917802096948428,25.74463294364518,0.08279638796704195,4.264233742277674,81,261167062,28407,0.07321195892215912,0.4664967583726438,0.230525878702353
3000320,목상권320,CS100001,중식음식점,골목상권,목구20,11000320,목320동,전통시장형,41.890525968004994,35.67595856022962,0.2899252247196639,4.660250749394123,182,151193966,38971,0.2827336485810174,0.41695061015344714,0.33642043320998927
3000321,목상권321,CS100002,일식음식점,발달상권,목구21,11000321,목321동,관광특구형,29.727709242649208,20.305483326947375,0.31219803824301284,6.446330813253256,139,463484768,9021,0.30526376846211434,0.1934920566441648,0.2605550837349345
3000322,목상권322,CS100003,양식음식점,전통시장,목구22,11000322,목322동,유입 집중형,3.6699526801539735,26.049686848287408,0.4521864741667296,5.930058278294718,16,89213925,3778,0.4468694187775655,0.25808351377578886,0.3713550567768548
3000323,목상권323,CS100004,분식전문점,관광특구,목구23,11000323,목323동,청년 밀집형,6.872004469279126,23.673251729703185,0.5239026789832605,6.962397309954485,117,853096135,4196,0.5194141240183247,0.12892637719847866,0.3632190252903863
3000324,목상권324,CS100005,패스트푸드점,골목상권,목구24,11000324,목324동,가족 주거형,38.63046649292212,52.92839240644375,0.044400276914732834,4.166589901766609,152,899288724,41841,0.034372277349394575,0.47871309279191343,0.21210860352640212
3000325,목상권325,CS100006,제과점,발달상권,목구0,11000325,목325동,일반 주거·생활형,41.85708090452917,52.642285250783544,0.08831080455786251,0.9044525006820532,183,238211551,49369,0.07879008073129896,0.886842896010173,0.4020112068428486
3000326,목상권326,CS100007,커피-음료,전통시장,목구1,11000326,목326동,발달상권형,38.187554870842796,49.22903110848273,0.13525985702511525,4.327253871620834,27,126641041,13779,0.12628151145163619,0.45861223671544393,0.2592138015571593
3000327,목상권327,CS100008,치킨전문점,관광특구,목구2,11000327,목327동,전통시장형,25.11298702373994,38.69604528973434,0.7152580400474154,3.3069799793765178,40,749619082,20278,0.7129801151377873,0.5862598896720481,0.6622920249514916
3000328,목상권328,CS100009,호프-간이주점,골목상권,목구3,11000328,목328동,관광특구형,47.62019638392397,44.76307314945819,0.46594534218223216,4.940205649765434,22,753681166,10683,0.46078723591784265,0.38192512705744286,0.4292423923736828
3000329,목상권329,CS100010,반찬가게,발달상권,목구4,11000329,목329동,유입 집중형,17.280535215640104,20.287804120024063,0.7700832479278061,1.7136993236679867,79,908174217,11429,0.7684386904433438,0.7855970850549251,0.7753020482879763
3000330,목상권330,CS100000,한식음식점,전통시장,목구5,11000330,목330동,청년 밀집형,17.617090136223055,41.80193085921035,0.4152187914431466,6.245858298393197,107,136968820,9068,0.4094746674312412,0.21857340607270315,0.33311416288782597
3000331,목상권331,CS100001,중식음식점,관광특구,목구6,11000331,목331동,가족 주거형,38.96012542660636,36.58762152543938,0.6073156121652229,5.281698332146697,160,141030634,48553,0.6037906839106545,0.33920058050265844,0.49795464254745603
3000332,목상권332,CS100002,일식음식점,골목상권,목구7,11000332,목332동,일반 주거·생활형,29.181203154974103,23.68732375071014,0.5404365318704218,1.2213274387880269,66,506368489,10263,0.5361389840030616,0.8471983040653357,0.6605627120279713
3000333,목상권333,CS100003,양식음식점,발달상권,목구8,11000333,목333동,발달상권형,13.533594962810701,56.7267013689615,0.6035689546155211,2.6691333199903715,35,462028276,18060,0.6000007431535198,0.6660616268680788,0.6264250966393434
3000334,목상권334,CS100004,분식전문점,전통시장,목구9,11000334,목334동,전통시장형,13.166617689636372,21.216265370029127,0.7910847344166279,3.446446606624381,180,241165409,38232,0.7896827963026402,0.5688110577757398,0.70133410089188
3000335,목상권335,CS100005,패스트푸드점,관광특구,목구10,11000335,목335동,관광특구형,44.33312652030482,39.950898960924874,0.18413875880877528,4.711380846628016,24,885362711,39631,0.17572508604484013,0.4105536642382748,0.269656517322214
3000336,목상권336,CS100006,제과점,골목상권,목구11,11000336,목336동,유입 집중형,25.550401085475606,58.905884074000156,0.2998423454230393,7.395010162516106,192,243579214,22231,0.2927653366786224,0.07480168020473366,0.20557987408906692
3000337,목상권337,CS100007,커피-음료,발달상권,목구12,11000337,목337동,청년 밀집형,48.63858033938178,52.777367109054715,0.4933135657169597,3.584834092786024,59,578182665,22354,0.4884716304611576,0.5514972384754726,0.5136818736668836
3000338,목상권338,CS100008,치킨전문점,전통시장,목구13,11000338,목338동,가족 주거형,41.28100181090905,45.429011012750095,0.55056590542365,2.198598589403683,106,581492445,29305,0.5463853769985133,0.7249307741142541,0.6178035358448096
3000339,목상권339,CS100009,호프-간이주점,관광특구,목구14,11000339,목339동,일반 주거·생활형,28.737711348057967,57.07826999539451,0.2152951325803975,6.914985450438539,21,582285027,38961,0.20724139337615424,0.13485813006947112,0.178288088053481
3000340,목상권340,CS100010,반찬가게,골목상권,목구15,11000340,목340동,발달상권형,42.69531551616992,36.670880748029774,0.24503613709721195,5.35524282830229,49,705538609,24734,0.23732598041970995,0.32999934307661105,0.27439532548247036
3000341,목상권341,CS100000,한식음식점,발달상권,목구16,11000341,목341동,전통시장형,41.17718535526913,53.13906525048298,0.49266216266523677,1.0001166633866756,68,580207772,26150,0.48781270208505256,0.8748742413830881,0.6426373178042668
3000342,목상권342,CS100001,중식음식점,전통시장,목구17,11000342,목342동,관광특구형,7.923686742194622,41.337618310176126,0.6566702249270369,4.409416422863528,84,235517601,4106,0.6537154651262426,0.4483327843970215,0.5715623928345541
3000343,목상권343,CS100002,일식음식점,관광특구,목구18,11000343,목343동,유입 집중형,29.439916682082497,57.25876917085276,0.32064926130162086,0.8187407635849588,20,514847061,45168,0.31381262415350347,0.8975663910975663,0.5473141309311286
3000344,목상권344,CS100003,양식음식점,골목상권,목구19,11000344,목344동,청년 밀집형,1.3091000713806178,39.44032025902862,0.021232618525139788,5.715848024417369,136,672513803,10817,0.010936974919612008,0.2848836077059923,0.12051562803416413
3000345,목상권345,CS100004,분식전문점,발달상권,목구20,11000345,목345동,가족 주거형,24.163832400052794,41.17634613746989,0.47682718156589177,1.260269506409033,121,158763489,3173,0.47179478759440474,0.8423262167063577,0.6200073592391859
3000346,목상권346,CS100005,패스트푸드점,전통시장,목구21,11000346,목346동,일반 주거·생활형,45.451699335888854,52.59866540836318,0.798710727248933,7.038037707855867,54,498837806,32403,0.7973968883074111,0.11946291906805839,0.52622330061167
3000347,목상권347,CS100006,제과점,관광특구,목구22,11000347,목347동,발달상권형,11.13920801238425,20.459028327774703,0.6286528610446757,7.858825935497813,22,849676557,46841,0.6253744310507684,0.016773149556817524,0.381933918453188
3000348,목상권348,CS100007,커피-음료,골목상권,목구23,11000348,목348동,전통시장형,26.06061754530189,30.02175339865952,0.6916181619340458,7.958403552401786,109,381720579,49059,0.6890671376726639,0.00431487812458109,0.41516623385343077
3000349,목상권349,CS100008,치킨전문점,발달상권,목구24,11000349,목349동,관광특구형,3.5666689198229498,50.40029600085636,0.7055294667920003,2.3513612180715873,180,803404217,37222,0.7031391526798221,0.7058184640206916,0.7042108772161699
3000350,목상권350,CS100009,호프-간이주점,전통시장,목구0,11000350,목350동,유입 집중형,2.4570005966069877,44.47599246101014,0.17745226084977098,4.005491330296556,78,191963612,18289,0.16896134241437552,0.4988683223818615,0.30092413440136995
3000351,목상권351,CS100010,반찬가게,관광특구,목구1,11000351,목351동,청년 밀집형,16.359989392675573,25.595103658057987,0.13333398518337242,1.0594875379842117,37,225169851,17537,0.12433339100315272,0.8674462822301928,0.4215785474939688
3000352,목상권352,CS100000,한식음식점,골목상권,목구2,11000352,목352동,가족 주거형,10.98146957951948,36.222091512817855,0.6300762895395058,0.03532417179274727,109,843533873,21840,0.6268143036828036,0.9955805517947133,0.7743208029275674
3000353,목상권353,CS100001,중식음식점,발달상권,목구3,11000353,목353동,일반 주거·생활형,27.93868562689044,30.07508731714288,0.626736552063016,3.0607267777290197,41,728677294,24693,0.6234359839371716,0.6170689140549102,0.6208891559842671
3000354,목상권354,CS100002,일식음식점,전통시장,목구4,11000354,목354동,발달상권형,39.60725533482468,22.50303020854062,0.40170145305169164,2.738083814027897,181,878552687,19569,0.3958011701825181,0.6574351503885838,0.5004547622649443
3000355,목상권355,CS100003,양식음식점,관광특구,목구5,11000355,목355동,전통시장형,8.818348110182155,57.68853636979445,0.7451128742622357,7.084591738960342,84,241073772,39616,0.7431798468952971,0.11363849010704363,0.49136330417999574
3000356,목상권356,CS100004,분식전문점,골목상권,목구6,11000356,목356동,관광특구형,32.18935361243099,54.257379570774546,0.04777788442018797,2.144239402122092,179,898508227,4150,0.037788904616956547,0.7317317152398376,0.315366028866109
3000357,목상권357,CS100005,패스트푸드점,발달상권,목구7,11000357,목357동,유입 집중형,30.638991760943853,50.10792051643426,0.5931427537514803,4.493377974218838,181,83973204,26093,0.5894540937540185,0.4378282570827675,0.5288037590855181
3000358,목상권358,CS100006,제과점,전통시장,목구8,11000358,목358동,청년 밀집형,10.910159176229495,52.01481141573298,0.6666697308947297,6.557687225852244,115,723559504,5679,0.6638304902427457,0.17956012638702534,0.47012234470045755
3000359,목상권359,CS100007,커피-음료,관광특구,목구9,11000359,목359동,가족 주거형,4.239696908178475,54.209523025417646,0.3104046471722228,4.652673545243631,175,344682042,25089,0.3034496592667839,0.41789860297491965,0.3492292367500382
3000360,목상권360,CS100008,치킨전문점,골목상권,목구10,11000360,목360동,일반 주거·생활형,38.94737823718495,58.31017946597245,0.42022313231519237,4.9386360547164765,75,289902789,17232,0.4145368208792045,0.3821215009190253,0.4015706928951328
3000361,목상권361,CS100009,호프-간이주점,발달상권,목구11,11000361,목361동,발달상권형,32.002834214102926,37.21839048952659,0.5550635319553328,1.9783972122573132,148,408433210,48739,0.5509349622959876,0.7524804244426732,0.6315531471546618
3000362,목상권362,CS100010,반찬가게,전통시장,목구12,11000362,목362동,전통시장형,35.4403446640086,24.775472791956904,0.87609145462089,7.217347417457648,190,223600708,11836,0.875671555418912,0.0970292728119051,0.5642146423761092
3000363,목상권363,CS100000,한식음식점,관광특구,목구13,11000363,목363동,관광특구형,41.21931618036712,52.747657352014684,0.11691898282773867,2.909328183029128,182,269137394,4188,0.10772875456899872,0.636010568272738,0.3190414800504945
3000364,목상권364,CS100001,중식음식점,골목상권,목구14,11000364,목364동,유입 집중형,43.294675762662706,21.499943256235575,0.7200094730582891,5.2245485064969195,96,581908875,29069,0.7177864390101514,0.3463506616392307,0.5692121280617831
3000365,목상권365,CS100002,일식음식점,발달상권,목구15,11000365,목365동,청년 밀집형,47.27481673111057,48.92596205972288,0.3806199172225171,4.17099920298758,80,950211820,48343,0.37447609021401634,0.47816143998935323,0.4159502301241511
3000366,목상권366,CS100003,양식음식점,전통시장,목구16,11000366,목366동,가족 주거형,40.695974178442206,38.81926334722841,0.14478018478497193,1.8787248177770755,79,253945515,27370,0.1359118226609519,0.7649505536076764,0.3875273150396417
3000367,목상권367,CS100004,분식전문점,관광특구,목구17,11000367,목367동,일반 주거·생활형,28.719566947870696,40.419526972543665,0.7804163569764281,1.408055674421452,51,619417177,32151,0.7788911725855683,0.8238365173916581,0.7968693105080042
3000368,목상권368,CS100005,패스트푸드점,골목상권,목구18,11000368,목368동,발달상권형,36.368241172998964,47.05133474908092,0.3346644512992807,1.317040768514956,194,150545832,37349,0.3279897244319486,0.8352234980949224,0.5308832338971381
3000369,목상권369,CS100006,제과점,발달상권,목구19,11000369,목369동,전통시장형,34.414496080844884,45.52985440762686,0.5364663747469262,7.493558999203011,190,178481094,15619,0.5321229616965228,0.062472120661643094,0.34426262528257096
3000370,목상권370,CS100007,커피-음료,전통시장,목구20,11000370,목370동,관광특구형,22.952048042300653,39.23962963614102,0.8733874840879761,1.9811506214912056,46,942962198,28677,0.8729363473053237,0.7521359422119633,0.8246161852679795
3000371,목상권371,CS100008,치킨전문점,관광특구,목구21,11000371,목371동,유입 집중형,27.996106702085292,31.731988675372133,0.31715676611087634,3.9008688262788054,165,300833861,24145,0.3102797819623209,0.5119577655067188,0.39095097538008006
3000372,목상권372,CS100009,호프-간이주점,골목상권,목구22,11000372,목372동,청년 밀집형,32.841779842077145,23.5855556887514,0.6603700010235303,0.9913587500782564,63,354096329,12017,0.6574579828328552,0.8759699541001489,0.7448627713397726
3000373,목상권373,CS100010,반찬가게,발달상권,목구23,11000373,목373동,가족 주거형,40.76418970357498,53.858474683366076,0.7414738312191227,0.3637906086257727,14,215878332,6679,0.7394987638597903,0.9544857339664097,0.825493551902438
3000374,목상권374,CS100000,한식음식점,전통시장,목구24,11000374,목374동,일반 주거·생활형,43.85987829015506,43.22512427652626,0.8091552881164326,5.932380095738481,192,616308824,45469,0.8079621098140471,0.25779302849576446,0.587894477286734
3000375,목상권375,CS100001,중식음식점,관광특구,목구0,11000375,목375동,발달상권형,16.678839953675972,53.440811751844606,0.6748153284777311,3.2136381607515183,83,310679611,21139,0.6720701897246187,0.597937993131084,0.6424173110872048
3000376,목상권376,CS100002,일식음식점,골목상권,목구1,11000376,목376동,전통시장형,32.10761860082471,26.642387403457214,0.6666157391885471,2.435026557706659,195,367618305,32808,0.6637758747981543,0.6953509960991693,0.6764059233185602
3000377,목상권377,CS100003,양식음식점,발달상권,목구2,11000377,목377동,관광특구형,16.78130563620994,35.54826337458799,0.6861237355826354,5.3062325470022484,144,95326932,19413,0.6835092370398874,0.3361310763555365,0.544557972766147
3000378,목상권378,CS100004,분식전문점,전통시장,목구3,11000378,목378동,유입 집중형,12.828026752559566,51.33264311240808,0.8986147325749582,5.395804568436401,120,250630605,35017,0.8984550332174602,0.3249246166062848,0.66904286657299
3000379,목상권379,CS100005,패스트푸드점,관광특구,목구4,11000379,목379동,청년 밀집형,14.850212560334546,46.37795253347698,0.7360932616424092,1.7763571395549276,136,202448803,4773,0.734056035330462,0.7777578928555036,0.7515367783404787
3000380,목상권380,CS100006,제과점,골목상권,목구5,11000380,목380동,가족 주거형,16.73322778717272,47.650188343170285,0.10816573652085952,4.850141497479787,193,78287230,24744,0.0988743865101086,0.39319315786973774,0.21660189505396027
3000381,목상권381,CS100007,커피-음료,발달상권,목구6,11000381,목381동,일반 주거·생활형,25.293820294812722,45.95066303296316,0.11406595255953093,0.0002710338019644709,19,223409372,43774,0.10484276470966937,0.9999660906458985,0.462892095084161
3000382,목상권382,CS100008,치킨전문점,전통시장,목구7,11000382,목382동,발달상권형,18.053306264868926,38.8325592312084,0.721026655428335,3.844920406403074,152,684325773,37020,0.7188153723648911,0.5189575373699957,0.638872238366933
3000383,목상권383,CS100009,호프-간이주점,관광특구,목구8,11000383,목383동,전통시장형,38.76669074904172,32.01186161517481,0.5512734511992118,3.2018984930764782,169,145494452,30026,0.5471010966864664,0.5994067566039128,0.568023360653445
3000384,목상권384,CS100010,반찬가게,골목상권,목구9,11000384,목384동,관광특구형,38.36917927302137,35.89537991036718,0.6978244234762307,5.497115887438186,132,624183014,46632,0.6953450969620139,0.3122494396887725,0.5421068340527173
3000385,목상권385,CS100000,한식음식점,발달상권,목구10,11000385,목385동,유입 집중형,37.254373836151075,33.68494946231074,0.1951856389141109,7.289455385634691,142,693661537,40196,0.18689958507364057,0.08800776107154107,0.14734285547280077
3000386,목상권386,CS100001,중식음식점,전통시장,목구11,11000386,목386동,청년 밀집형,35.769768187420276,55.77890054990404,0.3495357689083325,1.9658749153699322,124,342081069,49838,0.34303284272369766,0.7540471035662406,0.5074385470607148
3000387,목상권387,CS100002,일식음식점,관광특구,목구12,11000387,목387동,가족 주거형,23.44524012880195,56.53532135622429,0.049955347079795674,3.3986721019507327,151,880326667,37231,0.039991522382608155,0.5747881816040689,0.2539101860711925
3000388,목상권388,CS100003,양식음식점,골목상권,목구13,11000388,목388동,일반 주거·생활형,34.77637877078291,56.98858213576371,0.557987232103336,2.837717822562719,90,880982351,43947,0.5538924384478819,0.6449698237338439,0.5903233925622667
3000389,목상권389,CS100004,분식전문점,발달상권,목구14,11000389,목389동,발달상권형,19.036675004289368,47.25077015036106,0.5453643209489335,4.822084389272758,56,798283295,2976,0.5411237012939976,0.39670341530021913,0.48335558689648617
3000390,목상권390,CS100005,패스트푸드점,전통시장,목구15,11000390,목390동,전통시장형,40.290824137169814,52.82611153111892,0.5217258409522252,1.70792272191124,120,668855464,720,0.5172121380972581,0.7863198024173107,0.624855203825279
3000391,목상권391,CS100006,제과점,관광특구,목구16,11000391,목391동,관광특구형,30.55445221264407,21.990266104679517,0.8192708269422685,6.950512172602038,67,733975320,34907,0.8181945082566174,0.1304133405517891,0.5430820411746861
3000392,목상권392,CS100007,커피-음료,골목상권,목구17,11000392,목392동,유입 집중형,41.40454798348548,38.17879831474624,0.3480817800838064,1.3902743748367028,36,889011974,13489,0.3415620567141975,0.8260611564574669,0.5353616966115053
3000393,목상권393,CS100008,치킨전문점,발달상권,목구18,11000393,목393동,청년 밀집형,23.828088151026243,43.34450108649552,0.4206074231467009,2.4355974154745903,143,761181802,15153,0.41492555122501457,0.6952795754200729,0.5270671609030378
3000394,목상권394,CS100009,호프-간이주점,전통시장,목구19,11000394,목394동,가족 주거형,26.04826624577906,25.56955115054844,0.33546365749227136,1.6406553867889349,124,298364146,24611,0.3287981634429841,0.7947356969278716,0.5151731768369392
3000395,목상권395,CS100010,반찬가게,관광특구,목구20,11000395,목395동,일반 주거·생활형,36.742122222233654,49.94511489531724,0.6475125009555365,3.2714223665379683,161,461567959,7076,0.6444519466803307,0.590708543958003,0.6229545855913996
3000396,목상권396,CS100000,한식음식점,골목상권,목구21,11000000,목0동,발달상권형,34.596030843817,27.241556438069825,0.47487613860383626,2.9293998332746334,29,904319629,20429,0.46982120523660337,0.6334993807727143,0.5352924754510477
3000397,목상권397,CS100001,중식음식점,발달상권,목구22,11000001,목1동,전통시장형,28.958612217074634,21.93998468516601,0.8706448551823438,3.0335763474051163,121,777575502,48421,0.8701620342187224,0.6204657359612166,0.7702835149157201
3000398,목상권398,CS100002,일식음식점,전통시장,목구23,11000002,목2동,관광특구형,21.545673755663522,54.87418625526361,0.22051504412785974,6.4245759508295635,17,441600261,46831,0.21252160787665994,0.1962138327769145,0.20599849783676177
3000399,목상권399,CS100003,양식음식점,관광특구,목구24,11000003,목3동,유입 집중형,26.928749860573713,55.358212654597665,0.423870249673754,1.522746891754533,150,956281449,14249,0.41822607150857305,0.8094873658367755,0.574730589239854
3000400,목상권400,CS100004,분식전문점,골목상권,목구0,11000004,목4동,청년 밀집형,24.331833450305425,48.05398145871659,0.5883886202871462,5.3418268130145465,68,31377571,34686,0.5846450382312443,0.3316778363483964,0.4834581574781051
3000401,목상권401,CS100005,패스트푸드점,발달상권,목구1,11000005,목5동,가족 주거형,12.768469167871274,35.73335945397666,0.8257124962126212,0.497951309153156,95,160125793,19753,0.8247105948185276,0.937700732731434,0.8699066499836902
3000402,목상권402,CS100006,제과점,전통시장,목구2,11000006,목6동,일반 주거·생활형,18.53464969031188,58.96359471807399,0.4921388044119852,5.452705470940981,24,241804060,5987,0.4872832977431108,0.31780567853383734,0.4194922500594014
3000403,목상권403,CS100007,커피-음료,관광특구,목구3,11000007,목7동,발달상권형,26.354024859068815,50.45245781281275,0.09013699303731872,5.834682085763521,25,557289434,5288,0.08063736622688732,0.27001614011964625,0.1563888757839909
3000404,목상권404,CS100008,치킨전문점,골목상권,목구4,11000008,목8동,전통시장형,49.589948854994844,20.768930171725373,0.3821726327161454,6.912005407339947,96,9666945,16491,0.37604674343104294,0.13523096672650636,0.2797204327492283
3000405,목상권405,CS100009,호프-간이주점,발달상권,목구5,11000009,목9동,관광특구형,10.05276060391138,22.15208551810315,0.7021910030659759,7.3920239410855215,196,99523513,39303,0.6997621213996394,0.07517528984006838,0.449927388775811
3000406,목상권406,CS100010,반찬가게,전통시장,목구6,11000010,목10동,유입 집중형,36.210371084477394,44.62849236738579,0.17985337852276306,7.396426474148294,76,658350132,48706,0.1713901989647355,0.07462448380964981,0.13268391290270123
3000407,목상권407,CS100000,한식음식점,관광특구,목구7,11000011,목11동,청년 밀집형,10.347652415318986,22.026720853317997,0.46776028338497694,5.2006333488782435,139,539217443,45208,0.4626231442027172,0.34934271481565393,0.41731097244789195
3000408,목상권408,CS100001,중식음식점,골목상권,목구8,11000012,목12동,가족 주거형,42.14995625354437,48.35828687845156,0.16686054726150942,2.2450298036957497,46,44224597,36564,0.1582472682072883,0.7191217109074419,0.3825970452873498
3000409,목상권409,CS100002,일식음식점,발달상권,목구9,11000013,목13동,일반 주거·생활형,40.74917128751025,51.223674433066996,0.871951641030217,1.6565423387819607,139,864552878,15721,0.8714839166913,0.7927480618918686,0.8399895747715275
3000410,목상권410,CS100003,양식음식점,전통시장,목구10,11000014,목14동,발달상권형,39.27315357984308,30.5827464584036,0.2822549984530619,7.6689470941128315,196,267335658,12244,0.2749748121358363,0.04052911217936028,0.18119653215324588
3000411,목상권411,CS100004,분식전문점,관광특구,목구11,11000015,목15동,전통시장형,4.680539887498516,56.42281445386086,0.6578632866680378,0.07792525548251561,107,117755043,9976,0.6549223096958396,0.9902506806809431,0.789053658089881
3000412,목상권412,CS100005,패스트푸드점,골목상권,목구12,11000016,목16동,관광특구형,34.76343049874562,43.87480588740044,0.6976575416985541,2.0620933405828525,138,222221297,31998,0.6951762872850019,0.7420091045122877,0.7139094141759162
3000413,목상권413,CS100006,제과점,발달상권,목구13,11000017,목17동,유입 집중형,13.146781658626006,21.29071372939157,0.5921322880587916,4.850944474288743,145,23045091,9681,0.5884319546709543,0.3930926965075282,0.5102962514055839
3000414,목상권414,CS100007,커피-음료,전통시장,목구14,11000018,목18동,청년 밀집형,3.6047838012146904,51.13876095532581,0.029094925089655124,7.922289231534753,79,19614757,3391,0.01889011066758426,0.008833182799277695,0.014867339520261634
3000415,목상권415,CS100008,치킨전문점,관광특구,목구15,11000019,목19동,가족 주거형,23.891495757095086,29.53029320917644,0.5629545275634683,4.29624786708236,21,870480893,19180,0.5589171185173437,0.4624914339947077,0.5203468447082893
3000416,목상권416,CS100009,호프-간이주점,골목상권,목구16,11000020,목20동,일반 주거·생활형,33.16976338835222,26.875730425457167,0.6236048365793144,7.288029803768128,7,412479318,40227,0.6202680893554063,0.08818611727642633,0.4074353005238143
3000417,목상권417,CS100010,반찬가게,발달상권,목구17,11000021,목21동,발달상권형,49.19214029024249,20.16891856433212,0.627873136325212,5.370895531031766,177,450257889,20574,0.6245856985727025,0.3280410152383382,0.5059678252389568
3000418,목상권418,CS100000,한식음식점,전통시장,목구18,11000022,목22동,전통시장형,26.11957520003935,48.37196062526428,0.6426560110852045,3.3343380349599876,41,234984005,367,0.6395393522806511,0.5828370915281063,0.6168584479796331
3000419,목상권419,CS100001,중식음식점,관광특구,목구19,11000023,목23동,관광특구형,18.838349458472436,29.757338579983088,0.8900421709657635,0.5024623534946997,100,414084298,28451,0.8897834372136247,0.9371363507287596,0.9087246026196787
3000420,목상권420,CS100002,일식음식점,골목상권,목구20,11000024,목24동,유입 집중형,27.350639040418436,49.168539491797574,0.08083337452848037,0.5670338697020778,188,370343698,44911,0.07122626779909409,0.929057733257141,0.41435885398231287
3000421,목상권421,CS100003,양식음식점,발달상권,목구21,11000025,목25동,청년 밀집형,12.575737125552006,30.143854642936443,0.33813211348195615,2.728480716135265,137,211803060,22589,0.33149744673209375,0.6586366051316925,0.46235311009193325
3000422,목상권422,CS100004,분식전문점,전통시장,목구22,11000026,목26동,가족 주거형,15.730324720514652,32.04216774973234,0.6580410370015579,5.728360862454824,64,630400591,38010,0.6551021134875301,0.2833181119901371,0.5063885128885729
3000423,목상권423,CS100005,패스트푸드점,관광특구,목구23,11000027,목27동,일반 주거·생활형,9.675048625664596,31.87796726113534,0.27456335925880204,0.20389982003991935,14,684204359,13042,0.2671943153904587,0.9744898564353961,0.5501125318084337
3000424,목상권424,CS100006,제과점,골목상권,목구24,11000028,목28동,발달상권형,20.731943280752,21.183082312693283,0.8173353470370457,2.2750318419719884,57,867952222,36329,0.8162366687476389,0.715368121014583,0.7758892496544165
3000425,목상권425,CS100007,커피-음료,발달상권,목구0,11000029,목29동,전통시장형,17.870175726017223,31.246164254701338,0.10728743207176655,0.13547596553540409,77,934784829,4384,0.09798593546150529,0.9830504444305793,0.4520117390491349
3000426,목상권426,CS100008,치킨전문점,전통시장,목구1,11000030,목30동,관광특구형,33.62372657012789,46.01810558996108,0.3480704693101046,2.2838383591979,178,910755197,9429,0.3415506152729452,0.7142663274048918,0.4906369001257239
3000427,목상권427,CS100009,호프-간이주점,관광특구,목구2,11000031,목31동,유입 집중형,26.026160656643288,21.001194947019318,0.46619069748768105,7.094844667291881,47,417788617,33708,0.4610354256869274,0.11235573432214929,0.32156354914101615
3000428,목상권428,CS100010,반찬가게,골목상권,목구3,11000032,목32동,청년 밀집형,40.6980406867674,50.07452627995071,0.30167948209333684,1.6778846945409427,122,341922196,15918,0.2946236968438693,0.7900778949475726,0.4928053760853507
3000429,목상권429,CS100000,한식음식점,발달상권,목구4,11000033,목33동,가족 주거형,36.86029728934019,41.49571583983732,0.01760205221494309,3.1535880806718195,68,792119852,12036,0.007264466544356483,0.6054509284715819,0.24653905131524667
3000430,목상권430,CS100001,중식음식점,전통시장,목구5,11000034,목34동,일반 주거·생활형,29.148625071220337,28.21769071791662,0.08443456320751212,5.5636908414119155,69,464749132,15322,0.07486905915852335,0.3039201697887587,0.1664895034106175
3000431,목상권431,CS100002,일식음식점,관광특구,목구6,11000035,목35동,발달상권형,42.36122052312848,51.135586213368576,0.6722125443430595,2.4491822459317687,14,804631101,43953,0.6694373369636826,0.6935799614861539,0.6790943867726711
3000432,목상권432,CS100003,양식음식점,골목상권,목구7,11000036,목36동,전통시장형,3.5700421599267367,53.07038798179836,0.022393249414464463,4.0215729770528865,134,390039575,39451,0.012111013980585448,0.49685632885764497,0.20600913993140926
3000433,목상권433,CS100004,분식전문점,발달상권,목구8,11000037,목37동,관광특구형,9.989579801530287,24.36089446891156,0.6476140904979772,4.868537496830778,180,627891467,15958,0.6445547098344987,0.3908916130014477,0.5430894711012783
3000434,목상권434,CS100005,패스트푸드점,전통시장,목구9,11000038,목38동,유입 집중형,6.129241374950375,55.68448756015292,0.8535706169075885,3.778943344599253,169,874707103,12895,0.8528905460519768,0.527212004285448,0.7226191293453653
3000435,목상권435,CS100006,제과점,관광특구,목구10,11000039,목39동,청년 밀집형,30.750052953762633,32.31559314684864,0.5452905823084412,1.2160313848595603,134,170400920,13215,0.5410491107889219,0.8478608995301802,0.6637738262854253
3000436,목상권436,CS100007,커피-음료,골목상권,목구11,11000040,목40동,가족 주거형,20.322478016561778,53.366242684648554,0.6424850459759309,4.9511582583198,135,199726364,10810,0.6393664120994126,0.3805548334663348,0.5358417806461815
3000437,목상권437,CS100008,치킨전문점,발달상권,목구12,11000041,목41동,일반 주거·생활형,31.87276232317067,50.24036645379728,0.7668097092441578,1.0273166943120122,56,273482687,17164,0.7651273342511551,0.8714712138878645,0.8076648861058389
3000438,목상권438,CS100009,호프-간이주점,전통시장,목구13,11000042,목42동,발달상권형,43.45808414974192,37.83810399837124,0.07316694794446164,1.892804960907295,61,365116851,7746,0.06347127493227465,0.7631889705293208,0.34335835317109314
3000439,목상권439,CS100010,반찬가게,관광특구,목구14,11000043,목43동,전통시장형,17.240350187426028,55.25544272228296,0.09557878834915126,4.947658796862526,145,476603188,16799,0.08614202780075855,0.3809926551581655,0.2040822787437213
3000440,목상권440,CS100000,한식음식점,골목상권,목구15,11000044,목44동,관광특구형,17.495249922347448,26.97997025575262,0.60469281621436,7.528274803355932,78,291695393,31057,0.6011375881473083,0.05812878603913929,0.38393406730404067
3000441,목상권441,CS100001,중식음식점,발달상권,목구16,11000045,목45동,유입 집중형,7.655092438621733,29.969277526115548,0.17542507415701122,3.0336215563558673,123,98025342,10290,0.16691073667651657,0.6204600798168225,0.34833047393263894
3000442,목상권442,CS100002,일식음식점,전통시장,목구17,11000046,목46동,청년 밀집형,38.62504483489401,29.17311386133067,0.6383332138781992,3.4751461454267734,171,399840146,30016,0.6351666160211119,0.5652204251065025,0.6071881396552681
3000443,목상권443,CS100003,양식음식점,관광특구,목구18,11000047,목47동,가족 주거형,25.691568036937152,21.278378116734338,0.21044926733980301,6.805955734726218,137,717871929,15491,0.20233954634709425,0.14849896457381118,0.18080331363778102
3000444,목상권444,CS100004,분식전문점,골목상권,목구19,11000048,목48동,일반 주거·생활형,18.671103532093987,33.71024271474086,0.17860510990740872,4.082469145784473,122,65211530,19108,0.17012750974416344,0.4892375383821409,0.29777152119935446
3000445,목상권445,CS100005,패스트푸드점,발달상권,목구20,11000049,목49동,발달상권형,34.02186801972353,45.388099663690994,0.7576717793924708,6.944571590240654,109,312481277,41736,0.7558838385963409,0.13115657371828526,0.5059929326451186
3000446,목상권446,CS100006,제과점,전통시장,목구21,11000050,목50동,전통시장형,15.894290145862307,27.5492895165804,0.8396217614272662,0.07274152564353553,31,998463908,10359,0.8387805466194262,0.99089922314835,0.8996280172309958
3000447,목상권447,CS100007,커피-음료,관광특구,목구22,11000051,목51동,관광특구형,25.53247574837067,34.7112342163945,0.6392811192010147,6.388220396297742,160,418848098,42760,0.63612547200653,0.2007623184759013,0.4619802105942786
3000448,목상권448,CS100008,치킨전문점,골목상권,목구23,11000052,목52동,유입 집중형,29.93918199100522,53.58601878543997,0.3663438038706386,2.5776275078223465,40,930260044,20284,0.36003505226805727,0.677510025424512,0.4870250415306392
3000449,목상권449,CS100009,호프-간이주점,발달상권,목구24,11000053,목53동,청년 밀집형,45.54870180848122,40.26300524356234,0.41348041647768347,2.657761440411231,65,303699742,18550,0.4077162099140028,0.6674843759445933,0.5116234763262391
3000450,목상권450,CS100010,반찬가게,전통시장,목구0,11000054,목54동,가족 주거형,29.817720501323034,47.158561711617715,0.23697967289684416,3.546156046202924,168,21649071,43711,0.22917644403259077,0.5563362938554144,0.3600403839617202
3000451,목상권451,CS100000,한식음식점,관광특구,목구1,11000055,목55동,일반 주거·생활형,45.80832541667872,49.67149834363455,0.7220635991631894,4.223557974663058,168,289496240,31695,0.719864295377322,0.47158575095363864,0.6205528776078486
3000452,목상권452,CS100001,중식음식점,골목상권,목구2,11000056,목56동,발달상권형,19.368111952727798,36.414220150290014,0.4008679787872169,6.050875067667005,96,538188473,13310,0.3949580672185958,0.24296798478072568,0.3341620342434477
3000453,목상권453,CS100002,일식음식점,발달상권,목구3,11000057,목57동,전통시장형,48.52818479720779,21.8373342221768,0.5574331016869907,3.696271943062224,73,760251866,44092,0.5533319064478751,0.5375551194558476,0.5470211916510641
3000454,목상권454,CS100003,양식음식점,전통시장,목구4,11000058,목58동,관광특구형,17.11257988087761,56.904612369633796,0.2893061972789697,6.851355543629914,47,25061881,40664,0.2821074698347217,0.1428189416943788,0.22639205857858455
3000455,목상권455,CS100004,분식전문점,관광특구,목구5,11000059,목59동,유입 집중형,26.471489324942215,49.32749515870317,0.25780970068058146,4.34513341122062,75,673271651,16513,0.2502471104125793,0.4563753067271278,0.3326983889383987
3000456,목상권456,CS100005,패스트푸드점,골목상권,목구6,11000060,목60동,청년 밀집형,37.195118219482566,48.10159144744672,0.5983074540876293,7.32110414944623,9,56894855,3759,0.5946784592164867,0.08404814743227185,0.39042633450280073
3000457,목상권457,CS100006,제과점,발달상권,목구7,11000061,목61동,가족 주거형,44.6144408161466,28.478766866406247,0.1971013628995857,6.749683672983186,144,141900946,1113,0.18883744043289252,0.15553922764741246,0.1755181553187005
3000458,목상권458,CS100007,커피-음료,전통시장,목구8,11000062,목62동,일반 주거·생활형,1.2929761944917497,45.88739030798381,0.3392949330966095,3.6869912558975733,71,149982380,40960,0.3326736998036137,0.5387162370179036,0.4150907146893297
3000459,목상권459,CS100008,치킨전문점,관광특구,목구9,11000063,목63동,발달상권형,17.871721718843805,31.563275067692835,0.7666816158831313,1.509852578556485,147,207603092,33325,0.7649977610934185,0.811100588353523,0.7834388919974604
3000460,목상권460,CS100009,호프-간이주점,골목상권,목구10,11000064,목64동,전통시장형,48.323866759025535,33.634072564094744,0.317392424666945,1.4752754209986652,82,625623377,27861,0.3105181629604677,0.815426576739306,0.512481528472003
3000461,목상권461,CS100010,반찬가게,발달상권,목구11,11000065,목65동,관광특구형,21.035739255329347,23.75643705078104,0.7077737066387525,4.252310735760365,6,636571041,23425,0.7054093190751118,0.4679884595812016,0.6104409752775477
3000462,목상권462,CS100000,한식음식점,전통시장,목구12,11000066,목66동,유입 집중형,40.34765973204784,57.579065023960666,0.545187935378487,2.9834802321169818,190,921346011,26026,0.5409452780317864,0.6267333191929185,0.5752604944962392
3000463,목상권463,CS100001,중식음식점,관광특구,목구13,11000067,목67동,청년 밀집형,9.799137825519548,41.69465962595169,0.23537703272436697,3.692601806572897,25,251256404,5037,0.2275552893825812,0.5380142944993866,0.35173889142930337
3000464,목상권464,CS100002,일식음식점,골목상권,목구14,11000068,목68동,가족 주거형,28.37297403311938,37.12647472938742,0.45141511904505854,6.974235561988018,145,132298723,45434,0.44608915258695025,0.12744527972193231,0.3186316034409431
3000465,목상권465,CS100003,양식음식점,발달상권,목구15,11000069,목69동,일반 주거·생활형,40.147462794531236,24.451309594041746,0.10918368366137683,3.5280145413305135,107,145356269,26740,0.09990409347031964,0.5586059986235822,0.2833848555316247
3000466,목상권466,CS100004,분식전문점,전통시장,목구16,11000070,목70동,발달상권형,49.24862441511173,47.19099305275199,0.48011794194220964,5.399242023335359,150,452762157,16446,0.4751235644326197,0.3244945526270616,0.4148719597103965
3000467,목상권467,CS100005,패스트푸드점,관광특구,목구17,11000071,목71동,전통시장형,20.815214545108923,42.11111323686942,0.3655832921365339,4.549945413286355,62,75328033,35243,0.35926575473308725,0.4307510390086573,0.38785986844331527
3000468,목상권468,CS100006,제과점,골목상권,목구18,11000072,목72동,관광특구형,49.880672259951915,28.83805327670219,0.8855786515448586,6.487732523952722,84,823403412,14378,0.8852683530488348,0.18831224047975237,0.6064859080212018
3000469,목상권469,CS100007,커피-음료,발달상권,목구19,11000073,목73동,유입 집중형,19.07886184325434,47.40380343190772,0.13912936482818136,4.13681676850758,103,732368211,20804,0.13019572168791937,0.4824380441119157,0.2710926506575179
3000470,목상권470,CS100008,치킨전문점,전통시장,목구20,11000074,목74동,청년 밀집형,46.70244183273956,33.88268567308716,0.782033024940129,3.127624156129234,122,145871670,36884,0.7805265170826579,0.6086993052600078,0.7117956323535979
3000471,목상권471,CS100009,호프-간이주점,관광특구,목구21,11000075,목75동,가족 주거형,29.19555246620944,31.095746523999892,0.8148865404273817,2.0040624802555564,167,971266277,3801,0.8137595723348523,0.7492694129217654,0.7879635085696175
3000472,목상권472,CS100010,반찬가게,골목상권,목구22,11000076,목76동,일반 주거·생활형,40.615658079870315,30.14281778378382,0.7912392064913845,1.1575391491407947,69,735240421,38486,0.7898390529138177,0.8551789311513374,0.8159750042088256
3000473,목상권473,CS100000,한식음식점,발달상권,목구23,11000077,목77동,발달상권형,33.209698960299,21.307691112921564,0.03146056421140457,4.88087634362093,59,345396005,33233,0.02128307880124886,0.3893478855328467,0.168509001493888
3000474,목상권474,CS100001,중식음식점,전통시장,목구24,11000078,목78동,전통시장형,18.673360124201416,31.086432457655036,0.04494944708438547,1.0316402552207622,33,283360565,29490,0.034927791799530185,0.8709302881554586,0.3693287903419016
3000475,목상권475,CS100002,일식음식점,관광특구,목구0,11000079,목79동,관광특구형,13.029806825631423,48.77123407130175,0.7808207437724852,5.5450373596062414,69,43524789,27958,0.7793002310542682,0.3062539285863354,0.590081710067095
3000476,목상권476,CS100003,양식음식점,골목상권,목구1,11000080,목80동,유입 집중형,11.076118735824878,42.659167107131246,0.40400435998091744,2.092482198135346,195,37808324,14326,0.39813068141090757,0.7382071192100121,0.5341612565305494
3000477,목상권477,CS100004,분식전문점,발달상권,목구2,11000081,목81동,청년 밀집형,4.191760836532937,52.73770880482729,0.8566236842908782,1.3842364636770652,36,726598421,32592,0.8559788839522818,0.8268165665430791,0.8443139569886007
3000478,목상권478,CS100005,패스트푸드점,전통시장,목구3,11000082,목82동,가족 주거형,40.03467388451755,25.82592014654464,0.24174016844908316,2.2310406170779356,137,636881845,26935,0.2339919351411989,0.720871914310773,0.42874392680902856
3000479,목상권479,CS100006,제과점,관광특구,목구4,11000083,목83동,일반 주거·생활형,27.5139415966051,42.165238424103514,0.6367080885104023,0.6377249821679989,107,207908114,501,0.6335227164158872,0.920213485982209,0.7481990242424159
3000480,목상권480,CS100007,커피-음료,골목상권,목구5,11000084,목84동,발달상권형,9.176161347081441,57.34134029981504,0.6229694679745681,3.0387202886182756,133,172435649,9767,0.619625380663996,0.6198221714950494,0.6197040969964174
3000481,목상권481,CS100008,치킨전문점,발달상권,목구6,11000085,목85동,전통시장형,47.650920362590206,54.66187264639932,0.8910879936609536,0.5697569115182599,172,700954253,25697,0.8908413417604528,0.9287170503293698,0.9059916251880196
3000482,목상권482,CS100009,호프-간이주점,전통시장,목구7,11000086,목86동,관광특구형,42.598951176187484,27.472039213093133,0.1573307087358703,3.9218834932833824,17,302196775,6262,0.14860733635920526,0.5093285960834983,0.2928958402489225
3000483,목상권483,CS100010,반찬가게,관광특구,목구8,11000087,목87동,유입 집중형,46.48077045083649,47.223966795898576,0.521902943281183,0.5844897583952191,105,412159882,32506,0.5173912863983229,0.9268738067263447,0.6811842945295317
3000484,목상권484,CS100000,한식음식점,골목상권,목구9,11000088,목88동,청년 밀집형,6.971505306986622,45.839382387007184,0.25572544847600137,4.4348819332564124,36,516073130,465,0.2481387799143958,0.44514676478238324,0.3269419738615908
3000485,목상권485,CS100001,중식음식점,발달상권,목구10,11000089,목89동,가족 주거형,48.56168139922334,40.216764005126244,0.7413413601599824,5.46869266490299,85,906424842,40312,0.7393647624306454,0.31580550210854097,0.5699410583018036
3000486,목상권486,CS100002,일식음식점,전통시장,목구11,11000090,목90동,일반 주거·생활형,43.90768743194987,39.015065878266526,0.5381149773540218,0.6862741022125549,114,688080844,26145,0.5337906097615154,0.914139449124161,0.6859301455065736
3000487,목상권487,CS100003,양식음식점,관광특구,목구12,11000091,목91동,발달상권형,29.688130662920436,42.35596586074495,0.6293119730710661,5.572322634844183,35,490598062,32720,0.6260411574593598,0.30284023607604593,0.4967607889060343
3000488,목상권488,CS100004,분식전문점,골목상권,목구13,11000092,목92동,전통시장형,22.489352936699845,34.57430483864456,0.03424018950509212,5.934250551084175,36,251391738,35776,0.024094815676146086,0.25755901365263956,0.11748049486674347
3000489,목상권489,CS100005,패스트푸드점,발달상권,목구14,11000093,목93동,관광특구형,27.935004071956044,54.39494572575359,0.17163520232911153,2.7088064305799273,186,816103477,19497,0.16307708240885702,0.6610980778733037,0.3622854805946357
3000490,목상권490,CS100006,제과점,전통시장,목구15,11000094,목94동,유입 집중형,27.83558711193772,44.390587727609,0.27186986046314576,7.874256697163603,189,400357991,26545,0.264469699988722,0.014842589023078778,0.1646188556024647
3000491,목상권491,CS100007,커피-음료,관광특구,목구16,11000095,목95동,청년 밀집형,23.257418459995275,55.267225238719426,0.6782465930423415,7.836102620168344,69,745916502,38029,0.6755410939237398,0.01961608995865327,0.4131710923377052
3000492,목상권492,CS100008,치킨전문점,골목상권,목구17,11000096,목96동,가족 주거형,14.94092524321101,46.15378616682399,0.30675036235564124,6.763088380818215,109,952262242,1275,0.29975315837743977,0.1538621490641836,0.24139675465213728
3000493,목상권493,CS100009,호프-간이주점,발달상권,목구18,11000097,목97동,일반 주거·생활형,37.87859290899467,51.843784078719914,0.49828751926358344,4.622510723568562,53,574722066,10857,0.49350304553455915,0.4216723086657531,0.4647707507870367
3000494,목상권494,CS100010,반찬가게,전통시장,목구19,11000098,목98동,발달상권형,1.1698117504320356,23.151535841476147,0.8052153603009944,2.7008054390060376,129,354936382,49843,0.8039766660392121,0.6620990912320657,0.7472256361163535
3000495,목상권495,CS100000,한식음식점,관광특구,목구20,11000099,목99동,전통시장형,14.983315115541156,29.644095002894403,0.2331722294768355,6.0778845462907,94,255772400,30700,0.22532501517725723,0.2395887975055203,0.23103052810856245
3000496,목상권496,CS100001,중식음식점,골목상권,목구21,11000100,목100동,관광특구형,24.855476964264604,42.90641824652522,0.08832476106335452,5.785871976550569,185,548955155,7436,0.07880419846911985,0.27612282963601087,0.15773165093587627
3000497,목상권497,CS100002,일식음식점,발달상권,목구22,11000101,목101동,유입 집중형,31.906822827415386,35.3032839946667,0.7452109945087693,3.229955314726068,191,88951265,18732,0.7432791006745669,0.5958965350249659,0.6843260744147266
3000498,목상권498,CS100003,양식음식점,전통시장,목구23,11000102,목102동,청년 밀집형,41.83217906622177,49.24222224176056,0.1822243515084973,6.851666844297191,110,409433675,37917,0.17378856258177183,0.1427799945059387,0.16138513535143859
3000499,목상권499,CS100004,분식전문점,관광특구,목구24,11000103,목103동,가족 주거형,6.440574064828027,44.69522145075046,0.4347643256697467,2.8942476646203588,73,842382323,29388,0.4292460011607561,0.6378973094653544,0.5127065244825955
3000500,목상권500,CS100005,패스트푸드점,골목상권,목구0,11000104,목104동,일반 주거·생활형,13.659949417276355,56.162279696408866,0.05060603947002443,2.0703570577982138,125,271766779,31089,0.040649731887312315,0.7409752212430436,0.32077992762960483
3000501,목상권501,CS100006,제과점,발달상권,목구1,11000105,목105동,발달상권형,35.09572388937543,29.206083440176872,0.026270677976123258,2.932346136505153,81,274714699,15971,0.01603323647991102,0.6331307653498037,0.2628722480278681
3000502,목상권502,CS100007,커피-음료,전통시장,목구2,11000106,목106동,전통시장형,17.54897260171933,42.228042464859854,0.27195085936062935,3.0174997889740087,92,83589259,3110,0.26455163462480324,0.6224770928791481,0.40772181792654116
3000503,목상권503,CS100008,치킨전문점,관광특구,목구3,11000107,목107동,관광특구형,30.79832925564881,24.380649710908724,0.4988992442935794,7.625091206570273,46,501871794,31578,0.4941218375091621,0.046015973262144794,0.3148794918103552
3000504,목상권504,CS100009,호프-간이주점,골목상권,목구4,11000108,목108동,유입 집중형,46.72435918440841,22.013525493845016,0.22233469054182348,6.247967848211698,186,425783210,11879,0.21436227572963834,0.2183094778420842,0.21594115657461668
3000505,목상권505,CS100010,반찬가게,발달상권,목구5,11000109,목109동,청년 밀집형,14.368805024752664,59.436739973015634,0.853731127581681,6.483806587468184,22,86862041,48896,0.8530529110233223,0.18880341895811725,0.5873531141972402
3000506,목상권506,CS100000,한식음식점,전통시장,목구6,11000110,목110동,가족 주거형,1.5077169004013817,43.99914824334817,0.3674828509602176,2.835379638332668,175,951274227,45610,0.36118725818274905,0.6452623566815308,0.47481729758226177
3000507,목상권507,CS100001,중식음식점,관광특구,목구7,11000111,목111동,일반 주거·생활형,28.583231731774195,57.57919434654613,0.1851697479714017,5.948033279038636,121,667292403,31053,0.17676798569493302,0.2558346405327352,0.2083946476300539
3000508,목상권508,CS100002,일식음식점,골목상권,목구8,11000112,목112동,발달상권형,26.750800365122366,27.7955849895633,0.8687191341074729,2.8396138642310547,139,494841121,32091,0.868214066278843,0.6447326077561435,0.7788214828697632
3000509,목상권509,CS100003,양식음식점,발달상권,목구9,11000113,목113동,전통시장형,8.431852626394562,25.223331916468048,0.1286358646768391,1.625772858364419,122,368766237,28169,0.11958099552706827,0.79659766736335,0.390387664261581
3000510,목상권510,CS100004,분식전문점,전통시장,목구10,11000114,목114동,관광특구형,32.34756362566283,24.049399820405295,0.29024378683536933,1.9155368031840059,115,731518599,12805,0.28305589088098077,0.7603449633112012,0.47397151985306896
3000511,목상권511,CS100005,패스트푸드점,관광특구,목구11,11000115,목115동,유입 집중형,2.7259277871374645,58.65641699391079,0.17338304137425148,6.969320951570126,46,727592674,43543,0.1648451133394165,0.12806015234565493,0.15013112894191188
3000512,목상권512,CS100006,제과점,골목상권,목구12,11000116,목116동,청년 밀집형,5.102372467899333,37.219933891044356,0.6757612766705795,7.748240519288644,191,306571666,48594,0.673027065970354,0.030608619559169936,0.4160596874058804
3000513,목상권513,CS100007,커피-음료,발달상권,목구13,11000117,목117동,가족 주거형,28.9649550598853,25.01888211424786,0.5520155407115162,7.930276576332173,83,488342047,44856,0.5478517591771839,0.007833876804587359,0.33184460622814527
3000514,목상권514,CS100008,치킨전문점,전통시장,목구14,11000118,목118동,일반 주거·생활형,42.14095820735229,36.04751960150267,0.16948743967201857,7.301772239323663,74,454094996,37882,0.16090450775457185,0.08646678518540063,0.13112941872690337
3000515,목상권515,CS100009,호프-간이주점,관광특구,목구15,11000119,목119동,발달상권형,48.082198929904116,38.41474089744358,0.8827110810568012,7.7339974399247815,169,906862871,30018,0.8823676549939752,0.0323905877791667,0.5423768281080518
3000516,목상권516,CS100010,반찬가게,골목상권,목구16,11000120,목120동,전통시장형,49.40249958468348,45.958296322516546,0.19800026817774102,1.586860885247451,165,691045469,48872,0.18974673030133948,0.8014659895639362,0.4344344340063782
3000517,목상권517,CS100000,한식음식점,발달상권,목구17,11000121,목121동,관광특구형,1.5003349522684055,59.93757116015806,0.5388347692881587,7.803773692386146,144,180292067,38781,0.5345187170816144,0.02366079970313517,0.33017555013022265
3000518,목상권518,CS100001,중식음식점,전통시장,목구18,11000122,목122동,유입 집중형,7.899362652552874,20.07400183439848,0.6114992320107571,0.856453315027184,72,213306747,48076,0.6080226349642567,0.8928481299373048,0.7219528329534759
3000519,목상권519,CS100002,일식음식점,관광특구,목구19,11000123,목123동,청년 밀집형,5.0812425881301495,54.93482901796817,0.3184792434919961,2.579399124412821,199,36207139,49019,0.3116175372443571,0.6772883764129749,0.45788587291180416
3000520,목상권520,CS100003,양식음식점,골목상권,목구20,11000124,목124동,가족 주거형,22.08483404329745,31.57749530741388,0.5257839630285488,0.6032727331395886,51,384759854,11188,0.5213171415704766,0.9245238469166431,0.6825998237089432
3000521,목상권521,CS100004,분식전문점,발달상권,목구21,11000125,목125동,일반 주거·생활형,12.710641643023315,26.608468464328467,0.3815195952719904,1.5260981529362025,187,689391921,9995,0.37538616178121087,0.8090680856537418,0.5488589313302232
3000522,목상권522,CS100005,패스트푸드점,전통시장,목구22,11000126,목126동,발달상권형,31.48328650666306,25.72340127597984,0.8722884153253567,4.1259894309840766,112,319724230,7974,0.8718245815666384,0.48379266489869677,0.7166118148994618
3000523,목상권523,CS100006,제과점,관광특구,목구23,11000127,목127동,전통시장형,11.382114440363466,38.279741048166194,0.26587369922174653,2.764739741594833,54,956518556,23336,0.25840426818085943,0.6541001962971722,0.41668263942738454
3000524,목상권524,CS100007,커피-음료,골목상권,목구24,11000128,목128동,관광특구형,25.74019573944895,39.69531375935331,0.15897300684178128,7.214163940849725,31,436409795,33203,0.15026860709035397,0.09742756127183005,0.1291321887629444
3000525,목상권525,CS100008,치킨전문점,발달상권,목구0,11000129,목129동,유입 집중형,20.776922001519335,38.680667074189415,0.45969005118105144,6.572250063972692,16,457945963,35620,0.45445968075737736,0.17773815277720073,0.3437710695653067
3000526,목상권526,CS100009,호프-간이주점,전통시장,목구1,11000130,목130동,청년 밀집형,8.738783435372554,21.03870104719767,0.4362047113065893,0.815399316340085,195,699155327,28236,0.4307030268319428,0.8979844434475566,0.6176155934781883
3000527,목상권527,CS100010,반찬가게,관광특구,목구2,11000131,목131동,가족 주거형,40.35522155243661,29.844768711676565,0.7499821532009188,4.447470707028511,33,140257326,16819,0.7481053781088559,0.4435717686584746,0.6262919343287034
3000528,목상권528,CS100000,한식음식점,골목상권,목구3,11000132,목132동,일반 주거·생활형,17.15381390586115,29.507003260845583,0.5741128027244453,3.170341278948497,78,787201333,22662,0.5702042994915629,0.603354916355825,0.5834645462372678
3000529,목상권529,CS100001,중식음식점,발달상권,목구4,11000133,목133동,발달상권형,38.66332460515478,20.19384843786881,0.10421101658663284,3.109256563988364,116,271857535,9743,0.0948739797307457,0.6109972960692098,0.30132330626613135
3000530,목상권530,CS100002,일식음식점,전통시장,목구5,11000134,목134동,전통시장형,33.36617675686987,58.547193479203386,0.2575092353596922,0.06369907496767979,61,546246210,49826,0.24994317397039384,0.9920305346662893,0.5467781182487521
3000531,목상권531,CS100003,양식음식점,관광특구,목구6,11000135,목135동,관광특구형,1.8912939254750076,47.378821954211006,0.13225661419034637,3.825839061132023,164,439514052,1292,0.12324357369723188,0.5213448266632132,0.2824840748836244
3000532,목상권532,CS100004,분식전문점,골목상권,목구7,11000136,목136동,유입 집중형,47.03632800150679,37.09055354181962,0.41874863170846477,0.053663047902601235,163,148380054,19516,0.41304528612543406,0.9932861536815405,0.6451416331478766
3000533,목상권533,CS100005,패스트푸드점,발달상권,목구8,11000137,목137동,청년 밀집형,16.169799231147543,48.40689462163918,0.12596963288631668,5.690268066286464,23,820568567,34569,0.1168839621321499,0.2880839460102055,0.18536395568337213
3000534,목상권534,CS100006,제과점,전통시장,목구9,11000138,목138동,가족 주거형,19.828269076665393,58.89876345088777,0.6381893162130247,6.060782752043487,50,475685093,32433,0.635021055980231,0.24172842286847218,0.4777040027355275
3000535,목상권535,CS100007,커피-음료,관광특구,목구10,11000139,목139동,일반 주거·생활형,11.64028827130198,49.68785627579468,0.07281577107154846,2.4030443691335064,106,365228659,1340,0.06311604109359018,0.6993523248980453,0.31761055461537224
3000536,목상권536,CS100008,치킨전문점,골목상권,목구11,11000140,목140동,발달상권형,40.68938142755575,34.528624958897666,0.21912958573651536,3.1508026010733206,8,750977243,15596,0.21112014399718473,0.6057994230628967,0.36899185562346953
3000537,목상권537,CS100009,호프-간이주점,발달상권,목구12,11000141,목141동,전통시장형,8.420898120491781,21.80425314627007,0.6131524754409727,0.4550761069551603,50,432600976,38335,0.6096949774654116,0.9430648991304929,0.7430429461314441
3000538,목상권538,CS100010,반찬가게,전통시장,목구13,11000142,목142동,관광특구형,7.025688309515939,26.253720392089498,0.1624529607390172,1.5458541538806623,104,565632255,48202,0.15378876310491513,0.8065963894047852,0.4149118136248632
3000539,목상권539,CS100000,한식음식점,관광특구,목구14,11000143,목143동,유입 집중형,27.675781097399657,57.278906170511725,0.11268343536128994,0.8830893274701381,35,730307265,38925,0.10344427600138856,0.8895156674502104,0.4178728325809173
3000540,목상권540,CS100001,중식음식점,골목상권,목구15,11000144,목144동,청년 밀집형,39.57542998350686,31.114206235460657,0.03906073902174739,4.39847857012123,54,744438069,18616,0.028971054521730297,0.4497012318713248,0.1972631254615681
3000541,목상권541,CS100002,일식음식점,발달상권,목구16,11000145,목145동,가족 주거형,10.045614247678945,22.258611544098656,0.6124550449353588,5.74784263313859,63,63804597,18070,0.6089894899039169,0.28088072500795025,0.4777459839455302
3000542,목상권542,CS100003,양식음식점,전통시장,목구17,11000146,목146동,일반 주거·생활형,34.00976133064792,36.37181755791701,0.48296749550955875,6.0889668406795,121,260368626,49505,0.4780060374265538,0.23820227876887723,0.3820845339634832
3000543,목상권543,CS100004,분식전문점,관광특구,목구18,11000147,목147동,발달상권형,19.30801859421174,31.434268166509067,0.2560359366487555,6.2878464104858205,121,96509794,20962,0.2484528549972981,0.21332022454816923,0.23439980281764655
3000544,목상권544,CS100005,패스트푸드점,골목상권,목구19,11000148,목148동,전통시장형,31.261162585429123,44.55161376499486,0.020885402132435227,7.227078281944677,106,529373871,25728,0.010585747314526776,0.09581183304161389,0.04467618160536163
3000545,목상권545,CS100006,제과점,발달상권,목구20,11000149,목149동,관광특구형,7.5770550430419314,40.47489707203309,0.3559551789539461,7.569251467939071,21,587546638,46183,0.3495264129114952,0.053002147888552176,0.23091670690231803
3000546,목상권546,CS100007,커피-음료,전통시장,목구21,11000150,목150동,유입 집중형,43.92402250741611,41.26687718111021,0.17635552508144448,2.966813855833231,58,96539061,26275,0.1678519366218662,0.6288184689081904,0.3522385495363959
3000547,목상권547,CS100008,치킨전문점,관광특구,목구22,11000151,목151동,청년 밀집형,12.545266032485232,29.689217728107593,0.8375831040925829,2.3862647740595593,191,2894535,33514,0.836718337725218,0.7014516395478008,0.7826116584542511
3000548,목상권548,CS100009,호프-간이주점,골목상권,목구23,11000152,목152동,가족 주거형,6.370627588544529,36.83121161313902,0.37958498921087863,2.417543784351361,61,145699089,49212,0.37342920621141484,0.6975382862013075,0.5030728382073719
3000549,목상권549,CS100010,반찬가게,발달상권,목구24,11000153,목153동,일반 주거·생활형,46.83841393234982,35.956759597858856,0.37326838248590716,4.867979820260138,74,688615211,41452,0.3670396269781419,0.3909613845656249,0.3766083300131351
3000550,목상권550,CS100000,한식음식점,전통시장,목구0,11000154,목154동,발달상권형,27.83026936086835,42.869412427987584,0.6841456691337976,3.280170213138476,96,343611696,22781,0.6815083190068615,0.5896140906984739,0.6447506276835064
3000551,목상권551,CS100001,중식음식점,관광특구,목구1,11000155,목155동,전통시장형,17.790592376230006,44.91848659949782,0.5258648524732268,1.3984989809234447,106,52973284,48737,0.5213989654893003,0.8250321664269998,0.6428522458643802
3000552,목상권552,CS100002,일식음식점,골목상권,목구2,11000156,목156동,관광특구형,11.06788871318823,46.477635811198205,0.6258941614714111,7.357189867524034,199,506851593,35364,0.6225838616403782,0.07953342128579277,0.40536368549854396
3000553,목상권553,CS100003,양식음식점,발달상권,목구3,11000157,목157동,유입 집중형,15.481838589431879,58.95199003777469,0.29891473249425393,3.3944630656293038,83,58894044,16558,0.2918270075148246,0.5753147790321944,0.4052221161217725
3000554,목상권554,CS100004,분식전문점,전통시장,목구4,11000158,목158동,청년 밀집형,3.3079110441677533,59.46214204178672,0.5632492194887909,7.326284642501151,55,207261714,32003,0.5592152148668933,0.08340000992268204,0.36888913288920877
3000555,목상권555,CS100005,패스트푸드점,관광특구,목구5,11000159,목159동,가족 주거형,24.947709108847178,34.17316866219865,0.8412024797645421,5.0998964347296685,154,708779526,7434,0.8403795261825489,0.3619460272741063,0.6490061266191718
3000556,목상권556,CS100006,제과점,골목상권,목구6,11000160,목160동,일반 주거·생활형,29.041103877146906,43.009905941389796,0.2700770424693157,1.9112421403721997,119,752805216,41698,0.2626561704908148,0.7608822735690979,0.46194661172212803
3000557,목상권557,CS100007,커피-음료,발달상권,목구7,11000161,목161동,발달상권형,26.568277913271473,58.88156000156982,0.2647708600084044,6.3964643557157235,109,244614641,14806,0.25728868843337377,0.19973090712766028,0.23426557591108838
3000558,목상권558,CS100008,치킨전문점,전통시장,목구8,11000162,목162동,전통시장형,5.401338127683539,40.227463634078056,0.7780015379028471,4.164973775164101,159,32869534,30889,0.7764484563493862,0.4789152882702641,0.6574351891177374
3000559,목상권559,CS100009,호프-간이주점,관광특구,목구9,11000163,목163동,관광특구형,23.932333910558867,41.63042366971024,0.781234847363329,2.3005370221495953,148,876597762,9691,0.7797191185708867,0.712177138267053,0.7527023264493532
3000560,목상권560,CS100010,반찬가게,골목상권,목구10,11000164,목164동,유입 집중형,37.20344328704511,53.10814926052887,0.22688621546291052,7.676062058707843,55,120510764,1368,0.21896638207688499,0.03963895068613155,0.1472354095205836
3000561,목상권561,CS100000,한식음식점,발달상권,목구11,11000165,목165동,청년 밀집형,16.27149662607822,29.362304307637256,0.3322515189769204,0.5752326507978314,191,989194136,25550,0.3255489167436536,0.9280319742213239,0.5665421397347217
3000562,목상권562,CS100001,중식음식점,전통시장,목구12,11000166,목166동,가족 주거형,16.05406295218237,31.476220358829174,0.488867832615327,2.5056102961571156,166,304295552,44419,0.4839745380918373,0.6865201825121584,0.5649927958599658
3000563,목상권563,CS100002,일식음식점,관광특구,목구13,11000167,목167동,일반 주거·생활형,7.696122917698838,55.27216563817847,0.2636900985085507,7.677097878807436,39,696309393,26124,0.2561954414518439,0.0395093580290975,0.16952100808274534
3000564,목상권564,CS100003,양식음식점,골목상권,목구14,11000168,목168동,발달상권형,29.031855848368775,36.85327559429651,0.03155949158256642,1.2192505124133746,61,413434567,3772,0.021383149029442605,0.8474581507389626,0.3518131497132506
3000565,목상권565,CS100004,분식전문점,발달상권,목구15,11000169,목169동,전통시장형,26.635874104309853,21.49299659906186,0.48113231672242635,2.9230513033565027,96,885612038,37838,0.47614965776288914,0.6342936527323657,0.5394072557506797
3000566,목상권566,CS100005,패스트푸드점,전통시장,목구16,11000170,목170동,관광특구형,47.342716816163,43.261207148763084,0.24838953731526237,2.61917017152925,59,983391753,35902,0.24071812074552779,0.6723125744654495,0.41335590223349644
3000567,목상권567,CS100006,제과점,관광특구,목구17,11000171,목171동,유입 집중형,16.712346021965345,47.855835119282304,0.04759647079076644,5.606314723104531,94,342650820,15078,0.03760539520919147,0.2985874463903445,0.1419982156816527
3000568,목상권568,CS100007,커피-음료,골목상권,목구18,11000172,목172동,청년 밀집형,45.442982506344954,55.6926029118995,0.6537171478975554,0.27087106529164817,43,850165223,1162,0.6507282727168694,0.9661110060728141,0.7768813660592473
3000569,목상권569,CS100008,치킨전문점,발달상권,목구19,11000173,목173동,가족 주거형,8.457533745548464,48.20478525717239,0.36131888177367205,2.771382961295809,187,969654483,28823,0.35495207983086846,0.6532690553561457,0.47427887004097935
3000570,목상권570,CS100009,호프-간이주점,전통시장,목구20,11000174,목174동,일반 주거·생활형,33.20909620876832,54.77357733708978,0.6543208687705158,4.752807631461016,32,845745039,33593,0.6513389680665278,0.40537071101986144,0.5529516652478612
3000571,목상권571,CS100010,반찬가게,관광특구,목구21,11000175,목175동,발달상권형,24.074946044464202,42.521176322346406,0.19054752944282527,7.6916161815600885,43,825757748,4684,0.18220789390942504,0.037692956290920177,0.12440191886202309
3000572,목상권572,CS100000,한식음식점,골목상권,목구22,11000176,목176동,전통시장형,14.290193011687219,39.52343633013303,0.5358267570564328,2.029411398792477,120,516047464,30471,0.5314759548318634,0.746097980249791,0.6173247649990344
3000573,목상권573,CS100001,중식음식점,발달상권,목구23,11000177,목177동,관광특구형,49.340207647930484,59.85875363536186,0.4696740788800286,0.07054732733944036,196,261072165,25953,0.4645590487926881,0.9911737418494244,0.6752049260153826
3000574,목상권574,CS100002,일식음식점,전통시장,목구24,11000178,목178동,유입 집중형,5.342577270475765,29.840296849824547,0.30007110533879644,1.0122456536605782,97,56674009,1840,0.2929967393400148,0.8733567693072405,0.5251407513269051
3000575,목상권575,CS100003,양식음식점,관광특구,목구0,11000179,목179동,청년 밀집형,39.140230334699346,49.47017733150484,0.6279616115659766,5.977721566058403,177,80656868,10316,0.6246751959224129,0.25212030442437994,0.47565323932319975
3000576,목상권576,CS100004,분식전문점,골목상권,목구1,11000180,목180동,가족 주거형,14.169111418904464,43.4542424533737,0.3461362075792542,3.951436399059891,56,672146006,39088,0.339594008011281,0.5056311976798982,0.40600888387872786
3000577,목상권577,CS100005,패스트푸드점,발달상권,목구2,11000181,목181동,일반 주거·생활형,47.64465264653586,32.538332641727905,0.5383641630955005,0.08710033008699813,8,216777705,34442,0.534042674217687,0.9891027764290881,0.7160667151022475
3000578,목상권578,CS100006,제과점,전통시장,목구3,11000182,목182동,발달상권형,38.901200843136884,28.741859771325444,0.5251145419964596,7.320110241379022,183,249813437,48654,0.5206399870615465,0.08417249642620195,0.34605299080740864
3000579,목상권579,CS100007,커피-음료,관광특구,목구4,11000183,목183동,전통시장형,49.67720647838243,53.704735845316705,0.8816207524151621,3.1075614875961675,55,559545307,21006,0.8812647303463922,0.6112093690475452,0.7732425858268535
3000580,목상권580,CS100008,치킨전문점,골목상권,목구5,11000184,목184동,관광특구형,39.92874405611762,51.50660349663727,0.15750326331645798,5.155676491573889,184,930540149,19056,0.1487818843741023,0.3549673195054617,0.23125605842664604
3000581,목상권581,CS100009,호프-간이주점,발달상권,목구6,11000185,목185동,유입 집중형,19.4900396491375,23.772983705690734,0.14389641972221381,0.07432355008986224,67,530931717,40520,0.13501784791502264,0.9907012942304108,0.4772912264411779
3000582,목상권582,CS100010,반찬가게,전통시장,목구7,11000186,목186동,청년 밀집형,19.137680614217416,47.14044452003314,0.5987592860779857,7.768570926172794,139,545708844,43982,0.5951355109894102,0.02806505871522247,0.3683073300797351
3000583,목상권583,CS100000,한식음식점,관광특구,목구8,11000187,목187동,가족 주거형,11.269216822577567,48.425697098390835,0.19529998048839098,1.3383283021982848,20,636925779,36966,0.1870152475773123,0.8325601900042544,0.44523322454808917
3000584,목상권584,CS100001,중식음식점,골목상권,목구9,11000188,목188동,일반 주거·생활형,1.7305228263083885,20.116012110117648,0.6031097375194202,3.0242491668756113,117,889936448,5387,0.5995362209585239,0.6216326703622086,0.6083748007199977
3000585,목상권585,CS100002,일식음식점,발달상권,목구10,11000189,목189동,발달상권형,34.5216165394601,54.97475520216298,0.5451611924163483,5.660599444399797,44,490355312,48733,0.5409182261219624,0.2917958217908935,0.44126926438953484
3000586,목상권586,CS100003,양식음식점,전통시장,목구11,11000190,목190동,전통시장형,4.392832589696803,51.81866222761953,0.19991948102283774,6.779224519242417,88,931115204,14317,0.1916881148252139,0.15184333802404082,0.17575020410474465
3000587,목상권587,CS100004,분식전문점,관광특구,목구12,11000191,목191동,관광특구형,20.730946206334153,37.5894214898011,0.15810529083426839,4.434650654521694,123,474792321,12080,0.14939086680614974,0.4451757003337975,0.2677048002172088
3000588,목상권588,CS100005,패스트푸드점,골목상권,목구13,11000192,목192동,유입 집중형,42.82989336081399,39.65652603430678,0.06395762990997268,0.13708362164122967,116,804914266,35522,0.05415556638370387,0.9828493087059176,0.4256330633125893
3000589,목상권589,CS100006,제과점,발달상권,목구14,11000193,목193동,청년 밀집형,21.114729317692543,54.17577078635722,0.7931157947153371,2.7917629857851516,160,882463589,32043,0.7917373203962256,0.650719286795921,0.7353301069561037
3000590,목상권590,CS100007,커피-음료,전통시장,목구15,11000194,목194동,가족 주거형,46.73423447831174,49.73651013833383,0.022947700908176646,7.294974264219652,20,145022469,13425,0.012671870767200815,0.08731728775483871,0.04253003756225597
3000591,목상권591,CS100008,치킨전문점,관광특구,목구16,11000195,목195동,일반 주거·생활형,10.337773418142469,46.44065924875875,0.570460707088251,7.480586615579645,13,88936121,26346,0.566510013073081,0.06409511066007667,0.36554405210787927
3000592,목상권592,CS100009,호프-간이주점,골목상권,목구17,11000196,목196동,발달상권형,15.333920608501861,43.64667552618738,0.6977889561225111,0.3950531083194848,14,357152240,17262,0.6953092198722007,0.9505744462800407,0.7974153104353368
3000593,목상권593,CS100010,반찬가게,발달상권,목구18,11000197,목197동,전통시장형,44.237678205546004,28.02924557430459,0.5326652399367868,5.775914003867552,177,102489240,16572,0.5282779143311833,0.27736868317676644,0.4279142218694166
3000594,목상권594,CS100000,한식음식점,전통시장,목구19,11000198,목198동,관광특구형,20.022668198304167,44.756901530058826,0.13811989269987496,1.4799202193005838,5,778003524,34357,0.12917458764737585,0.81484546062313,0.4034429368376775
3000595,목상권595,CS100001,중식음식점,관광특구,목구20,11000199,목199동,유입 집중형,4.041969224518911,45.46245278066531,0.42030099836670953,5.561664184590507,188,148533771,2359,0.4146155864771614,0.3041737271801296,0.3704388427583487
3000596,목상권596,CS100002,일식음식점,골목상권,목구21,11000200,목200동,청년 밀집형,37.588882667805755,54.170542064854494,0.682723763773929,3.628588809117562,83,719335479,48664,0.6800699871057826,0.5460230350405333,0.6264512062796829
3000597,목상권597,CS100003,양식음식점,발달상권,목구22,11000201,목201동,가족 주거형,34.03938504651978,31.640253642290332,0.2926610455752718,6.0805360402651125,157,745230485,12084,0.28550107496769433,0.23925706601142338,0.26700347138518593
3000598,목상권598,CS100004,분식전문점,전통시장,목구23,11000202,목202동,일반 주거·생활형,11.248468590624649,45.02122156197934,0.34118935999963657,7.879068292951299,63,781319218,29440,0.33459001204617933,0.01424060467951771,0.20645024909951468
3000599,목상권599,CS100005,패스트푸드점,관광특구,목구24,11000203,목203동,발달상권형,40.41446360480522,26.637813173150274,0.5613460280646535,3.693866043492825,110,853904640,16461,0.5572900368512133,0.5378561243483746,0.5495164718500778
3000600,목상권600,CS100006,제과점,골목상권,목구0,11000204,목204동,전통시장형,37.56516528462794,31.89348010627807,0.5975271415774701,1.0339059199241962,154,153894713,15017,0.5938891321572817,0.8706468282100671,0.7045922105783958
3000601,목상권601,CS100007,커피-음료,발달상권,목구1,11000205,목205동,관광특구형,5.6092687737196245,23.488322045969582,0.28050008714950486,4.523490897892779,22,996899459,23385,0.2731996272446961,0.4340607941888729,0.33754409402236685
3000602,목상권602,CS100008,치킨전문점,전통시장,목구2,11000206,목206동,유입 집중형,4.805578919946976,41.393265210137166,0.14358679772045915,0.111535645616196,158,49618288,19500,0.13470464900954782,0.986045645691679,0.4752410476824003
3000603,목상권603,CS100009,호프-간이주점,관광특구,목구3,11000207,목207동,청년 밀집형,3.3152689497000534,26.392477572538017,0.8684228213963622,0.2987408136294105,72,123702520,42550,0.8679143304194007,0.9626241894534247,0.9057982740330104
3000604,목상권604,CS100010,반찬가게,골목상권,목구4,11000208,목208동,가족 주거형,3.751554544441572,24.793037320276802,0.04554695555315557,7.526010029990699,191,286241048,19277,0.035532202976288285,0.05841213446817206,0.044684175573041794
3000605,목상권605,CS100000,한식음식점,발달상권,목구5,11000209,목209동,일반 주거·생활형,18.61678598270938,21.941918562908754,0.7124391813137098,4.952528008187268,66,314291074,29241,0.7101286915791206,0.38038346246777355,0.5782305999345818
3000606,목상권606,CS100001,중식음식점,전통시장,목구6,11000210,목210동,발달상권형,25.09643264650176,35.95741785656453,0.7134219781706643,5.450110392186962,192,492564019,38160,0.7111228421826239,0.31813035185411564,0.5539258460512206
3000607,목상권607,CS100002,일식음식점,관광특구,목구7,11000211,목211동,전통시장형,42.3590078980681,50.958139709671705,0.8724325758958822,3.95910831837882,9,423961140,27508,0.8719704075500806,0.5046713549335751,0.7250507865034784
3000608,목상권608,CS100003,양식음식점,골목상권,목구8,11000212,목212동,관광특구형,30.146851274517857,27.09999196521109,0.032699994041355096,2.3490562289399533,117,638291432,17874,0.0225368271264759,0.7061068438910187,0.29596483383229305
3000609,목상권609,CS100004,분식전문점,발달상권,목구9,11000213,목213동,유입 집중형,4.986891633683486,58.729436528618486,0.2282184121597829,1.470989649418856,108,851945414,21229,0.22031396895692917,0.8159627746048295,0.4585734912160893
3000610,목상권610,CS100005,패스트푸드점,전통시장,목구10,11000214,목214동,청년 밀집형,5.376955344328359,45.88445915320064,0.8913364096101188,4.173681727738721,106,184998074,46686,0.8910926275312964,0.4778258261986995,0.7257859069982576
3000611,목상권611,CS100006,제과점,관광특구,목구11,11000215,목215동,가족 주거형,34.71112969891856,50.08091250726311,0.800874975775804,1.3457467091262032,85,771917881,9276,0.7995861392842477,0.8316320644879357,0.8124045093657228
3000612,목상권612,CS100007,커피-음료,골목상권,목구12,11000216,목216동,일반 주거·생활형,43.95451302078544,31.73788348960732,0.6415318109851911,7.062269412391213,104,649172959,29052,0.6384021648751581,0.11643126233883361,0.4296138038606283
3000613,목상권613,CS100008,치킨전문점,발달상권,목구13,11000217,목217동,발달상권형,11.377318097236133,23.69815819819333,0.825265759533263,6.809970814543672,130,726720257,35515,0.8242586972201091,0.14799663326941592,0.5537538716398318
3000614,목상권614,CS100009,호프-간이주점,전통시장,목구14,11000218,목218동,전통시장형,8.596391617604144,29.362579385809013,0.6537656435545612,1.4744397129721634,41,2214797,44557,0.6507773286192551,0.8155311331422002,0.7166788504284332
3000615,목상권615,CS100010,반찬가게,관광특구,목구15,11000219,목219동,관광특구형,43.39238215979777,32.366594267170484,0.2612296575925867,3.539122968791844,82,644638861,13599,0.2537065763276012,0.5572162103478493,0.37511042993570043
3000616,목상권616,CS100000,한식음식점,골목상권,목구16,11000220,목220동,유입 집중형,37.78350353041699,31.282882916825745,0.5616388704378766,1.6029101055050807,56,668849751,21056,0.5575862622817394,0.7994580529566753,0.6543349785517136
3000617,목상권617,CS100001,중식음식점,발달상권,목구17,11000221,목221동,청년 밀집형,23.52023331018308,53.100994478636395,0.8799936720038952,2.4683985200306964,109,29223071,18628,0.8796188531120859,0.6911757910903955,0.8042416283034097
3000618,목상권618,CS100002,일식음식점,전통시장,목구18,11000222,목222동,가족 주거형,39.11162425712401,27.454643171058382,0.7056623887452391,6.916117895083209,136,126817344,37241,0.7032736102120131,0.1347164486032547,0.4758507455685097
3000619,목상권619,CS100003,양식음식점,관광특구,목구19,11000223,목223동,일반 주거·생활형,21.767762167058482,25.287081196789206,0.3326087036676493,6.786127045423103,147,661336894,22881,0.32591022780538265,0.15097975494783578,0.2559380386623639
3000620,목상권620,CS100004,분식전문점,골목상권,목구20,11000224,목224동,발달상권형,27.125299827102843,51.03732627903382,0.6386199650294836,1.0606783478907484,125,310319989,29390,0.6354566798609456,0.8672972986182016,0.728192927363848
3000621,목상권621,CS100005,패스트푸드점,발달상권,목구21,11000225,목225동,전통시장형,48.4595192582037,33.08560071416872,0.30067968258940553,2.0149419428610456,144,291532030,15750,0.2936123471705548,0.7479082707053699,0.4753307165844809
3000622,목상권622,CS100006,제과점,전통시장,목구22,11000226,목226동,관광특구형,14.773216799510235,21.10088705828953,0.33594384350849815,1.280698595897774,161,382696822,34050,0.3292838968012541,0.8397703095670092,0.5334784619075561
3000623,목상권623,CS100007,커피-음료,관광특구,목구23,11000227,목227동,유입 집중형,24.419790989076702,41.69921280129883,0.14983018476806076,6.396288083760832,95,702228062,30661,0.1410201626961816,0.19975296071689252,0.16451328190446596
3000624,목상권624,CS100008,치킨전문점,골목상권,목구24,11000228,목228동,청년 밀집형,16.721272052550596,32.98419501180142,0.42838596858104433,1.8383200152901802,15,265009633,29865,0.4227939581935638,0.7700056454264841,0.5616786330867319
3000625,목상권625,CS100009,호프-간이주점,발달상권,목구0,11000229,목229동,가족 주거형,48.9199854980546,48.258916191804744,0.7609844039922832,5.956072799752917,106,28337227,18433,0.7592347322441777,0.2548288067484201,0.5574723620458746
3000626,목상권626,CS100010,반찬가게,전통시장,목구1,11000230,목230동,일반 주거·생활형,40.01274739174799,57.296091716531926,0.4703311864533829,7.576775211712004,79,853669743,18021,0.46522374759182855,0.05206084355707585,0.29995858597792746
3000627,목상권627,CS100000,한식음식점,관광특구,목구2,11000231,목231동,발달상권형,5.74103459596577,57.764612108808514,0.8045465959328696,5.034765370717432,102,469896748,26106,0.8033001757803474,0.3700946504221908,0.6300179656370848
3000628,목상권628,CS100001,중식음식점,골목상권,목구3,11000232,목232동,전통시장형,27.370022300365843,32.839281408519845,0.08507206300942508,5.308256598085667,27,661604033,2052,0.07551392366772501,0.3358778449710752,0.1796594921890651
3000629,목상권629,CS100002,일식음식점,발달상권,목구4,11000233,목233동,관광특구형,15.532707759128787,29.334377426302794,0.29635814061300775,6.573082066025976,149,625178286,10239,0.28924088064265674,0.17763406003292492,0.244598152398764
3000630,목상권630,CS100003,양식음식점,전통시장,목구5,11000234,목234동,유입 집중형,41.809171722457705,21.03616896662128,0.802959123491793,6.329215950182595,142,625985037,48675,0.8016943640867372,0.2081444333353094,0.5642743917861661
3000631,목상권631,CS100004,분식전문점,관광특구,목구6,11000235,목235동,청년 밀집형,48.96940413973438,33.88898957104064,0.08825806605115313,7.829019230517141,6,959787587,11345,0.07873673296374967,0.020502301073949125,0.05544296020782945
3000632,목상권632,CS100005,패스트푸드점,골목상권,목구7,11000236,목236동,가족 주거형,13.923729581920432,33.25737691068559,0.6912584353169583,2.257208910438507,18,808122682,36363,0.6887032553190086,0.7175979687019041,0.7002611406721668
3000633,목상권633,CS100006,제과점,발달상권,목구8,11000237,목237동,일반 주거·생활형,11.181590909978915,41.99156098731916,0.36662643746764473,4.35568705444266,86,898305174,11414,0.36032095098562605,0.45505492815263393,0.3982145418524292
3000634,목상권634,CS100007,커피-음료,전통시장,목구9,11000238,목238동,발달상권형,39.67689626610945,49.873572231587616,0.3194264895788936,7.142906955428244,130,520313875,1602,0.31257572637804365,0.10634260557018682,0.2300824780549009
3000635,목상권635,CS100008,치킨전문점,관광특구,목구10,11000239,목239동,전통시장형,6.537454699926264,33.71199424476842,0.500011190610323,2.6733255400123648,77,504493412,35469,0.4952466295697302,0.6655371333467284,0.5633628310805294
3000636,목상권636,CS100009,호프-간이주점,골목상권,목구11,11000240,목240동,관광특구형,36.3695987553434,57.81991973499843,0.6057823953513335,7.214915693963451,39,181451714,33923,0.6022397546315839,0.09733350856568967,0.4002772562052262
3000637,목상권637,CS100010,반찬가게,발달상권,목구12,11000241,목241동,유입 집중형,33.08924946035149,38.35268776975157,0.8297185301784236,7.636989862392064,125,89302405,4914,0.8287629084340776,0.04452731859741643,0.5150686724994131
3000638,목상권638,CS100000,한식음식점,전통시장,목구13,11000242,목242동,청년 밀집형,33.03004559518942,33.63811150072333,0.6415476632445805,1.7710196363437172,87,747759849,22773,0.638418200267546,0.7784256740883063,0.6944211897958501
3000639,목상권639,CS100001,중식음식점,관광특구,목구14,11000243,목243동,가족 주거형,22.89818724751313,46.59761550500626,0.4983652108185508,4.8448900098001655,11,835821612,7370,0.49358163462009735,0.393850177599371,0.45368905181180685
3000640,목상권640,CS100002,일식음식점,골목상권,목구15,11000244,목244동,일반 주거·생활형,48.79264482362133,57.4102727775127,0.6728209443643108,0.3623476439556228,41,515213455,39478,0.6700527655174251,0.9546662649540631,0.7838981652920803
3000641,목상권641,CS100003,양식음식점,발달상권,목구16,11000245,목245동,발달상권형,48.89087000646758,20.44589141592272,0.5085343123151672,1.9549183191285717,82,692360413,31761,0.5038682145154316,0.755417896061505,0.6044880871338609
3000642,목상권642,CS100004,분식전문점,전통시장,목구17,11000246,목246동,전통시장형,13.729033170407108,57.009258215062786,0.5552713827033848,2.3861658349073585,35,129377319,25412,0.5511452142368158,0.7014640179401717,0.6112727357181582
3000643,목상권643,CS100005,패스트푸드점,관광특구,목구18,11000247,목247동,관광특구형,4.644928754296017,46.070699713940215,0.24538703996881203,3.4375867685490586,56,196665606,47671,0.23768093709168508,0.5699195224188982,0.37057637122257037
3000644,목상권644,CS100006,제과점,골목상권,목구19,11000248,목248동,유입 집중형,33.797819408707,22.633663040023656,0.5341949309225748,4.140890762910952,117,807075905,24640,0.5298252770500741,0.48192834193517486,0.5106665030041144
3000645,목상권645,CS100007,커피-음료,발달상권,목구20,11000249,목249동,청년 밀집형,46.87146339711375,29.764783692663734,0.6748169424666686,7.546003268925775,31,503788880,5479,0.6720718223591402,0.0559107570983669,0.42560739625483085
3000646,목상권646,CS100008,치킨전문점,전통시장,목구21,11000250,목250동,가족 주거형,12.34318555311814,53.876644387056714,0.4892245262352423,2.3445223491149942,106,84284491,166,0.48433535240966424,0.7066740828675746,0.5732708445928284
3000647,목상권647,CS100009,호프-간이주점,관광특구,목구22,11000251,목251동,일반 주거·생활형,4.211552258919143,43.03724698845831,0.25245061709558575,0.21143489454814723,64,630671784,9807,0.24482611609157903,0.9735471345024526,0.5363145234559284
3000648,목상권648,CS100010,반찬가게,골목상권,목구23,11000252,목252동,발달상권형,24.544632616415278,29.320277887108016,0.8388446313734502,2.935750655237734,89,460580356,38360,0.8379944387818457,0.6327048220526515,0.7558785920901679
3000649,목상권649,CS100000,한식음식점,발달상권,목구24,11000253,목253동,전통시장형,41.272572786036186,44.929555815088804,0.6587603586509468,0.6902539228599558,68,457061013,30112,0.6558297450899233,0.9136415291355279,0.7589544587081651
3000650,목상권650,CS100001,중식음식점,전통시장,목구0,11000254,목254동,관광특구형,20.719937379030654,59.609475845035305,0.8400319188931713,0.3472653060394215,61,580100917,17577,0.8391954424235546,0.9565532337873698,0.8861385589690807
3000651,목상권651,CS100002,일식음식점,관광특구,목구1,11000255,목255동,유입 집중형,21.244785406021933,52.90513516809264,0.09234880476396189,5.888235985302818,134,299995800,31369,0.08287472987667707,0.2633159494798293,0.15505121771793795
3000652,목상권652,CS100003,양식음식점,골목상권,목구2,11000256,목256동,청년 밀집형,46.447652067969685,26.964394748642185,0.04268780781109515,2.627691491814116,21,312745577,19467,0.0326400249710776,0.6712464621766581,0.2880825998533098
3000653,목상권653,CS100004,분식전문점,발달상권,목구3,11000257,목257동,가족 주거형,33.67114692590573,34.255517359679644,0.22435006913538236,3.9784007238041124,105,780659212,1641,0.2164009369554003,0.5022576596590553,0.3307436260368623
3000654,목상권654,CS100005,패스트푸드점,전통시장,목구4,11000258,목258동,일반 주거·생활형,24.385883471099632,30.738787058382563,0.8494381551149384,0.20057039045615355,78,537890673,25618,0.8487103440539285,0.9749064052418319,0.8991887685290898
3000655,목상권655,CS100006,제과점,관광특구,목구5,11000259,목259동,발달상권형,43.54198851776451,29.560054679635538,0.5296192392947967,6.246153712248656,15,132750180,13753,0.5251967248106051,0.21853644650176163,0.4025326134870677
3000656,목상권656,CS100007,커피-음료,골목상권,목구6,11000260,목260동,전통시장형,38.136210148561744,33.8854383734913,0.2579086593652858,7.26665352969662,66,532487300,12570,0.25034721231606477,0.09086052778024012,0.1865525385017349
3000657,목상권657,CS100008,치킨전문점,발달상권,목구7,11000261,목261동,관광특구형,4.8339039971512765,56.01475696276455,0.1572930814623304,7.641328368147571,135,615327620,15258,0.1485692743971292,0.043984523097856054,0.10673537387741994
3000658,목상권658,CS100009,호프-간이주점,전통시장,목구8,11000262,목262동,유입 집중형,17.523955077702258,59.150765496185535,0.028489693379188642,6.870654395246285,74,160543103,35188,0.018277887026491208,0.14040443992939822,0.067128508187654
3000659,목상권659,CS100010,반찬가게,관광특구,목구9,11000263,목263동,청년 밀집형,37.450354996150075,51.70220871714072,0.17817187507317406,1.517526251937987,171,388698308,23930,0.16968926997074005,0.8101405261543918,0.42586977244420077
3000660,목상권660,CS100000,한식음식점,골목상권,목구10,11000264,목264동,가족 주거형,29.814853397065406,25.53772746246535,0.15624616546888703,7.54215084279454,108,178213833,29433,0.1475102639217355,0.056392738610957616,0.11106325379742434
3000661,목상권661,CS100001,중식음식점,발달상권,목구11,11000265,목265동,일반 주거·생활형,44.57163285968042,54.980331129704766,0.4920354188490806,4.113424482641091,9,877548232,45778,0.48717871781997835,0.48536468019546675,0.48645310277017373
3000662,목상권662,CS100002,일식음식점,전통시장,목구12,11000266,목266동,발달상권형,34.9599336598287,22.310229141915165,0.0994847873232167,0.2065305325329998,43,29386819,5066,0.09009315077176899,0.9741607249365918,0.4437201804376982
3000663,목상권663,CS100003,양식음식점,관광특구,목구13,11000267,목267동,전통시장형,34.48402809323554,55.510960762568054,0.5923288437157533,2.9717498434677214,16,847780312,32521,0.588630781034315,0.6282009217560431,0.6044588373230062
3000664,목상권664,CS100004,분식전문점,골목상권,목구14,11000268,목268동,관광특구형,6.856619412539043,34.61615999367253,0.827495788780774,1.2806755867411752,151,678267754,4215,0.8265144888484144,0.8397731882693446,0.8318179686167865
3000665,목상권665,CS100005,패스트푸드점,발달상권,목구15,11000269,목269동,유입 집중형,24.005934330479704,28.01369196052164,0.4007743292513167,2.715385156051938,163,783756629,48329,0.39486333579777955,0.6602750058802521,0.5010280038307686
3000666,목상권666,CS100006,제과점,전통시장,목구16,11000270,목270동,청년 밀집형,16.00274812568244,50.49540529240744,0.6104351439340686,3.560864470509981,42,25941720,42484,0.6069462540253733,0.5544961057885065,0.5859661947306266
3000667,목상권667,CS100007,커피-음료,관광특구,목구17,11000271,목271동,가족 주거형,3.716684850535752,27.070504786398004,0.6683592972410177,3.5439809534448257,52,645658881,33082,0.6655395752799382,0.5566084222394148,0.6219671140637288
3000668,목상권668,CS100008,치킨전문점,골목상권,목구18,11000272,목272동,일반 주거·생활형,13.680412505898435,47.82570513596383,0.203065655912816,6.774491490880224,156,160019516,37528,0.19487063585533876,0.15243549270564505,0.17789657859546126
3000669,목상권669,CS100009,호프-간이주점,발달상권,목구19,11000273,목273동,발달상권형,6.962299284840068,46.2420917163773,0.768967492783318,2.1044560137408865,148,256880473,36561,0.7673100455536034,0.7367090612173488,0.7550696518191016
3000670,목상권670,CS100010,반찬가게,전통시장,목구20,11000274,목274동,전통시장형,45.652186024799654,48.65936576426868,0.17762376688132914,2.281552094724444,136,531772912,1549,0.16913482976689548,0.7145523646114627,0.3873018437047223
3000671,목상권671,CS100000,한식음식점,관광특구,목구21,11000275,목275동,관광특구형,9.800430771589337,29.461174870476462,0.14060848515824534,5.4702215704148305,121,114268011,36105,0.13169192953431355,0.31561421896225805,0.20526084530549138
3000672,목상권672,CS100001,중식음식점,골목상권,목구22,11000276,목276동,유입 집중형,39.0988315430601,51.90505106756085,0.1738369810780067,1.8248211107847894,131,975267696,7361,0.16530429717506773,0.7716945090646667,0.40786038193090735
3000673,목상권673,CS100002,일식음식점,발달상권,목구23,11000277,목277동,청년 밀집형,19.120465414360115,58.4020251639036,0.1983663191876709,6.952523907747614,100,593903931,31943,0.1901170101102945,0.13016165002863145,0.16613486607762928
3000674,목상권674,CS100003,양식음식점,전통시장,목구24,11000278,목278동,가족 주거형,29.157817601582767,53.75876379996943,0.45258840274923406,4.0960900557722715,28,549611302,21332,0.44727599063423606,0.4875334104961955,0.46337895857901984
3000675,목상권675,CS100004,분식전문점,관광특구,목구0,11000279,목279동,일반 주거·생활형,26.739463782331512,29.11822738706007,0.7042785578831738,1.8154004751733108,166,404456162,40643,0.7018737926638255,0.7728731357396269,0.7302735298941461
3000676,목상권676,CS100005,패스트푸드점,골목상권,목구1,11000280,목280동,발달상권형,19.730675829836166,49.698141346189395,0.4168276365055406,3.8782776895400284,148,141373285,6022,0.41110209865306907,0.5147841688913857,0.4525749267483957
3000677,목상권677,CS100006,제과점,발달상권,목구2,11000281,목281동,전통시장형,21.610341442095994,42.332524901443534,0.45839761019063713,2.655544201013673,50,142688177,38696,0.45315230886101804,0.6677617773436613,0.5389960962540754
3000678,목상권678,CS100007,커피-음료,전통시장,목구3,11000282,목282동,관광특구형,36.2029009255362,23.47390480659104,0.8992498492090564,1.8416272795806856,119,546538327,35477,0.8990974870273352,0.7695918697456602,0.8472952401146652
3000679,목상권679,CS100008,치킨전문점,관광특구,목구4,11000283,목283동,유입 집중형,48.43216535519608,59.10969786164137,0.7287432087942588,7.733138563361405,106,826443428,31943,0.7266210711025423,0.032498042824647966,0.44897185979138454
3000680,목상권680,CS100009,호프-간이주점,골목상권,목구5,11000284,목284동,청년 밀집형,31.11132337567492,46.516763049722485,0.8850018054054011,6.488061969810594,81,828297144,3080,0.8846848429026514,0.1882710231254191,0.6061193149917585
3000681,목상권681,CS100010,반찬가게,발달상권,목구6,11000285,목285동,가족 주거형,21.70184960183614,42.00476891310857,0.2741902013141864,7.893728923504467,56,229603371,23061,0.26681684654405724,0.012406396144729825,0.16505266638432625
3000682,목상권682,CS100000,한식음식점,전통시장,목구7,11000286,목286동,일반 주거·생활형,41.83748384928624,24.35908133827313,0.6419403915281844,0.828186872702096,100,344732319,31057,0.6388154655389954,0.8963845774026945,0.7418431102844751
3000683,목상권683,CS100001,중식음식점,관광특구,목구8,11000287,목287동,발달상권형,12.375153460161428,52.714571039782385,0.6752351774785814,2.169074014935676,31,502033608,21587,0.6724948890250103,0.728624627954906,0.6949467845969686
3000684,목상권684,CS100002,일식음식점,골목상권,목구9,11000288,목288동,전통시장형,3.756031252655336,22.13697089263265,0.6730298577300664,6.523121917559486,81,540011408,31440,0.6702640923518326,0.18388463229747898,0.47571230833009115
3000685,목상권685,CS100003,양식음식점,발달상권,목구10,11000289,목289동,관광특구형,46.83032651455152,38.439103732721804,0.15997254287492224,1.3528602672010912,8,387911605,5631,0.1512796902491356,0.8307420789660749,0.42306464573591135
3000686,목상권686,CS100004,분식전문점,전통시장,목구11,11000290,목290동,유입 집중형,4.853198151866789,25.781382058708324,0.17141513893325203,1.01925309628614,69,570139241,4360,0.1628544767337833,0.8724800600126281,0.44670471004532125
3000687,목상권687,CS100005,패스트푸드점,관광특구,목구12,11000291,목291동,청년 밀집형,37.59779119944203,54.97298092132405,0.6788443890244732,4.097992651653664,174,654161130,9478,0.6761457959353535,0.48729537451327876,0.6006056273665237
3000688,목상권688,CS100006,제과점,골목상권,목구13,11000292,목292동,가족 주거형,18.550890510284862,26.382093286957847,0.7487384736901777,4.775297893847611,137,281159569,44625,0.7468473310084621,0.4025569281426852,0.6091311698621513
3000689,목상권689,CS100007,커피-음료,발달상권,목구14,11000293,목293동,일반 주거·생활형,38.80650642159744,38.644226546419546,0.0848026062501371,2.7430474010711654,107,895740418,41904,0.07524135401310253,0.6568141502423139,0.3078704725047871
3000690,목상권690,CS100008,치킨전문점,전통시장,목구15,11000294,목294동,발달상권형,37.59370169067363,35.005217085762574,0.23298600939311825,4.70437758449992,22,53227770,46799,0.22513664378870235,0.41142985050598846,0.29965392647561684
3000691,목상권691,CS100009,호프-간이주점,관광특구,목구16,11000295,목295동,전통시장형,32.09559510639973,27.880370164678062,0.8735131399029731,7.1048607277649465,174,669329656,35949,0.8730634547573154,0.11110261335044047,0.5682791181945654
3000692,목상권692,CS100010,반찬가게,골목상권,목구17,11000296,목296동,관광특구형,28.03309918744874,26.183582972476707,0.46866595689570856,6.464257310378371,128,351362711,40178,0.46353928049364995,0.1912492517452561,0.3546232689942924
3000693,목상권693,CS100000,한식음식점,발달상권,목구18,11000297,목297동,유입 집중형,49.88534523801182,37.84598489743604,0.6521057512449464,6.056912950918932,79,699803333,49677,0.6490982604276173,0.24221257818667963,0.48634398753124225
3000694,목상권694,CS100001,중식음식점,전통시장,목구19,11000298,목298동,청년 밀집형,46.07761605773778,36.00381997952064,0.31069469415263007,6.589910982869654,19,630665658,26364,0.3037430570107589,0.1755285746792108,0.2524572640781396
3000695,목상권695,CS100002,일식음식점,관광특구,목구20,11000299,목299동,가족 주거형,47.553543660845456,33.56281587159998,0.6634548528930897,1.2522605806442817,32,659015165,24814,0.6605784724092502,0.8433282227209636,0.7336783725339355
3000696,목상권696,CS100003,양식음식점,골목상권,목구21,11000300,목300동,일반 주거·생활형,44.055354697829955,29.294477134790537,0.39364431925680177,6.652836685001821,57,225437624,6618,0.3876509564653957,0.16765586692017098,0.2996529206473058
3000697,목상권697,CS100004,분식전문점,발달상권,목구22,11000301,목301동,발달상권형,7.3551622143004725,27.077153871177096,0.8786808966216064,0.4027677281776594,140,522781263,14816,0.8782909119110826,0.9496092612196034,0.9068182516344909
3000698,목상권698,CS100005,패스트푸드점,전통시장,목구23,11000302,목302동,전통시장형,9.604146125746832,59.67980847053593,0.20850955361204018,5.795609606986721,95,62619620,29500,0.20037742410440174,0.27490454336995784,0.23018827181062418
3000699,목상권699,CS100006,제과점,관광특구,목구24,11000303,목303동,관광특구형,48.1289021873776,22.851046759131215,0.4020425316904904,5.747083145023618,47,640891879,14077,0.39614618912738386,0.2809757454490901,0.35007801165606633
3000700,목상권700,CS100007,커피-음료,골목상권,목구0,11000304,목304동,유입 집중형,47.90058515763274,28.967090694879335,0.10160383284395702,7.869603560642779,21,187213536,18840,0.09223667653539702,0.015424748343517036,0.06151190525864503
3000701,목상권701,CS100008,치킨전문점,발달상권,목구1,11000305,목305동,청년 밀집형,10.44843156865692,51.44431211750187,0.15376510690140344,3.084760915858455,11,457145331,4656,0.14500054296085066,0.6140619750884442,0.3326251158118881
3000702,목상권702,CS100009,호프-간이주점,전통시장,목구2,11000306,목306동,가족 주거형,29.641383603051594,49.79606846368772,0.13268310725503463,0.8750048627782849,151,333204595,6386,0.12367499381691319,0.890527124227817,0.43041584598127475
3000703,목상권703,CS100010,반찬가게,관광특구,목구3,11000307,목307동,일반 주거·생활형,9.256249655458703,33.62493218363726,0.025628310991900327,0.7659086257184438,87,60495597,4346,0.015383448560345783,0.9041762812952913,0.37090058165432405
3000704,목상권704,CS100000,한식음식점,골목상권,목구4,11000308,목308동,발달상권형,42.44770523019378,58.04550354003128,0.7898601762913252,5.36474942844166,150,444538271,10477,0.788444091487215,0.32880996127961326,0.6045904394041742
3000705,목상권705,CS100001,중식음식점,발달상권,목구5,11000309,목309동,전통시장형,22.847732499290576,28.53045184493835,0.7952309510594234,2.2724052065890428,185,673188048,29840,0.7938769120535423,0.7156967424213978,0.7626048442006845
3000706,목상권706,CS100002,일식음식점,전통시장,목구6,11000310,목310동,관광특구형,24.688990951027936,59.77601286634737,0.0645205527374129,5.518287488386066,162,398932601,45120,0.054724992369008275,0.3096006360774344,0.1566752498523787
3000707,목상권707,CS100003,양식음식점,관광특구,목구7,11000311,목311동,유입 집중형,43.419220215452874,32.27271146722697,0.25341537714046036,0.8382100047775465,166,555698828,25536,0.24580202151299024,0.8951305716945891,0.5055334415856299
3000708,목상권708,CS100004,분식전문점,골목상권,목구8,11000312,목312동,청년 밀집형,21.00118299526739,36.23268787168408,0.47304562230468855,4.575681014930437,37,691754539,48324,0.4679695419242488,0.4275312279635398,0.4517942163399652
3000709,목상권709,CS100005,패스트푸드점,발달상권,목구9,11000313,목313동,가족 주거형,6.032932094503026,44.711015134170154,0.4221071541910419,6.595981307910209,67,219262591,35285,0.41644260789066584,0.17476910925526845,0.31977320843650686
3000710,목상권710,CS100006,제과점,전통시장,목구10,11000314,목314동,일반 주거·생활형,24.207690966934955,41.986128353773964,0.45757914961559254,7.05389999228307,78,85194238,25618,0.45232439303195693,0.11747837021989704,0.318385983907133
3000711,목상권711,CS100007,커피-음료,관광특구,목구11,11000315,목315동,발달상권형,35.9495719505313,36.41979580532728,0.3279166034722245,5.78625040188986,154,980422459,29546,0.3211639221899642,0.2760754844018075,0.30312854707470155
3000712,목상권712,CS100008,치킨전문점,골목상권,목구12,11000316,목316동,전통시장형,42.587415898490775,31.327147922730095,0.6756903193364187,2.7200013880041576,130,703505622,20852,0.6729552889026112,0.6596974637333018,0.6676521588348875
3000713,목상권713,CS100009,호프-간이주점,발달상권,목구13,11000317,목317동,관광특구형,24.104399177060298,42.660745875318675,0.41741129029679985,7.398252936352512,105,503464143,14273,0.4116924950963537,0.07439597299960687,0.276773886257655
3000714,목상권714,CS100010,반찬가게,전통시장,목구14,11000318,목318동,유입 집중형,5.371331077365399,22.99037814927243,0.7769848825471349,5.204412793522852,185,818784009,10067,0.7754200560973057,0.3488698641017123,0.6047999792990684
3000715,목상권715,CS100000,한식음식점,관광특구,목구15,11000319,목319동,청년 밀집형,41.57327321547868,27.503080971131425,0.6709924904305734,4.399019201622927,147,234212740,34641,0.6682031883959276,0.4496335928355417,0.5807753501717733
3000716,목상권716,CS100001,중식음식점,골목상권,목구16,11000320,목320동,가족 주거형,22.94843722798363,20.30155498296177,0.12360035219846757,4.889406900376571,178,765221589,39765,0.11448731036324566,0.3882806176584572,0.2240046332813303
3000717,목상권717,CS100002,일식음식점,발달상권,목구17,11000321,목321동,일반 주거·생활형,34.09678492589165,56.201767912547666,0.4967890445141717,2.4051746872118205,187,140874522,45899,0.49198725967716617,0.6990857983262935,0.5748266751368172
3000718,목상권718,CS100003,양식음식점,전통시장,목구18,11000322,목322동,발달상권형,5.020290537728359,32.79213848376782,0.7160171390639084,3.9910754345164374,156,981821124,43616,0.7137479836347457,0.5006719118646339,0.6285175549267009
3000719,목상권719,CS100004,분식전문점,관광특구,목구19,11000323,목323동,전통시장형,6.081588804019533,32.30515632078978,0.3954963899301748,4.321959721809107,86,453123497,33862,0.3895244231585737,0.45927459395402914,0.41742449147675587
3000720,목상권720,CS100005,패스트푸드점,골목상권,목구20,11000324,목324동,관광특구형,31.901525653802473,49.57410106040169,0.5927093048097798,5.504904692457581,80,370352211,38369,0.5890156373996558,0.31127497323655795,0.4779193717344167
3000721,목상권721,CS100006,제과점,발달상권,목구21,11000325,목325동,유입 집중형,3.0733466783571117,56.790791551777524,0.47129651415038226,5.772586766046712,150,535984508,11831,0.46620022722315757,0.2777849577691942,0.3908341194415722
3000722,목상권722,CS100007,커피-음료,전통시장,목구22,11000326,목326동,청년 밀집형,15.052247926318923,34.54857994136611,0.718690103164135,4.978817338587446,104,198211228,36973,0.7164518271142792,0.3770943737741467,0.5807088457782261
3000723,목상권723,CS100008,치킨전문점,관광특구,목구23,11000327,목327동,가족 주거형,30.098217588362974,34.154883441242944,0.311462645592849,6.858187506258498,112,964410885,26303,0.30451988019894094,0.14196418690622314,0.23949760288185384
3000724,목상권724,CS100009,호프-간이주점,골목상권,목구24,11000328,목328동,일반 주거·생활형,41.77279294510672,26.525031578624425,0.03191422002471815,2.9443741535656125,130,312659811,16976,0.021741975466818154,0.6316259261500939,0.2656955557401285
3000725,목상권725,CS100010,반찬가게,발달상권,목구0,11000329,목329동,발달상권형,33.04346408241875,38.365981281303945,0.8713503863309077,1.887587984578552,97,458426957,14147,0.8708757160057282,0.7638416725037184,0.8280620986049243
3000726,목상권726,CS100000,한식음식점,전통시장,목구1,11000330,목330동,전통시장형,4.939079242485219,47.359264294100115,0.7553897287951634,6.701284850209868,106,579072422,46541,0.7535754246423443,0.16159446063910132,0.516783039041047
3000727,목상권727,CS100001,중식음식점,관광특구,목구2,11000331,목331동,관광특구형,48.543662449659124,30.563389251727223,0.5912474621244728,6.115712811348452,16,247651623,24014,0.5875369067977609,0.23485605928027709,0.4464645677907674
3000728,목상권728,CS100002,일식음식점,골목상권,목구3,11000332,목332동,유입 집중형,31.4399543287642,57.15175898535135,0.563122931075283,3.498064204898699,182,821207566,22391,0.5590874675083054,0.5623531200385701,0.5603937285204112
3000729,목상권729,CS100003,양식음식점,발달상권,목구4,11000333,목333동,청년 밀집형,5.838280677993058,37.14753229043482,0.41573736284582596,4.8931613265592,188,957293802,16536,0.4099992296225884,0.38781089703338345,0.4011238965869064
3000730,목상권730,CS100004,분식전문점,전통시장,목구5,11000334,목334동,가족 주거형,27.388813086309426,42.577239305760514,0.35713484518140304,5.904077313046234,149,886156509,13391,0.35071970721607076,0.2613340225467433,0.31496543334833976
3000731,목상권731,CS100005,패스트푸드점,관광특구,목구6,11000335,목335동,일반 주거·생활형,21.06154728195727,45.07860246393054,0.7601044053892623,1.1957257292861874,9,548122552,45522,0.7583445674699576,0.8504013637088574,0.7951672859655176
3000732,목상권732,CS100006,제과점,골목상권,목구7,11000336,목336동,발달상권형,1.656205723239611,34.759262726701266,0.6947367907293598,4.921775176703265,193,562534477,11028,0.6922217943822623,0.38423098497182184,0.5690254706180862
3000733,목상권733,CS100007,커피-음료,발달상권,목구8,11000337,목337동,전통시장형,27.049277060951738,25.85261801657061,0.299721934759169,2.0686144554112005,58,47476182,42194,0.29264353497229034,0.7411932402538501,0.4720634170849143
3000734,목상권734,CS100008,치킨전문점,전통시장,목구9,11000338,목338동,관광특구형,12.701972810945529,40.922959205557085,0.1536835169575125,6.403192532053965,63,59695514,11159,0.14491801045030692,0.1988891371629643,0.16650646113536988
3000735,목상권735,CS100009,호프-간이주점,관광특구,목구10,11000339,목339동,유입 집중형,14.497232636497008,34.9831545101226,0.7509287851820216,5.290619213553541,88,808466081,23156,0.7490629460422995,0.33808447865731683,0.5846715590883065
3000736,목상권736,CS100010,반찬가게,골목상권,목구11,11000340,목340동,청년 밀집형,7.407715520810484,29.3091214621754,0.8988430832504528,4.07258536586441,177,123897335,2468,0.8986860219108478,0.49047410958005766,0.7354012569785318
3000737,목상권737,CS100000,한식음식점,발달상권,목구12,11000341,목341동,가족 주거형,15.50335157318756,27.21982516551237,0.32836648687884123,0.19252374754045576,159,618605246,27098,0.3216190028681626,0.9759131300930475,0.5833366537581166
3000738,목상권738,CS100001,중식음식점,전통시장,목구13,11000342,목342동,일반 주거·생활형,43.706062948929585,25.792729864380103,0.36764617787902787,7.23336860309779,27,643977019,41473,0.3613524719334388,0.0950248436482346,0.2548214206193571
3000739,목상권739,CS100002,일식음식점,관광특구,목구14,11000343,목343동,발달상권형,13.002154013395971,52.52156637942542,0.7407868813661127,1.689115843957409,108,696561991,3976,0.7388038780284878,0.7886727527853409,0.7587514279312291
3000740,목상권740,CS100003,양식음식점,골목상권,목구15,11000344,목344동,전통시장형,4.266400209555532,24.50583323178902,0.3179927371459558,4.123172897344578,55,60179775,29706,0.31112541054075443,0.48414504469718844,0.380333264203328
3000741,목상권741,CS100004,분식전문점,발달상권,목구16,11000345,목345동,관광특구형,28.082310197431294,52.802850523635264,0.011317965146721728,1.6195782870304658,99,196876025,30007,0.0009077826507003585,0.7973726773855236,0.3194937405446297
3000742,목상권742,CS100005,패스트푸드점,전통시장,목구17,11000346,목346동,유입 집중형,14.443933335885937,57.91749475597979,0.6951262346204684,0.6487085929456669,45,942531439,662,0.6926157373183193,0.9188393136668965,0.7831051678577501
3000743,목상권743,CS100006,제과점,관광특구,목구18,11000347,목347동,청년 밀집형,2.7870706221186072,53.884762235337725,0.4707910994775573,1.8917073156770403,84,754776707,32166,0.46568897375459717,0.7633262982003375,0.5847439035328933
3000744,목상권744,CS100007,커피-음료,골목상권,목구19,11000348,목348동,가족 주거형,21.132592467309,41.53334400122443,0.39893581308356624,3.570613499919757,114,505913480,38442,0.3930035801984553,0.5532763933836096,0.45711270547251703
3000745,목상권745,CS100008,치킨전문점,발달상권,목구20,11000349,목349동,일반 주거·생활형,11.708400378984344,54.02134341375739,0.36225041968533056,3.70371678353553,113,289088462,47114,0.3558943793208476,0.5366236868079305,0.42818610231568077
3000746,목상권746,CS100009,호프-간이주점,전통시장,목구21,11000350,목350동,발달상권형,37.18799673577703,55.75975828891125,0.590718741943894,2.8037251644380063,13,293510037,9429,0.5870020785849037,0.6492226847159386,0.6118903210373177
3000747,목상권747,CS100010,반찬가게,관광특구,목구22,11000351,목351동,전통시장형,5.373535652327093,57.35855671019658,0.2617585199771772,6.511523108408545,96,862661714,39212,0.25424154838727997,0.1853357727965781,0.22667923815099922
3000748,목상권748,CS100000,한식음식점,골목상권,목구23,11000352,목352동,관광특구형,48.888825317175794,24.065251618349457,0.11262521921098001,7.070092064479832,53,322191823,14774,0.10338538730983983,0.11545256124043368,0.10821225688207738
3000749,목상권749,CS100001,중식음식점,발달상권,목구24,11000353,목353동,유입 집중형,46.239634016248154,44.919703018006565,0.351848117844483,3.268794253790869,116,14654333,35546,0.34537190503766096,0.5910373501995649,0.4436380831024226
3000750,목상권750,CS100002,일식음식점,전통시장,목구0,11000354,목354동,청년 밀집형,4.353858635093084,44.838760248419405,0.5914190584622137,0.7783120770660394,142,30843264,26514,0.5877104854997245,0.9026244710753911,0.7136760797299911
3000751,목상권751,CS100003,양식음식점,관광특구,목구1,11000355,목355동,가족 주거형,18.567355676431227,25.242723641372706,0.5885299684427173,0.8751581512231708,157,270355125,10571,0.5847880193093487,0.890507946132245,0.7070759900385073
3000752,목상권752,CS100004,분식전문점,골목상권,목구2,11000356,목356동,일반 주거·생활형,31.666307257959595,37.53042899496225,0.2870240032381666,1.5876420164098617,185,3142326,25934,0.2797989107801004,0.8013682613359663,0.48842665100244675
3000753,목상권753,CS100005,패스트푸드점,발달상권,목구3,11000357,목357동,발달상권형,39.716679298583884,35.23031867213621,0.02439837273311504,2.6808206972959114,163,957621810,39498,0.01413930145752329,0.6645994055041775,0.27432334307618494
3000754,목상권754,CS100006,제과점,전통시장,목구4,11000358,목358동,전통시장형,44.80555165019963,49.807586975207215,0.07259183978169016,7.964190351910607,184,456945275,1592,0.06288952284072791,0.003590884909576264,0.03917006766826724
3000755,목상권755,CS100007,커피-음료,관광특구,목구5,11000359,목359동,관광특구형,4.036242000773801,29.827618059691048,0.2753595314617711,1.1971209597018824,78,766836703,5944,0.26799968536134655,0.8502268048092806,0.5008905331405202
3000756,목상권756,CS100008,치킨전문점,골목상권,목구6,11000360,목360동,유입 집중형,43.13661132857313,49.74584863563626,0.8748745720281048,0.9138072457124249,188,768479547,20454,0.8744406148074833,0.8856725129824277,0.8789333740774611
3000757,목상권757,CS100009,호프-간이주점,발달상권,목구7,11000361,목361동,청년 밀집형,1.8727753090807007,56.27781270047332,0.39509228854584005,5.515282572740772,68,879326998,9484,0.389115653398811,0.3099765845677075,0.3574600258663696
3000758,목상권758,CS100010,반찬가게,전통시장,목구8,11000362,목362동,가족 주거형,3.479255779308176,30.945051556157853,0.36281058140209255,4.787865983802559,148,982941705,15242,0.35646101229778243,0.4009845197951898,0.3742704152967454
3000759,목상권759,CS100000,한식음식점,관광특구,목구9,11000363,목363동,일반 주거·생활형,47.5112779487932,29.575499681563425,0.1149389486286051,5.970758198395177,16,994828940,21807,0.1057258460532701,0.2529914994492075,0.16463210741164508
3000760,목상권760,CS100001,중식음식점,골목상권,목구10,11000364,목364동,발달상권형,29.378155480160412,29.330287373022767,0.5585815681868723,1.9802801488753206,153,292944553,46960,0.5544936405904715,0.7522448480530569,0.6335941235755056
3000761,목상권761,CS100002,일식음식점,발달상권,목구11,11000365,목365동,전통시장형,21.835969421278808,49.83523671290986,0.8041013367335736,4.05622513698179,63,917368019,1034,0.8028497727305584,0.49252095683800867,0.6787182463735385
3000762,목상권762,CS100003,양식음식점,전통시장,목구12,11000366,목366동,관광특구형,8.915091137677091,20.749497463236224,0.8357617381694996,1.7561336474286948,154,280731952,8428,0.8348759304985157,0.7802880774697756,0.8130407892870197
3000763,목상권763,CS100004,분식전문점,관광특구,목구13,11000367,목367동,유입 집중형,24.650825408169712,31.21502130081982,0.7356704239630599,5.98690088406731,61,611640834,12801,0.7336283128249063,0.2509718692752634,0.540565735405049
3000764,목상권764,CS100005,패스트푸드점,골목상권,목구14,11000368,목368동,청년 밀집형,25.51331479041096,55.07773868421845,0.690645031763405,6.335189236872067,182,417184152,24832,0.688082765429729,0.2073971084923002,0.4958085026547575
3000765,목상권765,CS100006,제과점,발달상권,목구15,11000369,목369동,가족 주거형,28.003448960785686,24.390767862140045,0.8461140367705008,7.161118449283835,79,634524098,33915,0.8453478238801471,0.1040641443989555,0.5488343520876704
3000766,목상권766,CS100007,커피-음료,전통시장,목구16,11000370,목370동,일반 주거·생활형,15.263472686821105,53.4617142070497,0.11380343174818434,0.219471587558413,59,995942410,31938,0.10457721113042708,0.9725416544954747,0.45176298847644614
3000767,목상권767,CS100008,치킨전문점,관광특구,목구17,11000371,목371동,발달상권형,3.991562300253262,41.2406574458112,0.7305479431137273,4.401084836948237,131,119820055,46691,0.7284466545892684,0.44937515879822654,0.6168180562728516
3000768,목상권768,CS100009,호프-간이주점,골목상권,목구18,11000372,목372동,전통시장형,4.664479455149243,37.23365245931705,0.5597508760061624,2.3801182743260174,120,524758978,9545,0.5556764568215189,0.7022206352761529,0.6142941282033725
3000769,목상권769,CS100010,반찬가게,발달상권,목구19,11000373,목373동,관광특구형,32.708221550251196,47.976664549113366,0.6993197794352605,1.4258248384714491,92,778974671,18978,0.6968577279992438,0.8216133966167124,0.7467599954462313
3000770,목상권770,CS100000,한식음식점,전통시장,목구20,11000374,목374동,유입 집중형,10.55587601612215,41.84449040974627,0.6426405084515039,2.2698744451336355,195,655804276,48914,0.6395236705529976,0.7160133689296633,0.6701195499036638
3000771,목상권771,CS100001,중식음식점,관광특구,목구21,11000375,목375동,청년 밀집형,35.00006611408833,25.368491171315696,0.16518739812084673,0.8952051492036892,101,28161528,5914,0.1565547900352528,0.8879998429057575,0.4491328111834547
3000772,목상권772,CS100002,일식음식점,골목상권,목구22,11000376,목376동,가족 주거형,4.750532553369352,54.454403809591085,0.10899617334028841,1.0155979398660726,163,410545479,1487,0.09971441693894491,0.8729373608822844,0.40900359451628066
3000773,목상권773,CS100003,양식음식점,발달상권,목구23,11000377,목377동,일반 주거·생활형,45.62204919887272,53.05897465380083,0.10835720852298446,2.1093944739470762,190,375148393,17774,0.09906807048978303,0.7360912047188815,0.3538773241814224
3000774,목상권774,CS100004,분식전문점,전통시장,목구24,11000378,목378동,발달상권형,31.786965342465642,30.98469987883796,0.08504830618080107,5.910863844244483,87,882506432,48525,0.07548989238868016,0.2604849517376612,0.14948791612827256
3000775,목상권775,CS100005,패스트푸드점,관광특구,목구0,11000379,목379동,전통시장형,14.964669640307607,25.511904992372266,0.6543573926417993,6.5743989654075685,7,348799355,31289,0.6513759138793088,0.17746930122010207,0.4618132688156261
3000776,목상권776,CS100006,제과점,골목상권,목구1,11000380,목380동,관광특구형,27.72393394010079,51.57613001244975,0.8538421719457207,3.070717838606937,112,954638233,43831,0.8531652382257796,0.615818920811618,0.758226711260115
3000777,목상권777,CS100007,커피-음료,발달상권,목구2,11000381,목381동,유입 집중형,47.772994492989156,56.09006727615062,0.4895928881658566,3.2473011218821135,21,933237352,47780,0.48470796983618164,0.5937263809232701,0.528315334271017
3000778,목상권778,CS100008,치킨전문점,전통시장,목구3,11000382,목382동,청년 밀집형,31.99617156628826,41.41354094662689,0.04098795369535637,7.193487509301052,184,561527368,6782,0.030920533315125714,0.10001441366388752,0.05855808545463044
3000779,목상권779,CS100009,호프-간이주점,관광특구,목구4,11000383,목383동,가족 주거형,5.6016493672937155,30.607327588100823,0.022112162022549543,1.380869580784041,57,710053647,46157,0.01182667933061996,0.8272378011765842,0.33799112806900566
3000780,목상권780,CS100010,반찬가게,골목상권,목구5,11000384,목384동,일반 주거·생활형,19.374817644892055,24.101094930386022,0.6121266886098241,5.031601267423416,177,392773842,20939,0.6086573402466561,0.3704905150642871,0.5133906101737085
3000781,목상권781,CS100000,한식음식점,발달상권,목구6,11000385,목385동,발달상권형,13.736990927110462,20.339870751472738,0.24804816741307625,5.976500609946778,127,911815391,34952,0.24037280717245857,0.2522730596631414,0.24513290816873168
3000782,목상권782,CS100001,중식음식점,전통시장,목구7,11000386,목386동,전통시장형,44.98739093694484,45.553956417654504,0.15869669125288535,0.491530499271728,46,894956662,11419,0.14998909936959318,0.9385040477213353,0.46539507871029007
3000783,목상권783,CS100002,일식음식점,관광특구,목구8,11000387,목387동,관광특구형,10.703912456636793,52.20682040555689,0.05875702993335544,2.0727201705476146,176,179532545,34510,0.04889488655068747,0.7406795694593159,0.32560875971413883
3000784,목상권784,CS100003,양식음식점,골목상권,목구9,11000388,목388동,유입 집중형,22.821694626410565,46.951535768059024,0.48043625950696806,6.2695965787245935,68,789305069,39447,0.47544555935646476,0.2156034822193511,0.3715087285016193
3000785,목상권785,CS100004,분식전문점,발달상권,목구10,11000389,목389동,청년 밀집형,27.93621145204586,25.181559653855054,0.7974148146371828,0.5481040147340455,11,956742437,4792,0.7960860046838604,0.9314260694224064,0.8502220305792787
3000786,목상권786,CS100005,패스트푸드점,전통시장,목구11,11000390,목390동,가족 주거형,5.428594596845748,56.92881094092742,0.49113046327881343,2.0032267169624642,39,136548180,20282,0.48626330776350696,0.7493739762391269,0.591507575153755
3000787,목상권787,CS100006,제과점,관광특구,목구12,11000391,목391동,일반 주거·생활형,40.464608784954216,42.736435873538,0.8323621535159429,6.035243602359333,23,905382927,12812,0.8314370721921649,0.24492365558046325,0.5968317055474842
3000788,목상권788,CS100007,커피-음료,골목상권,목구13,11000392,목392동,발달상권형,15.914890571364964,20.390005147471978,0.5350524756221352,0.540350184952544,149,130975446,2898,0.5306927285224371,0.9323961600819415,0.6913741011462389
3000789,목상권789,CS100008,치킨전문점,발달상권,목구14,11000393,목393동,전통시장형,18.786515778023304,53.953456213408316,0.08854903623438885,7.219899121404715,146,134574951,45451,0.0790310645758405,0.09671002616415769,0.08610264921116738
3000790,목상권790,CS100009,호프-간이주점,전통시장,목구15,11000394,목394동,관광특구형,6.239129732692267,38.757732654167654,0.7183160684423815,0.35582235428494613,171,172783426,32985,0.7160734713617847,0.9554826515318786,0.8118371434298223
3000791,목상권791,CS100010,반찬가게,관광특구,목구16,11000395,목395동,유입 집중형,34.53160624338867,53.62480014947905,0.7090988001218473,3.2974076482704886,11,909734332,38656,0.7067497206816035,0.5874574951467118,0.6590328304676467
3000792,목상권792,CS100000,한식음식점,골목상권,목구17,11000000,목0동,청년 밀집형,13.742334375265859,37.98170044194123,0.7141501402191399,0.004473164362275739,182,547452317,12651,0.711859416312687,0.9994403572055759,0.8268917926698426
3000793,목상권793,CS100001,중식음식점,발달상권,목구18,11000001,목1동,가족 주거형,14.3183831766124,52.31333228855918,0.8609014008647597,0.9097141733437191,57,485284421,4557,0.8603060187853316,0.8861846020255939,0.8706574520814365
3000794,목상권794,CS100002,일식음식점,전통시장,목구19,11000002,목2동,일반 주거·생활형,8.542486751357263,55.65161140831904,0.7297131704358584,5.848980714043251,113,178667883,44306,0.7276022382120498,0.2682272221101972,0.5438522317713088
3000795,목상권795,CS100003,양식음식점,관광특구,목구20,11000003,목3동,발달상권형,16.44585126641048,49.46431831748838,0.12191144621051811,7.347903127484521,49,957821599,34072,0.11277889331317185,0.08069529613006066,0.09994545443992739
3000796,목상권796,CS100004,분식전문점,골목상권,목구21,11000004,목4동,전통시장형,9.3284731379575,36.4417610423388,0.42660733525843963,6.5211749429874875,93,156554235,24794,0.4209947772350922,0.18412822054997757,0.3262481545610464
3000797,목상권797,CS100005,패스트푸드점,발달상권,목구22,11000005,목5동,관광특구형,1.319507006392827,21.148573258088458,0.5095425059219206,1.5215704681920537,65,262835708,39039,0.5048880552643203,0.8096345495565344,0.626786652981206
3000798,목상권798,CS100006,제과점,전통시장,목구23,11000006,목6동,유입 집중형,3.5091441655127955,41.2925737473575,0.7939936213738594,4.730028757231994,195,418924654,47300,0.7926252881345895,0.40822060246021985,0.6388634138648417
3000799,목상권799,CS100007,커피-음료,관광특구,목구24,11000007,목7동,청년 밀집형,48.799307284761575,26.966121144790623,0.14430934841191512,7.392964302580181,25,202996704,33781,0.13543554695747015,0.07505764012008975,0.11128438422251799
3000800,목상권800,CS100008,치킨전문점,골목상권,목구0,11000008,목8동,가족 주거형,28.963926276880464,39.480133089907966,0.4141875971049283,7.60776772942295,135,380061967,14718,0.40843156023526833,0.04818333363048555,0.2643322695933552
3000801,목상권801,CS100009,호프-간이주점,발달상권,목구1,11000009,목9동,일반 주거·생활형,15.879234488344508,26.94217264747983,0.6739456276356036,5.682518793611657,99,378118298,14410,0.6711904416760266,0.28905346652482333,0.5183356516155453
3000802,목상권802,CS100010,반찬가게,전통시장,목구2,11000010,목10동,발달상권형,8.845228562771222,41.016254928692064,0.7719657926842184,6.050996993382862,6,695988208,45156,0.7703429832709668,0.24295273051264876,0.5593868821676397
3000803,목상권803,CS100000,한식음식점,관광특구,목구3,11000011,목11동,전통시장형,14.320226965876957,36.22472398759237,0.6912367415915032,2.1310571127707707,135,341919928,8242,0.6886813109771023,0.7333809667879583,0.7065611733014447
3000804,목상권804,CS100001,중식음식점,골목상권,목구4,11000012,목12동,관광특구형,6.722250587824075,56.562374775355146,0.6479091201538667,1.6183573066531824,115,839804564,28108,0.6448531478162427,0.79752543566019,0.7059220629538216
3000805,목상권805,CS100002,일식음식점,발달상권,목구5,11000013,목13동,유입 집중형,3.003849805906034,34.897680289633215,0.5026392859714665,1.139228717290405,126,843466570,40395,0.497905085964718,0.8574697705701356,0.641730959806885
3000806,목상권806,CS100003,양식음식점,전통시장,목구6,11000014,목14동,청년 밀집형,42.24072256128473,57.26592697167845,0.6846706396335818,5.592662009007291,119,336322513,7113,0.6820393542207907,0.3002955533254017,0.529341833862635
3000807,목상권807,CS100004,분식전문점,관광특구,목구7,11000015,목15동,가족 주거형,47.71314591762291,51.63956949627998,0.2504869019838975,3.114455794705111,100,553998147,33205,0.24283971518931863,0.6103468142689623,0.38984255482117613
3000808,목상권808,CS100005,패스트푸드점,골목상권,목구8,11000016,목16동,일반 주거·생활형,5.915621281440183,25.525045064603468,0.2891891875920043,4.395399310935955,29,834100100,1846,0.2819891083950312,0.4500864815683261,0.34922805766434917
3000809,목상권809,CS100006,제과점,발달상권,목구9,11000017,목17동,발달상권형,4.552389612133116,55.551064389627115,0.46036091430470955,1.6056484431332905,175,287941925,41953,0.45513829401761857,0.7991154563520764,0.5927291589514017
3000810,목상권810,CS100007,커피-음료,전통시장,목구10,11000018,목18동,전통시장형,30.29421370936317,30.992996870427074,0.6683717542982863,6.666893549785105,147,199725603,35231,0.6655521762471817,0.1658971962228668,0.46569018423745573
3000811,목상권811,CS100008,치킨전문점,관광특구,목구11,11000019,목19동,관광특구형,48.12543223067102,26.080949421648807,0.45768884399211024,7.548224457349573,93,460353660,46075,0.452435354651181,0.05563286163203429,0.2937143574435223
3000812,목상권812,CS100009,호프-간이주점,골목상권,목구12,11000020,목20동,유입 집중형,45.129183114767194,54.009823119131674,0.09383906663898818,2.527216815144813,84,984949280,6536,0.08438220798057143,0.6838169657991686,0.32415611110801035
3000813,목상권813,CS100010,반찬가게,발달상권,목구13,11000021,목21동,청년 밀집형,24.44234582578261,59.041438794024955,0.8823576064856813,7.156972059040614,67,234694939,12010,0.8820100969129585,0.10458290410339632,0.5710392197891336
3000814,목상권814,CS100000,한식음식점,전통시장,목구14,11000022,목22동,가족 주거형,24.923858116389386,48.749222823093476,0.6723595376363177,7.1167955819640305,66,41123342,23755,0.669586028394846,0.10960942986464028,0.44559538898276374
3000815,목상권815,CS100001,중식음식점,관광특구,목구15,11000023,목23동,일반 주거·생활형,34.58501847832927,33.54478384620778,0.5439385933651909,7.3305323210359195,106,538306665,33674,0.5396815030128583,0.08286857792231539,0.35695633297664114
3000816,목상권816,CS100002,일식음식점,골목상권,목구16,11000024,목24동,발달상권형,3.8774198439036383,59.24263864476581,0.04554436213745848,0.9571534836506954,22,203398760,15020,0.03552957960019368,0.880249414754218,0.3734175136618034
3000817,목상권817,CS100003,양식음식점,발달상권,목구17,11000025,목25동,전통시장형,39.95895929349711,26.276550309313418,0.09217258986553117,4.612916392974451,105,564069432,44173,0.08269647925816777,0.4228726665219499,0.2187669541636806
3000818,목상권818,CS100004,분식전문점,전통시장,목구18,11000026,목26동,관광특구형,24.153062844904582,53.03478248529937,0.20496980846759236,7.196358099311602,130,622918208,42585,0.19679678610510556,0.09965527080996106,0.15794017998704776
3000819,목상권819,CS100005,패스트푸드점,관광특구,목구19,11000027,목27동,유입 집중형,49.902696732089744,49.2678842400299,0.8127700063768059,3.8265634464447125,133,441390673,15193,0.8116185870551117,0.5212541979744818,0.6954728314228598
3000820,목상권820,CS100006,제과점,골목상권,목구20,11000028,목28동,청년 밀집형,26.305271401424243,31.753799797838308,0.7721227506378503,2.048986487191515,161,496347682,33377,0.7705017544790996,0.7436489181797435,0.7597606199593572
3000821,목상권821,CS100007,커피-음료,발달상권,목구21,11000029,목29동,가족 주거형,35.461302213425306,36.709092427470836,0.6592267549484465,5.122568827306995,84,329743151,47370,0.6563015294239389,0.3591094578770003,0.5374247008051635
3000822,목상권822,CS100008,치킨전문점,전통시장,목구22,11000030,목30동,일반 주거·생활형,48.64654574543934,27.14458359310827,0.6456449780652566,0.39214242513362496,56,580420352,31733,0.6425628492587323,0.9509386052377476,0.7659131516503385
3000823,목상권823,CS100009,호프-간이주점,관광특구,목구23,11000031,목31동,발달상권형,19.040723566422173,37.236836586099365,0.2623413649918829,6.086724136912501,65,492842271,20611,0.2548311267106315,0.23848286604481417,0.2482918224443046
3000824,목상권824,CS100010,반찬가게,골목상권,목구24,11000032,목32동,전통시장형,4.039643469939188,29.435721289986883,0.8055885862885607,0.08839811731660951,69,343129552,3809,0.8043542037146295,0.9889404087598218,0.8781886857327065
3000825,목상권825,CS100000,한식음식점,발달상권,목구0,11000033,목33동,관광특구형,25.041138402391482,53.99890799832779,0.836756311317032,1.0716524574310418,153,532953091,24722,0.8358819934380242,0.8659243150137445,0.8478989220683122
3000826,목상권826,CS100001,중식음식점,전통시장,목구1,11000034,목34동,유입 집중형,43.74737112537384,41.70428637647835,0.17415613457669185,4.0974289565729896,7,461173070,31088,0.16562713768995416,0.4873658990602443,0.29432264223807025
3000827,목상권827,CS100002,일식음식점,관광특구,목구2,11000035,목35동,청년 밀집형,21.748488093324116,34.67503459484398,0.8518940947221305,1.5265859472107604,125,538546038,9646,0.8511946558680946,0.8090070571448813,0.8343196163788094
3000828,목상권828,CS100003,양식음식점,골목상권,목구3,11000036,목36동,가족 주거형,46.96559950275687,27.883462256099392,0.604083142566043,7.928441275727422,164,125328721,9866,0.6005208712529416,0.008063493397197696,0.363537920110644
3000829,목상권829,CS100004,분식전문점,발달상권,목구4,11000037,목37동,일반 주거·생활형,12.10095482789252,41.468387411718695,0.39764076258790454,0.7058395271962885,137,799059160,44142,0.3916935686505768,0.9116915960552382,0.5996927796124414
3000830,목상권830,CS100005,패스트푸드점,전통시장,목구5,11000038,목38동,발달상권형,46.13963954347687,30.74032520277473,0.26673397589338715,1.5861310497086851,64,640297907,31599,0.25927448318637075,0.8015573001367892,0.4761876099665382
3000831,목상권831,CS100006,제과점,관광특구,목구6,11000039,목39동,전통시장형,28.00261491679754,34.91228469311117,0.7949636820810262,7.383708626306299,8,827085838,4608,0.7936065554541177,0.07621562854052089,0.506650184688679
3000832,목상권832,CS100007,커피-음료,골목상권,목구7,11000040,목40동,관광특구형,11.540908185226794,47.7924040623417,0.890428201649256,2.397721401314958,122,667536939,16789,0.8901739275110336,0.7000182875909714,0.8141116715430088
3000833,목상권833,CS100008,치킨전문점,발달상권,목구8,11000041,목41동,유입 집중형,17.80374280572028,58.27210637305542,0.21429369141424603,4.8151946923373545,74,243443359,37224,0.2062283830753404,0.39756539329463003,0.28276318716305626
3000834,목상권834,CS100009,호프-간이주점,전통시장,목구9,11000042,목42동,청년 밀집형,37.53625764635414,22.711790005620355,0.12862757130036792,3.4621507340306037,146,582414649,7983,0.11957260634148476,0.5668462961363664,0.2984820822594374
3000835,목상권835,CS100010,반찬가게,관광특구,목구10,11000043,목43동,가족 주거형,42.332611898133315,56.11255241146485,0.4971918575440735,2.378779031497727,19,376107571,1398,0.4923947261987999,0.7023881895035713,0.5763921115207085
3000836,목상권836,CS100000,한식음식점,골목상권,목구11,11000044,목44동,일반 주거·생활형,42.35450515843692,36.27369750986155,0.8372700381393857,5.366871307478739,137,128706969,9356,0.8364016550821012,0.32854449052612256,0.6332587892597097
3000837,목상권837,CS100001,중식음식점,발달상권,목구12,11000045,목45동,발달상권형,28.927122311220693,25.289236771975318,0.4556163004511128,6.1153840712123655,198,42686696,20410,0.4503388680807477,0.2348971883409372,0.3641621961848235
3000838,목상권838,CS100002,일식음식점,전통시장,목구13,11000046,목46동,전통시장형,37.51825241924575,53.198747587820414,0.7915801213824992,4.221964126994057,41,679816439,14449,0.7901839062193067,0.47178515908871377,0.6628244073670695
3000839,목상권839,CS100003,양식음식점,관광특구,목구14,11000047,목47동,관광특구형,32.98292303670491,38.95063782511224,0.8509095896331568,6.3299084165512145,196,797127543,29585,0.8501987772982463,0.20805779806278357,0.5933423856040612
3000840,목상권840,CS100004,분식전문점,골목상권,목구15,11000048,목48동,유입 집중형,33.79800819264215,49.70808774662115,0.5851059799517291,7.556323087858884,154,908177601,46672,0.5813244752405856,0.05461963255253455,0.3706425381653652
3000841,목상권841,CS100005,패스트푸드점,발달상권,목구16,11000049,목49동,청년 밀집형,7.503043367585329,43.90750661362368,0.6606786768289694,4.0057133692342335,52,138965863,16259,0.6577702246110951,0.4988405428321985,0.5941983518995364
3000842,목상권842,CS100006,제과점,전통시장,목구17,11000050,목50동,가족 주거형,10.715313347138636,42.122761701249374,0.7970501421673533,4.689904415650271,118,891206713,34543,0.7957171193405703,0.4132406054890827,0.6427265137999753
3000843,목상권843,CS100007,커피-음료,관광특구,목구18,11000051,목51동,일반 주거·생활형,14.547938234834787,36.950418934017975,0.5198462984057545,6.864330781645141,110,904183831,15306,0.5153108821625637,0.1411955945796607,0.3656647671294025
3000844,목상권844,CS100008,치킨전문점,골목상권,목구19,11000052,목52동,발달상권형,47.441146435037,20.92911958425332,0.036833775881035834,2.5686161875966835,49,259316604,1164,0.026718364421379134,0.6786374421756316,0.28748599552308013
3000845,목상권845,CS100009,호프-간이주점,발달상권,목구20,11000053,목53동,전통시장형,13.399298842843796,43.51383630450436,0.15253495325421335,2.1378636974166048,128,267072063,17824,0.14375617798135193,0.732529387068732,0.379265461616304
3000846,목상권846,CS100010,반찬가게,전통시장,목구21,11000054,목54동,관광특구형,33.376452295535834,54.58080052619988,0.22164225284631495,7.163574261101692,84,53321483,45352,0.21366183865761584,0.1037568949269897,0.1696998611653654
3000847,목상권847,CS100000,한식음식점,관광특구,목구22,11000055,목55동,유입 집중형,19.27893385757337,52.37326467443854,0.5372624176061328,0.2771092004645661,118,245014146,12525,0.5329282008294063,0.9653305457280948,0.7058891387888817
3000848,목상권848,CS100001,중식음식점,골목상권,목구23,11000056,목56동,청년 밀집형,16.588930929739085,32.1535436340398,0.039007346252185424,5.6379705150972335,178,505095866,1691,0.028917044932966224,0.29462695344715806,0.13520100833864296
3000849,목상권849,CS100002,일식음식점,발달상권,목구24,11000057,목57동,가족 주거형,36.157973710738915,24.584388410162248,0.8657305330492667,0.45661302896411193,45,670683843,9532,0.8651909394499144,0.9428726130309353,0.8962636088823228
3000850,목상권850,CS100003,양식음식점,전통시장,목구0,11000058,목58동,일반 주거·생활형,34.73323212163982,59.83165789843711,0.5985928486372037,7.520513866291629,51,119288916,2112,0.5949671507824885,0.059099765899089496,0.3806201968291289
3000851,목상권851,CS100004,분식전문점,관광특구,목구1,11000059,목59동,발달상권형,20.201645510932565,53.25823251637364,0.5145490150577405,2.903576989952115,155,716152037,18971,0.5099524020248938,0.6367301067256589,0.5606634839051998
3000852,목상권852,CS100005,패스트푸드점,골목상권,목구2,11000060,목60동,전통시장형,23.907539266112302,56.56998427409517,0.5961715657471357,3.8704817558193847,18,539579213,49254,0.5925178960566725,0.5157595272237021,0.5618145485234843
3000853,목상권853,CS100006,제과점,발달상권,목구3,11000061,목61동,관광특구형,8.508222404404883,30.9988795543996,0.12582766007305377,1.9583392567622502,190,61079498,48083,0.11674034918000459,0.754989898576546,0.37204016893862113
3000854,목상권854,CS100007,커피-음료,전통시장,목구4,11000062,목62동,유입 집중형,48.55637556021876,48.992392658657806,0.3717927666399984,4.499406257029872,5,874286818,1919,0.36554696410140575,0.4370740516110442,0.3941577991052611
3000855,목상권855,CS100008,치킨전문점,관광특구,목구5,11000063,목63동,청년 밀집형,24.00032143864513,29.066304132732384,0.3799805587774837,5.53732317632747,29,329698399,39486,0.37382934558974634,0.3072190590258159,0.3471852309641742
3000856,목상권856,CS100009,호프-간이주점,골목상권,목구6,11000064,목64동,가족 주거형,35.106778453284484,46.08372172794478,0.7463767685979387,0.8776804907843374,33,655015921,42585,0.7444583423521273,0.8901923732969603,0.8027519547300606
3000857,목상권857,CS100010,반찬가게,발달상권,목구7,11000065,목65동,일반 주거·생활형,22.523718622581264,25.907153496894402,0.8727166707821535,6.616448604747804,67,990826877,24199,0.8722577844384378,0.17220842195008013,0.5922380394430947
3000858,목상권858,CS100000,한식음식점,전통시장,목구8,11000066,목66동,발달상권형,3.9483146882470805,43.22403038856671,0.22000502810366976,7.293945451858108,35,871053865,26867,0.21200569989968904,0.08744600366561728,0.16218182140606033
3000859,목상권859,CS100001,중식음식점,관광특구,목구9,11000067,목67동,전통시장형,37.658934400573045,53.10218722553334,0.22624611526033284,5.109283997185053,56,791671087,23625,0.21831888712592734,0.36077153842015997,0.2752999476436204
3000860,목상권860,CS100002,일식음식점,골목상권,목구10,11000068,목68동,관광특구형,48.39716853456759,28.753351357096356,0.5819202737467248,7.2954478300072685,155,575737742,4310,0.5781019662104867,0.08725803938852328,0.3817643954817013
3000861,목상권861,CS100003,양식음식점,발달상권,목구11,11000069,목69동,유입 집중형,28.116000384745142,58.60625349886294,0.502227524029233,4.28029538064034,141,339185457,42330,0.49748856714857165,0.46448726812182284,0.48428804753787213
3000862,목상권862,CS100004,분식전문점,전통시장,목구12,11000070,목70동,청년 밀집형,44.36220967757461,22.82135363791653,0.3628357419910375,7.646906727097111,182,56313751,34464,0.35648646355406916,0.04328660812358187,0.23120652138187422
3000863,목상권863,CS100005,패스트푸드점,관광특구,목구13,11000071,목71동,가족 주거형,44.86062039665375,44.08117762677478,0.66970961406655,5.614155913963755,10,121531532,49523,0.666905491621168,0.2976064258847987,0.5191858653266203
3000864,목상권864,CS100006,제과점,골목상권,목구14,11000072,목72동,일반 주거·생활형,3.760392785311928,29.85049957887999,0.13996987379718734,2.792654965717639,52,366319683,7026,0.13104594062469582,0.6506076901494402,0.3388706404345936
3000865,목상권865,CS100007,커피-음료,발달상권,목구15,11000073,목73동,발달상권형,31.198174339563366,26.504966913771362,0.15960108616664967,4.5956805983325495,194,178566602,19338,0.15090394229258555,0.42502905683008674,0.260553988107586
3000866,목상권866,CS100008,치킨전문점,전통시장,목구16,11000074,목74동,전통시장형,40.16787657987909,33.42175263099735,0.4677404926125316,6.720781133254168,111,294090811,1771,0.46260312479765797,0.15915525799861407,0.34122397807804045
3000867,목상권867,CS100009,호프-간이주점,관광특구,목구17,11000075,목75동,관광특구형,32.94286551964187,58.88949802300635,0.27635820179203974,2.427150215858801,33,775222142,26633,0.2690098928162359,0.696336414385774,0.43994050144405117
3000868,목상권868,CS100010,반찬가게,골목상권,목구18,11000076,목76동,유입 집중형,29.90878406377819,24.128358423714364,0.5472155476705187,6.766212068594315,164,140797935,44461,0.5429963142856468,0.15347134085452607,0.3871863249131985
3000869,목상권869,CS100000,한식음식점,발달상권,목구19,11000077,목77동,청년 밀집형,4.142217672143831,20.10239429827218,0.4178615223814253,1.7989064729753377,7,812345312,43264,0.4121479284806585,0.7749367195326033,0.5572634449014364
3000870,목상권870,CS100001,중식음식점,전통시장,목구20,11000078,목78동,가족 주거형,35.760050721966095,23.10107416921422,0.5857860917147624,6.920507462151894,25,836289396,46269,0.5820124439849753,0.13416726476343233,0.4028743722963581
3000871,목상권871,CS100002,일식음식점,관광특구,목구21,11000079,목79동,일반 주거·생활형,38.418019541694754,42.85189165461823,0.38296600916451995,3.2837827406801905,69,644955811,47416,0.3768492853494216,0.5891621231773541,0.4617744204805946
3000872,목상권872,CS100003,양식음식점,골목상권,목구22,11000080,목80동,발달상권형,15.330224224778602,56.19996004685038,0.3625758527138759,4.811871849796653,105,617575843,48652,0.3562235719097726,0.39798111798844915,0.3729265903412432
3000873,목상권873,CS100004,분식전문점,발달상권,목구23,11000081,목81동,전통시장형,16.71027340861159,56.77692402532769,0.5951012451874075,7.633725103510921,183,195156510,26679,0.5914352106340787,0.044935776377052816,0.3728354369312683
3000874,목상권874,CS100005,패스트푸드점,전통시장,목구24,11000082,목82동,관광특구형,38.77825328063278,53.61591334330918,0.1015775288975947,7.882712684621765,157,935744661,22621,0.09221006871307283,0.01378465060020051,0.060839901467923896
3000875,목상권875,CS100006,제과점,관광특구,목구0,11000083,목83동,유입 집중형,2.9036876781499767,35.82065751211077,0.32488087433762886,6.345341233027088,152,521433219,40851,0.31809312283822183,0.20612698044936617,0.27330666588267954
3000876,목상권876,CS100007,커피-음료,골목상권,목구1,11000084,목84동,청년 밀집형,11.605596283064754,44.35210976179338,0.7832881945427492,1.7861439977861977,125,157819650,6295,0.7817961870140518,0.776533447642765,0.779691091265537
3000877,목상권877,CS100008,치킨전문점,발달상권,목구2,11000085,목85동,가족 주거형,40.869208052295384,30.29400203937071,0.5987001043025042,4.793527603489024,151,895313269,7407,0.5950756455173191,0.40027618797330955,0.5171558624997152
3000878,목상권878,CS100009,호프-간이주점,전통시장,목구3,11000086,목86동,일반 주거·생활형,12.296422034420413,53.25877047052086,0.5639356755913327,1.2399320088234767,52,347451573,5293,0.5599096012436824,0.8448706646762028,0.6738940266166905
3000879,목상권879,CS100010,반찬가게,관광특구,목구4,11000087,목87동,발달상권형,9.359297553926941,51.39761280292589,0.8051795252916862,3.4076707983570786,115,212164413,7057,0.8039404170464747,0.573662344233662,0.7118291879213496
3000880,목상권880,CS100000,한식음식점,골목상권,목구5,11000088,목88동,전통시장형,6.5803500018630325,55.4477484237333,0.38202022929303325,2.008697493592871,133,827007482,15065,0.3758925793695782,0.7486895210138882,0.5250113560273022
3000881,목상권881,CS100001,중식음식점,발달상권,목구6,11000089,목89동,관광특구형,39.27338430396002,50.34447730474444,0.09617458859575831,0.8720610102390802,53,281980135,26703,0.08674471102114165,0.8908954330418877,0.4084049998294401
3000882,목상권882,CS100002,일식음식점,전통시장,목구7,11000090,목90동,유입 집중형,30.508206647057857,25.825844468689123,0.8044583983930348,0.9376347594490113,150,848203330,10291,0.8032109593397027,0.8826914250339984,0.835003145617421
3000883,목상권883,CS100003,양식음식점,관광특구,목구8,11000091,목91동,청년 밀집형,14.480859634184013,30.221330601002194,0.7858132022981587,0.3654848281913088,124,972682233,13745,0.7843503648852237,0.9542737681866541,0.8523197262057959
3000884,목상권884,CS100004,분식전문점,골목상권,목구9,11000092,목92동,가족 주거형,39.047272824035105,42.91374255760981,0.28717480529145184,4.334550409049659,117,121098292,38396,0.2799514549719363,0.45769935843385745,0.35105061635670476
3000885,목상권885,CS100005,패스트푸드점,발달상권,목구10,11000093,목93동,일반 주거·생활형,17.818925259318615,32.21543042509016,0.5232925872780738,5.7155579933598055,171,689190804,9377,0.5187969842374923,0.2849198938288303,0.4252461480740275
3000886,목상권886,CS100006,제과점,전통시장,목구11,11000094,목94동,발달상권형,22.62211976472006,32.422830632746454,0.1585598094176505,7.680211291520007,167,355756294,31994,0.14985063620892636,0.039119835344585074,0.10555831586318984
3000887,목상권887,CS100007,커피-음료,관광특구,목구12,11000095,목95동,전통시장형,43.3682860410773,38.19994407235822,0.7487364905868023,3.5094727666339915,76,389900178,41407,0.7468453249953135,0.5609257816148483,0.6724775076431274
3000888,목상권888,CS100008,치킨전문점,골목상권,목구13,11000096,목96동,관광특구형,10.020860156643264,39.16003469302629,0.6651704415359561,3.8857805806533383,125,64115077,12258,0.6623138803652279,0.5138454734604008,0.6029265176032971
3000889,목상권889,CS100009,호프-간이주점,발달상권,목구14,11000097,목97동,유입 집중형,1.4547742344057446,58.25562984788613,0.8189875148101422,1.09655107261388,92,827867415,333,0.8179079231651613,0.8628092203179782,0.8358684420262881
3000890,목상권890,CS100010,반찬가게,전통시장,목구15,11000098,목98동,청년 밀집형,21.877816017541697,32.717002785748676,0.018122817364213593,1.4106905743093217,55,624277397,34914,0.0077912478255207146,0.8235068620030228,0.33407749349652155
3000891,목상권891,CS100000,한식음식점,관광특구,목구16,11000099,목99동,가족 주거형,1.2625793798172245,24.44827943362918,0.7111327235537055,4.848608128235048,114,841905943,14069,0.7088071409846424,0.39338499947883376,0.582638284382319
3000892,목상권892,CS100001,중식음식점,골목상권,목구17,11000100,목100동,일반 주거·생활형,13.08397128723371,32.83618635363687,0.7963807089188705,0.32674179501943357,22,765786485,8883,0.7950399524741169,0.959120954114279,0.8606723531301816
3000893,목상권893,CS100002,일식음식점,발달상권,목구18,11000101,목101동,발달상권형,49.17233318647988,35.77771446129371,0.6478019631902786,4.2212846206246715,155,211106982,45649,0.6447447529233746,0.4718701729206667,0.5755949209222915
3000894,목상권894,CS100003,양식음식점,전통시장,목구19,11000102,목102동,전통시장형,22.225119990338754,59.810177548167815,0.10609552371639042,6.640624748716925,142,508575746,11208,0.09678025760200389,0.16918371646789743,0.1257416411483613
3000895,목상권895,CS100004,분식전문점,관광특구,목구20,11000103,목103동,관광특구형,49.95939455279553,23.250887020915883,0.730750786013816,4.1170110970197245,79,650130313,49860,0.7286518408290418,0.4849159547003099,0.631157486377549
3000896,목상권896,CS100005,패스트푸드점,골목상권,목구21,11000104,목104동,유입 집중형,7.102332596323456,29.90040215610193,0.2965372779716356,0.5574421200764963,35,774446257,45114,0.28942208748304254,0.9302577682053642,0.5457563597719712
3000897,목상권897,CS100006,제과점,발달상권,목구22,11000105,목105동,청년 밀집형,2.419668285103203,29.934698665231828,0.2909996948717318,0.32297601120973596,181,268137708,1909,0.2838205315340566,0.959592095705281,0.5541291572025464
3000898,목상권898,CS100007,커피-음료,전통시장,목구23,11000106,목106동,가족 주거형,36.38536077841135,26.680536319141183,0.18195655336983513,0.541669145924554,108,836368322,19023,0.17351767070896607,0.9322311433411444,0.47700305976183743
3000899,목상권899,CS100008,치킨전문점,관광특구,목구24,11000107,목107동,일반 주거·생활형,1.9997263168127792,26.505880371732296,0.049551250278356995,6.290112281704602,189,159971205,22600,0.03958275725868536,0.21303673876540252,0.10896434986137223
3000900,목상권900,CS100009,호프-간이주점,골목상권,목구0,11000108,목108동,발달상권형,8.100285319152658,51.94121130196251,0.16473511068605196,4.887386987792281,110,982828893,42433,0.15609727755637545,0.3885333312704805,0.24907169904201748
3000901,목상권901,CS100010,반찬가게,발달상권,목구1,11000109,목109동,전통시장형,24.11327788160649,57.8443361059026,0.5372357613950438,6.202642966811552,197,371323642,8505,0.5329012366728222,0.22398012645442733,0.40933279258546423
3000902,목상권902,CS100000,한식음식점,전통시장,목구2,11000110,목110동,관광특구형,26.001222449343732,30.790742524092675,0.41945747717693216,6.61633743872094,148,495932103,28047,0.41376232052097645,0.17222233006095655,0.3171463243369685
3000903,목상권903,CS100001,중식음식점,관광특구,목구3,11000111,목111동,유입 집중형,49.095419232311286,27.43315933181778,0.7307506226456845,5.806613637843855,132,443995547,4798,0.7286516755736022,0.27352781627476064,0.5466021318540656
3000904,목상권904,CS100002,일식음식점,골목상권,목구4,11000112,목112동,청년 밀집형,19.308979615933318,53.23357377178659,0.41679811809441464,1.5339125226413204,120,241153126,47231,0.4110722392309233,0.8080904207739719,0.5698795118481428
3000905,목상권905,CS100003,양식음식점,발달상권,목구5,11000113,목113동,가족 주거형,19.21071409661074,31.731079838660897,0.6035253247950194,6.814808192623749,16,463539206,1335,0.5999566093001446,0.14739142327327726,0.4189305348893977
3000906,목상권906,CS100004,분식전문점,전통시장,목구6,11000114,목114동,일반 주거·생활형,27.19753223495746,27.982322892850867,0.8083635267860397,6.1030376769788495,142,918659990,38988,0.8071612016722775,0.23644186007895318,0.5788734650349477
3000907,목상권907,CS100005,패스트푸드점,관광특구,목구7,11000115,목115동,발달상권형,8.86642506331438,35.645857186252144,0.13951136483903137,5.195938007955974,197,334363395,27104,0.1305821347483982,0.34993015437782915,0.21832134260017058
3000908,목상권908,CS100006,제과점,골목상권,목구8,11000116,목116동,전통시장형,4.917627358045298,49.968187983247525,0.8874093619942526,2.5492427776199067,104,316637755,4164,0.8871202127543535,0.6810612720237734,0.8046966364621215
3000909,목상권909,CS100007,커피-음료,발달상권,목구9,11000117,목117동,관광특구형,16.97896865450913,36.092423489889,0.274371466579096,7.097981809487654,90,491015017,28245,0.26700020587333145,0.11196324281440251,0.2049854206497599
3000910,목상권910,CS100008,치킨전문점,전통시장,목구10,11000118,목118동,유입 집중형,28.00926941266993,31.802920939388734,0.6858701473388847,6.288677944523511,98,322503288,10679,0.6832527192215996,0.21321619035786832,0.49523810767610704
3000911,목상권911,CS100009,호프-간이주점,관광특구,목구11,11000119,목119동,청년 밀집형,6.16288293866586,58.51630253091063,0.18168294470120683,5.175548218812589,144,172691031,36641,0.17324090118013036,0.3524811446052747,0.24493699855018808
3000912,목상권912,CS100010,반찬가게,골목상권,목구12,11000120,목120동,가족 주거형,34.221962081406154,23.893285019518192,0.6862128924564804,2.86740098147817,165,62368359,26111,0.6835994238972346,0.6412561292085821,0.6666621060217736
3000913,목상권913,CS100000,한식음식점,발달상권,목구13,11000121,목121동,일반 주거·생활형,46.201923378294474,27.871770803754984,0.3906905180742963,7.575080774514133,53,728902154,5840,0.3846630315372312,0.05227283656506598,0.2517069535483651
3000914,목상권914,CS100001,중식음식점,전통시장,목구14,11000122,목122동,발달상권형,19.06611380270258,39.007365397591755,0.35964480229722795,5.05784818174512,67,148382460,39176,0.3532586605753608,0.3672067330955563,0.358837889583439
3000915,목상권915,CS100002,일식음식점,관광특구,목구15,11000123,목123동,전통시장형,11.87239793884273,31.9655646384972,0.6055497043711546,6.550595515367267,83,343405805,23545,0.6020043754922046,0.18044737853150972,0.43338157670792665
3000916,목상권916,CS100003,양식음식점,골목상권,목구16,11000124,목124동,관광특구형,38.81491176476663,33.161287563636606,0.02771928104509877,3.01288716283367,31,267171045,44351,0.01749857451499712,0.6230541838987814,0.25972081826851084
3000917,목상권917,CS100004,분식전문점,발달상권,목구17,11000125,목125동,유입 집중형,26.316212644231417,54.7300911846634,0.22909577959723232,3.507335484206161,149,672950526,15152,0.2212014721690754,0.5611931795044658,0.3571981551032316
3000918,목상권918,CS100005,패스트푸드점,전통시장,목구18,11000126,목126동,청년 밀집형,39.05629311011941,44.406206507855245,0.5081309308704344,6.1889354434321655,58,400316980,5956,0.5034601730123627,0.22569509064250193,0.3923541400644184
3000919,목상권919,CS100006,제과점,관광특구,목구19,11000127,목127동,가족 주거형,21.370048299337718,42.64632131342559,0.030387628951665815,0.022510609128489456,165,821328996,11862,0.02019774847236029,0.9971836715182877,0.4109921176907313
3000920,목상권920,CS100007,커피-음료,골목상권,목구20,11000128,목128동,일반 주거·생활형,3.7390011586869742,46.43505132102793,0.07894357463653887,3.3656297985654966,14,506010923,29134,0.06931463602109302,0.5789221425997065,0.2731576386525384
3000921,목상권921,CS100008,치킨전문점,발달상권,목구21,11000129,목129동,발달상권형,48.55629390115255,44.59860804063603,0.5748544739145388,3.6439495829344644,145,53488151,20635,0.5709545388274082,0.5441012307679456,0.5602132156036231
3000922,목상권922,CS100009,호프-간이주점,전통시장,목구22,11000130,목130동,전통시장형,22.920226336881043,46.5758394825703,0.31709629573192094,2.6784447643444445,46,308671118,19906,0.3102186130001827,0.664896661238292,0.4520898322954265
3000923,목상권923,CS100010,반찬가게,관광특구,목구23,11000131,목131동,관광특구형,40.39695673555838,49.024348603239474,0.4634146670801938,2.049993459565564,20,760818090,9210,0.45822732522810156,0.7435229346951944,0.5723455690149386
3000924,목상권924,CS100000,한식음식점,골목상권,목구24,11000132,목132동,유입 집중형,27.786708391861698,43.67920976680017,0.6818283985194147,5.578167163158415,124,394983891,31194,0.6791642781570488,0.3021090203430735,0.5283421750314587
3000925,목상권925,CS100001,중식음식점,발달상권,목구0,11000133,목133동,청년 밀집형,33.99965881407648,30.099685252773206,0.2736928871249376,0.5775186602377191,38,61064838,21705,0.2663137871397929,0.9277459689222993,0.5308866598527955
3000926,목상권926,CS100002,일식음식점,전통시장,목구1,11000134,목134동,가족 주거형,12.03011674991181,34.27820648660236,0.7283706498078043,6.4468476382382445,138,355046938,46839,0.7262442081337575,0.19342739606936765,0.5131174833080016
3000927,목상권927,CS100003,양식음식점,관광특구,목구2,11000135,목135동,일반 주거·생활형,20.90380202056509,36.77706144915546,0.14743256380010863,4.15934337762097,5,642658110,20618,0.13859484324649626,0.4796197138534889,0.2750047914892933
3000928,목상권928,CS100004,분식전문점,골목상권,목구3,11000136,목136동,발달상권형,32.05452223642461,27.276388212655025,0.5657696537612884,3.158713489597634,164,276794647,46735,0.5617647664200576,0.6048096826014324,0.5789827328926075
3000929,목상권929,CS100005,패스트푸드점,발달상권,목구4,11000137,목137동,전통시장형,4.4552987973069555,27.454799109111974,0.23161765708573964,6.374219170611961,60,682222639,19461,0.22375248361098177,0.20251402810102392,0.2152571014069986
3000930,목상권930,CS100006,제과점,전통시장,목구5,11000138,목138동,관광특구형,6.072625380606162,58.50069189031941,0.6760049905830927,7.9926677916364355,127,426600286,26351,0.6732735953843347,2.8039314047934027e-05,0.40397537295622
3000931,목상권931,CS100007,커피-음료,관광특구,목구6,11000139,목139동,유입 집중형,37.88371530983948,43.155579591670254,0.35237586767526463,4.916228715208934,57,738168291,39768,0.345905751690769,0.38492490921838673,0.3615134147018161
3000932,목상권932,CS100008,치킨전문점,골목상권,목구7,11000140,목140동,청년 밀집형,37.818832398674836,35.244339762945366,0.7966280230619407,1.9971240006834678,39,177803742,20895,0.7952901237102663,0.7501374941685727,0.7772290718935888
3000933,목상권933,CS100009,호프-간이주점,발달상권,목구8,11000141,목141동,가족 주거형,28.860328051257635,38.61108669877591,0.2644903409143648,7.681966887125502,82,988280421,16462,0.2570049286465366,0.03890019073710682,0.1697630334827647
3000934,목상권934,CS100010,반찬가게,전통시장,목구9,11000142,목142동,일반 주거·생활형,11.423657701185714,29.48798263290915,0.7551604037110871,2.9884859304033498,62,394581614,29949,0.7533434502835339,0.6261070504600608,0.7024488903541446
3000935,목상권935,CS100000,한식음식점,관광특구,목구10,11000143,목143동,발달상권형,28.069408392917598,21.723339916799283,0.4015627972442178,2.0117621465315425,186,695807508,36083,0.3956609125558235,0.7483060987213825,0.5367189870220471
3000936,목상권936,CS100001,중식음식점,골목상권,목구11,11000144,목144동,전통시장형,13.178317545666411,21.26801728268056,0.34951502775776583,2.1705820023619653,142,846015190,43328,0.3430118619612875,0.7284359618946283,0.49718150193462385
3000937,목상권937,CS100002,일식음식점,발달상권,목구12,11000145,목145동,관광특구형,7.457171924545036,21.4889080840242,0.7139301635929954,1.5780701960424528,110,773155480,47952,0.7116368984097342,0.8025658029115272,0.7480084602104515
3000938,목상권938,CS100003,양식음식점,전통시장,목구13,11000146,목146동,유입 집중형,28.84153282989871,46.27287281844974,0.8589439414558031,1.394072149049859,198,157945585,34693,0.8583259458547187,0.8255860125098919,0.845229972516788
3000939,목상권939,CS100004,분식전문점,관광특구,목구14,11000147,목147동,청년 밀집형,13.216015839128634,49.08555726054427,0.028228177015245617,1.6427100114836906,182,204128469,12978,0.018013349498516656,0.7944786404433474,0.32859946587644895
3000940,목상권940,CS100005,패스트푸드점,골목상권,목구15,11000148,목148동,가족 주거형,39.60000221547155,59.70738419467946,0.28332141102041586,4.5900731952475935,92,37920864,32806,0.27605354441903013,0.42573060554991315,0.3359243688713833
3000941,목상권941,CS100006,제과점,발달상권,목구16,11000149,목149동,일반 주거·생활형,1.9852351178603318,28.609399729510802,0.3681416666381467,4.309495251265947,47,961172123,35274,0.3618536848193178,0.4608340383564349,0.40144582623416464
3000942,목상권942,CS100007,커피-음료,전통시장,목구17,11000150,목150동,발달상권형,31.59413006533637,52.210615994607764,0.5367549171543914,6.326890424290491,36,381900446,41238,0.5324148374859985,0.2084353825836175,0.40282305552504605
3000943,목상권943,CS100008,치킨전문점,관광특구,목구18,11000151,목151동,전통시장형,25.822599418741632,37.4579903893395,0.2446287202501729,7.768096753312651,68,215439849,12748,0.23691385689540775,0.02812438303308762,0.1533980673504797
3000944,목상권944,CS100009,호프-간이주점,골목상권,목구19,11000152,목152동,관광특구형,31.437468835736013,42.450684364951954,0.8601812641505705,0.1171580620102084,20,766032102,14698,0.8595775627021137,0.9853422186393002,0.9098834250769883
3000945,목상권945,CS100010,반찬가게,발달상권,목구20,11000153,목153동,유입 집중형,31.51383921125372,59.478809362247645,0.2836919492571595,2.169608921296118,164,944381901,37746,0.2764283632934222,0.7285577051982022,0.45728010005533415
3000946,목상권946,CS100000,한식음식점,전통시장,목구21,11000154,목154동,청년 밀집형,27.267494336168205,46.02185865194797,0.37944799565939563,7.863560551724331,86,589157561,11617,0.3732906300438995,0.016180796215661375,0.23044669651260427
3000947,목상권947,CS100001,중식음식점,관광특구,목구22,11000155,목155동,가족 주거형,42.20132627092055,45.777295644176775,0.5174466589906768,5.035450025724119,150,650806697,22077,0.5128835209476714,0.3700089924382388,0.45573370954389836
3000948,목상권948,CS100002,일식음식점,골목상권,목구23,11000156,목156동,일반 주거·생활형,24.167992351454675,43.54294450767356,0.8356387286416307,3.059801241568053,71,96064658,45568,0.834751499904846,0.6171847089601527,0.7477247835269686
3000949,목상권949,CS100003,양식음식점,발달상권,목구24,11000157,목157동,발달상권형,27.65823252482756,51.54253149467854,0.3345705151809636,7.029104953476196,107,261114816,7887,0.3278947031179763,0.12058050635483553,0.24496902441272
3000950,목상권950,CS100004,분식전문점,전통시장,목구0,11000158,목158동,전통시장형,38.35400851574854,31.118404736752524,0.4974095276910431,7.546986580419282,116,901576081,28011,0.49261491097701027,0.05578773385409341,0.3178840401278435
3000951,목상권951,CS100005,패스트푸드점,관광특구,목구1,11000159,목159동,관광특구형,6.762287189477579,35.92806698614586,0.35183443545356236,0.0775719317987944,177,891691674,34677,0.34535806458111606,0.9902948854178317,0.6033327929158023
3000952,목상권952,CS100006,제과점,골목상권,목구2,11000160,목160동,유입 집중형,7.209328778286557,25.66545073672584,0.24352283689520737,6.266391980677699,16,458855322,17995,0.23579519783889638,0.21600441320706432,0.22787888398616354
3000953,목상권953,CS100007,커피-음료,발달상권,목구3,11000161,목161동,청년 밀집형,15.641221326813666,33.1647134369516,0.230642831340582,4.837871492022615,95,97087664,23756,0.22276639620542982,0.3947282725191261,0.2915511467309083
3000954,목상권954,CS100008,치킨전문점,전통시장,목구4,11000162,목162동,가족 주거형,37.07451594324533,43.691408459018845,0.48544915386192705,5.482510445988613,169,918145527,24925,0.48051636510132956,0.31407674345063985,0.4139405164410537
3000955,목상권955,CS100009,호프-간이주점,관광특구,목구5,11000163,목163동,일반 주거·생활형,19.727405976846153,41.77014637486522,0.5611036665936588,5.011281317204282,177,119247465,41283,0.5570448755028122,0.3730327676627162,0.4834400323667738
3000956,목상권956,CS100010,반찬가게,골목상권,목구6,11000164,목164동,발달상권형,29.290685790594964,32.058288738296156,0.5148399998395239,7.249213896520229,195,803365672,44514,0.5102467484041817,0.09304242056443512,0.34336501726828306
3000957,목상권957,CS100000,한식음식점,발달상권,목구7,11000165,목165동,전통시장형,46.30046253326708,48.24091517270821,0.3653881188183913,5.507446714916815,29,401413858,22409,0.3590683266779951,0.3109569378510102,0.33982377114720114
3000958,목상권958,CS100001,중식음식점,전통시장,목구8,11000166,목166동,관광특구형,4.253796509078507,54.68881294807867,0.8769633716725916,0.712639780264472,80,324692640,1520,0.8765535452798076,0.9108408084870537,0.8902684505627061
3000959,목상권959,CS100002,일식음식점,관광특구,목구9,11000167,목167동,유입 집중형,42.661863154861834,22.092221661298133,0.342030289296491,0.9864428497696007,136,133103265,30829,0.33544065616663565,0.8765849881036047,0.5518983889414233
3000960,목상권960,CS100003,양식음식점,골목상권,목구10,11000168,목168동,청년 밀집형,43.328434365410324,23.879214625764128,0.519359405277573,2.3215441727664947,126,155395003,2759,0.5148183642085248,0.7095489092278344,0.5927105822162486
3000961,목상권961,CS100004,분식전문점,발달상권,목구11,11000169,목169동,가족 주거형,34.235895401874934,53.604285498096885,0.38984707602442836,2.0770771467955864,63,519991100,23247,0.38380984563521836,0.7401344630949671,0.5263396926191178
3000962,목상권962,CS100005,패스트푸드점,전통시장,목구12,11000170,목170동,일반 주거·생활형,12.589910325760012,30.229741768968626,0.2458801128786485,2.844274131954985,34,491274404,1374,0.2381797062192177,0.644149556242593,0.4005676462285678
3000963,목상권963,CS100006,제과점,관광특구,목구13,11000171,목171동,발달상권형,23.578858796767555,28.672526998413957,0.4370651612065902,2.108885441167619,140,985911473,37556,0.4315734170670326,0.7361548904017845,0.5534060064009334
3000964,목상권964,CS100007,커피-음료,골목상권,목구14,11000172,목172동,전통시장형,20.741882337116966,41.640531102002534,0.28791756028362014,7.473995540281562,110,579216954,46487,0.2807027906304642,0.0649197277542275,0.19438956547996952
3000965,목상권965,CS100008,치킨전문점,발달상권,목구15,11000173,목173동,관광특구형,4.229922776875048,43.62978576990313,0.5214968214250113,2.9917841968513885,54,387923463,33242,0.5169804728252514,0.62569440050977,0.5604660438990589
3000966,목상권966,CS100009,호프-간이주점,전통시장,목구16,11000174,목174동,유입 집중형,43.774528273110924,36.25572801152739,0.49011697689953226,2.3782474656974157,113,740507832,19913,0.48523811309741205,0.702454694318913,0.5721247455860125
3000967,목상권967,CS100010,반찬가게,관광특구,목구17,11000175,목175동,청년 밀집형,24.69635797403768,59.180625217634194,0.8836568561890823,5.351231602623462,5,922782061,7690,0.8833243561798633,0.33050119218524143,0.6621950905820144
3000968,목상권968,CS100000,한식음식점,골목상권,목구18,11000176,목176동,가족 주거형,18.044747426790966,43.56066216691252,0.7553015854620609,0.809509116793512,182,614178749,15573,0.7534862630346544,0.8987213731615104,0.8115803070853967
3000969,목상권969,CS100001,중식음식점,발달상권,목구19,11000177,목177동,일반 주거·생활형,48.112962019328,22.953126597731238,0.8183623114286753,7.903707361698002,199,726707550,24937,0.817275497130626,0.011157982140157507,0.49482849113443855
3000970,목상권970,CS100002,일식음식점,전통시장,목구20,11000178,목178동,발달상권형,30.093189312901814,53.23059931742711,0.5246373853128743,3.2531062114215903,76,617828035,30164,0.5201573180322397,0.5930000994212637,0.5492944305878493
3000971,목상권971,CS100003,양식음식점,관광특구,목구21,11000179,목179동,전통시장형,14.212434450176517,44.563438230390595,0.13602103927485934,5.4975683806970395,152,62870851,26902,0.12705148724836787,0.3121928277310321,0.20110802344143355
3000972,목상권972,CS100004,분식전문점,골목상권,목구22,11000180,목180동,관광특구형,40.90266379423646,39.0489728937488,0.47732947828559585,7.461074911121732,98,1099398,6908,0.4723028870897357,0.0665362426915519,0.3099962293304622
3000973,목상권973,CS100005,패스트푸드점,발달상권,목구23,11000181,목181동,유입 집중형,10.595532057337731,34.71197710959617,0.6749210038573136,6.503565074414617,169,683848918,15425,0.6721770859175034,0.18633141168256317,0.47783881622352725
3000974,목상권974,CS100006,제과점,전통시장,목구24,11000182,목182동,청년 밀집형,17.034200357395303,33.92491687314161,0.4774926962656853,5.136832508261064,198,606989665,11815,0.4724679906431916,0.3573249121680988,0.42641075925315447
3000975,목상권975,CS100007,커피-음료,관광특구,목구0,11000183,목183동,가족 주거형,24.534254648599017,28.114620433551135,0.33355431126815066,5.276953089275944,122,169279665,25711,0.3268667595240826,0.3397942633556307,0.33203776105670185
3000976,목상권976,CS100008,치킨전문점,골목상권,목구1,11000184,목184동,일반 주거·생활형,15.049252203882649,39.621699899368025,0.8306758981383161,0.8982729784938943,100,254608113,20243,0.8297313363735513,0.8876160232162182,0.8528852111106181
3000977,목상권977,CS100009,호프-간이주점,발달상권,목구2,11000185,목185동,발달상권형,25.528290987239476,27.582749598171667,0.8347720496840288,3.5289819476677513,42,711075568,25867,0.833874808651057,0.5584849652919028,0.7237188713073954
3000978,목상권978,CS100010,반찬가게,전통시장,목구3,11000186,목186동,전통시장형,9.347396846686436,46.33961774156637,0.21730389168147754,2.198201717438365,30,735029178,38016,0.20927335863784574,0.724980427227288,0.4155561860736226
3000979,목상권979,CS100000,한식음식점,관광특구,목구4,11000187,목187동,관광특구형,27.518840743107187,24.104104957945182,0.7304345469542574,2.2959950983911446,108,912984229,42480,0.7283319484222979,0.7127453836294809,0.7220973225051711
3000980,목상권980,CS100001,중식음식점,골목상권,목구5,11000188,목188동,유입 집중형,7.777464885006573,58.97711244719399,0.17990709184685308,4.505988746051485,180,790577691,17213,0.17144453281122918,0.43625050875592586,0.2773669231891079
3000981,목상권981,CS100002,일식음식점,발달상권,목구6,11000189,목189동,청년 밀집형,31.89834679068589,58.52852738099637,0.7697121259320755,0.00745246344511763,83,769092184,10872,0.7680632810660976,0.9990676136332161,0.860465014092945
3000982,목상권982,CS100003,양식음식점,전통시장,목구7,11000190,목190동,가족 주거형,43.46174518910098,22.948754066958124,0.22128336170720386,0.23765958760335515,78,922679163,45930,0.2132988014337842,0.9702661326622104,0.5160857339251547
3000983,목상권983,CS100004,분식전문점,관광특구,목구8,11000191,목191동,일반 주거·생활형,34.130313422473165,25.29201900704127,0.04396917424833047,3.7570335882582464,163,278264802,46914,0.03393619437564167,0.5299531593762918,0.23234298037590173
3000984,목상권984,CS100005,패스트푸드점,골목상권,목구9,11000192,목192동,발달상권형,36.206421681116275,36.504827243687785,0.04695210723179826,1.8771095765864256,38,442659224,9856,0.03695358764947996,0.7651526383111198,0.3282332079141359
3000985,목상권985,CS100006,제과점,발달상권,목구10,11000193,목193동,전통시장형,23.202605602082958,33.09183187316982,0.862144243334806,5.923989784009794,140,513782776,10570,0.86156321917513,0.2588427501517654,0.6204750315657841
3000986,목상권986,CS100007,커피-음료,전통시장,목구11,11000194,목194동,관광특구형,14.74408060873707,40.05359950042602,0.1897142823906576,5.77687573021709,63,13345362,6443,0.1813650207826767,0.2772483604749525,0.219718356659587
3000987,목상권987,CS100008,치킨전문점,관광특구,목구12,11000195,목195동,유입 집중형,16.447476925993413,47.05989607781359,0.18186864977230846,5.976254577760855,153,203748095,5226,0.17342875160639382,0.25230384103599,0.2049787873782323
3000988,목상권988,CS100009,호프-간이주점,골목상권,목구13,11000196,목196동,청년 밀집형,17.676204567835235,59.962898726539336,0.09657946697727955,7.899141490228901,140,253995266,48052,0.08715426675433967,0.011729223628509367,0.056984249504007545
3000989,목상권989,CS100010,반찬가게,발달상권,목구14,11000197,목197동,가족 주거형,27.458502367738994,57.39543123047466,0.4165512365886565,2.0283046336570463,123,755260014,35557,0.41082250563012224,0.7462364489227482,0.5449880829471726
3000990,목상권990,CS100000,한식음식점,전통시장,목구15,11000198,목198동,일반 주거·생활형,35.215888352043024,28.543501152286375,0.615072101650231,0.0374942973805803,190,490420501,11331,0.611636780128831,0.9953090448591603,0.7651056860209627
3000991,목상권991,CS100001,중식음식점,관광특구,목구16,11000199,목199동,발달상권형,36.97177066323029,22.98927762113864,0.8226471143590759,2.832769366531462,123,245676208,43343,0.8216098001852266,0.6455889308216077,0.751201452439779
3000992,목상권992,CS100002,일식음식점,골목상권,목구17,11000200,목200동,전통시장형,40.45793353590892,42.7258543909027,0.20446479178184646,6.077610757785388,18,507541832,41339,0.1962859352213642,0.23962305150376062,0.21362078173432275
3000993,목상권993,CS100003,양식음식점,발달상권,목구18,11000201,목201동,관광특구형,21.022949124560963,46.902480607641486,0.03328396655021126,5.02057769193921,157,247397047,12968,0.023127545969337925,0.3718696874105024,0.16262440254580374
3000994,목상권994,CS100004,분식전문점,전통시장,목구19,11000202,목202동,유입 집중형,4.42205587425107,52.07569756874808,0.7673301832523292,2.729953036211292,17,838341167,15432,0.7656538210278169,0.6584524014550776,0.7227732531987212
3000995,목상권995,CS100005,패스트푸드점,관광특구,목구20,11000203,목203동,청년 밀집형,43.01440817369829,23.23254072527789,0.3338409384817269,3.389396947339783,83,113905143,26562,0.3271566979944195,0.5759486069818984,0.42667346158941105
3000996,목상권996,CS100006,제과점,골목상권,목구21,11000204,목204동,가족 주거형,43.510104124331875,51.57245082046842,0.1819266257269994,3.4943721501751197,47,878162043,1800,0.17348739732746712,0.5628150372978813,0.3292184533156328
3000997,목상권997,CS100007,커피-음료,발달상권,목구22,11000205,목205동,일반 주거·생활형,45.386034028651046,30.01289431207541,0.6424552811216319,0.7833672420827282,142,73662785,25200,0.6393363033870625,0.9019920135023867,0.7443985874331922
3000998,목상권998,CS100008,치킨전문점,전통시장,목구23,11000206,목206동,발달상권형,39.090750748366396,52.11641805003432,0.03384064902465577,7.668098870063699,118,480620649,32704,0.023690659510058432,0.040635234476398496,0.030468489496594458
3000999,목상권999,CS100009,호프-간이주점,관광특구,목구24,11000207,목207동,전통시장형,21.477869800599873,40.45292885303793,0.7324702104621703,0.8324866171611198,111,334968172,7850,0.730391128903595,0.8958466313740058,0.7965733298917593
3001000,목상권1000,CS100010,반찬가게,골목상권,목구0,11000208,목208동,관광특구형,36.7876020223178,27.683449887555955,0.7107614192080786,5.437045327438482,115,67608537,7225,0.7084315471509052,0.31976493729587474,0.552964903208893
3001001,목상권1001,CS100000,한식음식점,발달상권,목구1,11000209,목209동,유입 집중형,42.329244094314454,48.12394823316717,0.7999298352257479,6.276349845981004,107,128016760,38263,0.7986300800115866,0.21475857310070923,0.5650814772472357
3001002,목상권1002,CS100001,중식음식점,전통시장,목구2,11000210,목210동,청년 밀집형,31.019490329249283,46.51789091778791,0.8076970797447636,7.034636947302207,165,63475945,24773,0.8064870555111464,0.11988839217507596,0.5318475901767182
3001003,목상권1003,CS100002,일식음식점,관광특구,목구3,11000211,목211동,가족 주거형,38.65857212354675,25.638912690919383,0.8739371616186402,4.572401102313918,46,506915557,11973,0.8734923749777516,0.4279415816446287,0.6952720576445024
3001004,목상권1004,CS100003,양식음식점,골목상권,목구4,11000212,목212동,일반 주거·생활형,17.58772402133665,43.736221206268304,0.2434966920303979,2.267753161445282,37,276731516,45423,0.23576875093591237,0.7162787651983827,0.4279727566409005
3001005,목상권1005,CS100004,분식전문점,발달상권,목구5,11000213,목213동,발달상권형,14.281280584320447,40.138680368935404,0.5971985615443054,0.701003114056503,97,302556656,37854,0.5935567562080116,0.912296685326575,0.7210527278554371
3001006,목상권1006,CS100005,패스트푸드점,전통시장,목구6,11000214,목214동,전통시장형,24.401760529183782,36.1776760523305,0.7251217255514836,1.528560176133933,127,608744466,28509,0.722957750726714,0.808760059068818,0.7572786740635555
3001007,목상권1007,CS100006,제과점,관광특구,목구7,11000215,목215동,관광특구형,34.00015587802862,30.930942782946964,0.7521718252088098,0.8156759473432338,165,252442372,7963,0.7503203462711112,0.8979498338211069,0.8093721412911095
3001008,목상권1008,CS100007,커피-음료,골목상권,목구8,11000216,목216동,유입 집중형,40.73272045575926,49.97165290073838,0.48208829109478757,1.7114489948869505,129,511823649,5729,0.47711667601543173,0.785878626305234,0.6006214561313526
3001009,목상권1009,CS100008,치킨전문점,발달상권,목구9,11000217,목217동,청년 밀집형,24.791211436484463,55.350440612267796,0.013204081078911894,4.522883560908475,193,208271383,16987,0.0028156879100580882,0.4341367788251449,0.1753441242760928
3001010,목상권1010,CS100009,호프-간이주점,전통시장,목구10,11000218,목218동,가족 주거형,33.104442586165916,45.05775986516534,0.6000246287827985,1.9690422351130321,99,556442397,43428,0.5964154715476135,0.7536508365104596,0.659309617532752
3001011,목상권1011,CS100010,반찬가게,관광특구,목구11,11000219,목219동,일반 주거·생활형,17.37892285120606,35.22835227357524,0.6411540759256565,1.9962047599139252,103,491881740,26273,0.6380200660367835,0.7502525014500744,0.6829130402020999
3001012,목상권1012,CS100000,한식음식점,골목상권,목구12,11000220,목220동,발달상권형,21.641977930166227,46.541721034780466,0.7333009124829853,6.574252892975725,103,93375351,47434,0.7312314275975527,0.17748757651189206,0.5097338871632884
3001013,목상권1013,CS100001,중식음식점,발달상권,목구13,11000221,목221동,전통시장형,37.24463110175392,48.491560391737,0.053225960744807906,6.925667922925311,15,625543927,30124,0.04329991976492503,0.13352163351587365,0.07938860526530447
3001014,목상권1014,CS100002,일식음식점,전통시장,목구14,11000222,목222동,관광특구형,15.352538032430568,57.038885850697085,0.79158190654207,6.102865061419637,7,799411462,45963,0.7901857120019077,0.2364634562122706,0.5686968096860529
3001015,목상권1015,CS100003,양식음식점,관광특구,목구15,11000223,목223동,유입 집중형,44.00147078136944,31.144993754005842,0.5933807103931078,7.164623460252987,45,432893110,27797,0.5896947993863244,0.10362562840124123,0.39526713099229116
3001016,목상권1016,CS100004,분식전문점,골목상권,목구16,11000224,목224동,청년 밀집형,22.775760208138667,28.687206724365048,0.6924601239218036,1.866451901339711,176,42171869,14374,0.6899188264141703,0.7664860324531813,0.7205457088297748
3001017,목상권1017,CS100005,패스트푸드점,발달상권,목구17,11000225,목225동,가족 주거형,39.16858743687753,34.09886788345021,0.8346673994784367,3.9138187028736464,85,482147713,28569,0.8337689494754705,0.5103375913887935,0.7043964062407998
3001018,목상권1018,CS100006,제과점,전통시장,목구18,11000226,목226동,일반 주거·생활형,1.4056599180977043,42.399351272497114,0.40717988575147923,1.617369399567786,35,999931641,31258,0.4013428923972416,0.7976490338643081,0.5598653489840681
3001019,목상권1019,CS100007,커피-음료,관광특구,목구19,11000227,목227동,발달상권형,21.55467320265401,47.224002408761365,0.049884542210447184,4.031411864166013,154,140538428,27817,0.039919899541025324,0.49562537425100206,0.22220208942501601
3001020,목상권1020,CS100008,치킨전문점,골목상권,목구20,11000228,목228동,전통시장형,39.374538955593934,43.25479098598227,0.2831646522546324,5.440240004625582,25,171000490,18954,0.2758949746998605,0.31936524751846584,0.2932830838273026
3001021,목상권1021,CS100009,호프-간이주점,발달상권,목구21,11000229,목229동,관광특구형,37.416399140386055,52.32666302754596,0.1394535521075484,1.3779340436876089,148,722591144,35096,0.13052365413616662,0.8276050696359409,0.4093562203360764
3001022,목상권1022,CS100010,반찬가게,전통시장,목구22,11000230,목230동,유입 집중형,44.12970108146464,46.35952312999038,0.5031237491926073,6.756747532552138,57,743189432,5840,0.49839514594025014,0.154655459963415,0.3608992715495161
3001023,목상권1023,CS100000,한식음식점,관광특구,목구23,11000231,목231동,청년 밀집형,9.80945396998064,33.057256014166875,0.12737709456391594,6.766144160095179,32,284443948,30273,0.11830768349052784,0.1534798369658118,0.13237654488064143
3001024,목상권1024,CS100001,중식음식점,골목상권,목구24,11000232,목232동,가족 주거형,23.9216218776702,31.533615786372273,0.520411557244995,4.304207075669775,53,924878622,12364,0.5158826711464112,0.4614956481539657,0.494127861949433
3001025,목상권1025,CS100002,일식음식점,발달상권,목구0,11000233,목233동,일반 주거·생활형,45.09750961379254,46.996813897293634,0.3179737561015475,4.2049039584732375,104,623293265,9018,0.3111062102181037,0.47391957660863726,0.37623155677431713
3001026,목상권1026,CS100003,양식음식점,전통시장,목구1,11000234,목234동,발달상권형,22.019449652839334,51.00281335598255,0.2857228973805523,3.927596517818057,153,630038193,43366,0.2784827739157874,0.508613832941289,0.37053519752598807
3001027,목상권1027,CS100004,분식전문점,관광특구,목구2,11000235,목235동,전통시장형,31.05145535510519,37.54081070704849,0.337719647032312,0.4574389021897094,10,672604969,49731,0.331080215269725,0.9427692870714174,0.5757558439904019
3001028,목상권1028,CS100005,패스트푸드점,골목상권,목구3,11000236,목236동,관광특구형,13.840838618392247,35.59391616468497,0.5725392108535399,5.600697200384108,177,109967055,43197,0.5686125287232111,0.2992902611895305,0.46088362170973884
3001029,목상권1029,CS100006,제과점,발달상권,목구4,11000237,목237동,유입 집중형,34.08659488176719,43.132449646185634,0.047764646632398204,1.4959637946940072,96,203990759,44738,0.03777551389981382,0.8128382302513932,0.3478006004404456
3001030,목상권1030,CS100007,커피-음료,전통시장,목구5,11000238,목238동,청년 밀집형,49.82116209724573,32.02699220548466,0.4371671409901702,2.1032423813688803,54,615786145,17415,0.431676574970595,0.7368609001745311,0.5537503050521695
3001031,목상권1031,CS100008,치킨전문점,관광특구,목구6,11000239,목239동,가족 주거형,13.852760040620176,53.549103240060404,0.3987021583358742,4.510597220738595,84,104734210,31533,0.3927672261576526,0.43567393712943303,0.40992991054636474
3001032,목상권1032,CS100009,호프-간이주점,골목상권,목구7,11000240,목240동,일반 주거·생활형,47.2320321844119,22.93356423378869,0.0378561669165487,7.280957666264698,51,756927402,2285,0.02775256661461872,0.08907092062243116,0.0522799082177437
3001033,목상권1033,CS100010,반찬가게,발달상권,목구8,11000241,목241동,발달상권형,34.071953035526974,27.347100408655983,0.532008244360022,3.358393488300268,160,776175772,42334,0.5276133288224714,0.5798274857908279,0.548498991609814
3001034,목상권1034,CS100000,한식음식점,전통시장,목구9,11000242,목242동,전통시장형,26.15335433329092,32.025617691029275,0.3692509055911703,4.977078309012686,163,900388280,22981,0.36297573823938556,0.37731194578625793,0.3687102212581345
3001035,목상권1035,CS100001,중식음식점,관광특구,목구10,11000243,목243동,관광특구형,39.341711916117106,38.42495535868602,0.6479813126104479,1.2916658559486978,38,84866688,40197,0.6449261742751398,0.838398182910131,0.7223149777291362
3001036,목상권1036,CS100002,일식음식점,골목상권,목구11,11000244,목244동,유입 집중형,20.75675281871882,56.469463240139454,0.2802378653789492,5.887753370506179,154,447353935,20566,0.27293437616090915,0.26337632997818505,0.2691111576878195
3001037,목상권1037,CS100003,양식음식점,발달상권,목구12,11000245,목245동,청년 밀집형,34.66131054414391,46.78246101548607,0.45669343362271897,7.917072653535527,174,908453311,13942,0.45142844481782013,0.009485834938206317,0.27465140086597456
3001038,목상권1038,CS100004,분식전문점,전통시장,목구13,11000246,목246동,가족 주거형,47.140964454428925,54.81728658974091,0.5116652258242089,0.9371053446795532,39,920553457,11586,0.5070352978577362,0.8827576607313691,0.6573242430071893
3001039,목상권1039,CS100005,패스트푸드점,관광특구,목구14,11000247,목247동,일반 주거·생활형,19.84877019706071,38.351894583605606,0.5590375808280779,6.039238670894045,16,630246609,22229,0.554954921311153,0.24442382791091966,0.43074248395105963
3001040,목상권1040,CS100006,제과점,골목상권,목구15,11000248,목248동,발달상권형,23.002969654839386,44.340168359922174,0.016588873699258377,1.5600554540857674,24,823789063,3682,0.006239583298447809,0.8048196482239183,0.32567160926863603
3001041,목상권1041,CS100007,커피-음료,발달상권,목구16,11000249,목249동,전통시장형,44.48073822655028,32.16026029664724,0.19201523499394302,0.05294726492648838,176,995312130,33623,0.18369255510780347,0.9933757061219407,0.5075658155134584
3001042,목상권1042,CS100008,치킨전문점,전통시장,목구17,11000250,목250동,관광특구형,24.056554492470173,50.93798418401106,0.6777969932098254,4.447000628824747,93,508868238,34947,0.6750863000956279,0.4436305806891192,0.5825040123330244
3001043,목상권1043,CS100009,호프-간이주점,관광특구,목구18,11000251,목251동,유입 집중형,45.4001334569446,59.61361545460265,0.6382243403390552,7.522643845685523,135,526836983,3696,0.6350564847219735,0.05883328170053914,0.40456720351339975
3001044,목상권1044,CS100010,반찬가게,골목상권,목구19,11000252,목252동,청년 밀집형,8.66813539035941,59.36224601987562,0.38326780655018017,5.06954473279137,188,866334398,6782,0.3771545692450371,0.3657433639942882,0.3725900871447375
3001045,목상권1045,CS100000,한식음식점,발달상권,목구20,11000253,목253동,가족 주거형,18.440566185806677,30.173589849905614,0.6225364223912616,3.7791537383894873,28,911695981,42901,0.6191873323278193,0.5271856816737217,0.5823866720661802
3001046,목상권1046,CS100001,중식음식점,전통시장,목구21,11000254,목254동,일반 주거·생활형,5.874141875868075,22.763877332909157,0.259275138471019,5.984749754752117,31,830676143,48671,0.2517294776520049,0.25124099956505896,0.2515340864172265
3001047,목상권1047,CS100002,일식음식점,관광특구,목구22,11000255,목255동,발달상권형,17.5559289056997,32.08134445142118,0.8268186269615575,1.1331869942674322,48,304604146,44653,0.825829504127025,0.8582256575624019,0.8387879655011758
3001048,목상권1048,CS100003,양식음식점,골목상권,목구23,11000256,목256동,전통시장형,21.852546183996512,36.498270805510955,0.6512832208738789,7.401414812638469,190,750959715,3348,0.6482662277862734,0.07400038698107836,0.41855989146419537
3001049,목상권1049,CS100004,분식전문점,발달상권,목구24,11000257,목257동,관광특구형,26.861695934727116,30.346986613962855,0.49058005594072607,0.27962807125965927,17,387798752,30315,0.48570654185256606,0.9650154068741668,0.6774300878612063
3001050,목상권1050,CS100005,패스트푸드점,전통시장,목구0,11000258,목258동,유입 집중형,24.15513854595438,22.375934407023713,0.8784709841734797,1.2515850177695764,48,645628821,18521,0.8780785744524192,0.8434127431777119,0.8642122419425363
3001051,목상권1051,CS100006,제과점,관광특구,목구1,11000259,목259동,청년 밀집형,37.6972162321782,27.883698275805827,0.8382645396672925,1.8907162699621543,194,806194293,44081,0.8374076455745993,0.7634502890820405,0.8078247029775758
3001052,목상권1052,CS100007,커피-음료,골목상권,목구2,11000260,목260동,가족 주거형,29.86418332152954,49.056190524637366,0.6394644977402784,1.5255629885576214,114,528379878,35346,0.6363109690237299,0.8091350406913951,0.7054405976907959
3001053,목상권1053,CS100008,치킨전문점,발달상권,목구3,11000261,목261동,일반 주거·생활형,14.899776611784038,47.67995774611457,0.5442455991350795,2.910457770040643,162,986192786,5400,0.5399920554624861,0.6358692443283285,0.5783429310088231
3001054,목상권1054,CS100009,호프-간이주점,전통시장,목구4,11000262,목262동,발달상권형,7.359405098133615,31.435790531305013,0.6187255381128888,7.205738866553551,160,921503693,6487,0.6153324228636549,0.0984816321130686,0.4085921065634204
3001055,목상권1055,CS100010,반찬가게,관광특구,목구5,11000263,목263동,전통시장형,25.55788294766488,29.419860420530174,0.42461353115586853,0.2642776435624672,124,345131464,21265,0.41897793973931474,0.9669359167316879,0.638161130536264
3001056,목상권1056,CS100000,한식음식점,골목상권,목구6,11000264,목264동,관광특구형,12.569840088556536,54.28170019238241,0.010994026170988448,1.1820640601783499,170,508602180,9654,0.0005801013746110332,0.8521105910157026,0.3411922972310477
3001057,목상권1057,CS100001,중식음식점,발달상권,목구7,11000265,목265동,유입 집중형,2.5613056345157617,31.27325508725242,0.4198566675072915,2.69249639258632,185,92551465,10700,0.4141661224918834,0.6631386456907721,0.5137551317714388
3001058,목상권1058,CS100002,일식음식점,전통시장,목구8,11000266,목266동,청년 밀집형,11.640166942363653,37.949660070991385,0.2411244787760063,1.4156130047615543,55,12132588,3758,0.23336913272203288,0.8228910110057113,0.4691778840355043
3001059,목상권1059,CS100003,양식음식점,관광특구,목구9,11000267,목267동,가족 주거형,26.36999781572001,37.428774441161956,0.22185890576998618,1.0420780878164804,168,123000411,11581,0.2138809944610704,0.8696243987830798,0.47617835618987414
3001060,목상권1060,CS100004,분식전문점,골목상권,목구10,11000268,목268동,일반 주거·생활형,8.336601490102822,49.2992866959745,0.20053945776056978,6.602630164504566,66,733220209,42577,0.19231525383528783,0.17393726307595692,0.18496405753155548
3001061,목상권1061,CS100005,패스트푸드점,발달상권,목구11,11000269,목269동,발달상권형,12.243938625877474,49.28708351341706,0.27668446067669283,3.0345662363826413,21,757744342,18421,0.26933992080195945,0.6203418898002697,0.40974070840128357
3001062,목상권1062,CS100006,제과점,전통시장,목구12,11000270,목270동,전통시장형,12.860173841286914,32.186044627186256,0.01577451547781936,2.7307223306838546,80,936331415,35215,0.005415817215373306,0.6583561541291374,0.266591951980879
3001063,목상권1063,CS100007,커피-음료,관광특구,목구13,11000271,목271동,관광특구형,22.832416306276134,44.495041491071376,0.423050831894215,1.285089955709048,59,526717703,35122,0.41739718741692644,0.839220901435077,0.5861266730241868
3001064,목상권1064,CS100008,치킨전문점,골목상권,목구14,11000272,목272동,유입 집중형,4.66781801744377,27.471524926815356,0.5427357406727115,5.734829180927934,138,335975892,13047,0.5384647543819567,0.282508853145091,0.43608239388721043
3001065,목상권1065,CS100009,호프-간이주점,발달상권,목구15,11000273,목273동,청년 밀집형,20.31307433348966,28.7563877303835,0.3331715440681329,6.112491616519929,22,968848997,33336,0.3264795704114942,0.23525906671063723,0.2899913689311514
3001066,목상권1066,CS100010,반찬가게,전통시장,목구16,11000274,목274동,가족 주거형,39.81173236773574,49.64731882768857,0.06359089518365228,4.760038194398826,61,537980395,633,0.05378459495973455,0.4044660868835561,0.1940571917292632
3001067,목상권1067,CS100000,한식음식점,관광특구,목구17,11000275,목275동,일반 주거·생활형,46.67175436059976,20.75606990025782,0.323601437928895,6.059851757660171,27,470417117,48161,0.3167989057587857,0.24184490065825914,0.28681730371857506
3001068,목상권1068,CS100001,중식음식점,골목상권,목구18,11000276,목276동,발달상권형,32.29937544045764,43.11666964483538,0.4801385384760251,2.7466190489668323,107,250751188,38034,0.47514439890759574,0.6563672972212429,0.5476335582330546
3001069,목상권1069,CS100002,일식음식점,발달상권,목구19,11000277,목277동,전통시장형,9.933039420962988,46.68368539161244,0.8664552449230312,5.4905381097683295,135,304746060,37513,0.8659240235471728,0.3130723931011945,0.6447833713687814
3001070,목상권1070,CS100003,양식음식점,전통시장,목구20,11000278,목278동,관광특구형,18.274381329924548,21.822549852616255,0.1403225185417916,1.4075901847847563,24,818851419,35914,0.13140265929263797,0.8238947553413415,0.4083994977121194
3001071,목상권1071,CS100004,분식전문점,관광특구,목구21,11000279,목279동,유입 집중형,8.347812969519946,56.82550746773347,0.8808993157857142,3.8048489981364986,195,175375284,36127,0.8805349593306632,0.5239709178502534,0.7379093427384993
3001072,목상권1072,CS100005,패스트푸드점,골목상권,목구22,11000280,목280동,청년 밀집형,20.108536191614164,30.423090995403822,0.6011776136699805,6.517144242024771,111,274815809,10578,0.5975817762761145,0.18463250623401972,0.4324020682592766
3001073,목상권1073,CS100006,제과점,발달상권,목구23,11000281,목281동,가족 주거형,39.53493699595213,57.25497656441291,0.05546028630328372,6.181748722260542,28,544391379,45306,0.04556005733726574,0.22659422968446385,0.117973726276145
3001074,목상권1074,CS100007,커피-음료,전통시장,목구24,11000282,목282동,일반 주거·생활형,39.114103679148464,29.11145851494153,0.338232287990014,5.623725105613392,45,290999990,9736,0.3315987785047145,0.29640921319117464,0.31752295237929856
3001075,목상권1075,CS100008,치킨전문점,관광특구,목구0,11000283,목283동,발달상권형,20.788811222581185,43.85690493568226,0.8343316849565718,6.686760997388449,128,750229831,5570,0.8334293566164224,0.16341155675283525,0.5654222366709875
3001076,목상권1076,CS100009,호프-간이주점,골목상권,목구1,11000284,목284동,전통시장형,14.03520352423945,41.06197268491104,0.7595401774698767,5.651518087187016,128,77099993,17434,0.757773821315652,0.2929320009509052,0.5718370931697532
3001077,목상권1077,CS100010,반찬가게,발달상권,목구2,11000285,목285동,관광특구형,39.68894633354762,28.9230998988197,0.24260773356004928,6.890782920249184,172,89335434,46707,0.23486952278562617,0.13788613676234718,0.19607616837631459
3001078,목상권1078,CS100000,한식음식점,전통시장,목구3,11000286,목286동,유입 집중형,11.704807129070788,47.559969814597835,0.3961235763119825,6.382187660635308,10,619459479,25716,0.39015885510203274,0.20151708104904076,0.31470214548083597
3001079,목상권1079,CS100001,중식음식점,관광특구,목구4,11000287,목287동,청년 밀집형,16.42084697696192,22.07337678629476,0.5985482588704233,7.2731896710209805,56,29628888,45679,0.594922045893069,0.09004278353941464,0.3929703409516072
3001080,목상권1080,CS100002,일식음식점,골목상권,목구5,11000288,목288동,가족 주거형,26.828608006569766,46.66547259245763,0.6195313558715314,6.238865841388941,119,832526263,19109,0.6161475498203595,0.21944824049880984,0.45746782609173964
3001081,목상권1081,CS100003,양식음식점,발달상권,목구6,11000289,목289동,일반 주거·생활형,47.59092955261027,20.445131128286505,0.8748211428251778,5.024921250398691,109,911881214,8545,0.8743865683644582,0.37132625976127287,0.673162444923184
3001082,목상권1082,CS100004,분식전문점,전통시장,목구7,11000290,목290동,발달상권형,16.454137134069178,44.497023256559224,0.5368678292477398,1.044111498168287,141,508624541,28055,0.5325290539946806,0.8693699964496684,0.6672654309766757
3001083,목상권1083,CS100005,패스트푸드점,관광특구,목구8,11000291,목291동,전통시장형,34.24222179286754,56.279926801440645,0.3928282264540035,4.117565650854005,29,304555091,42390,0.38682543576223577,0.4848465738253094,0.4260338909874652
3001084,목상권1084,CS100006,제과점,골목상권,목구9,11000292,목292동,관광특구형,10.517381294532589,45.26636552704255,0.794182687214725,6.827234015338385,180,592174598,37182,0.7928165381558613,0.14583681414563499,0.5340246485517708
3001085,목상권1085,CS100007,커피-음료,발달상권,목구10,11000293,목293동,유입 집중형,25.85112038750059,30.987984599425715,0.6802637942710025,2.1834737573481116,112,308995443,26378,0.6775815988405697,0.7268230594387463,0.6972781830798404
3001086,목상권1086,CS100008,치킨전문점,전통시장,목구11,11000294,목294동,청년 밀집형,48.02699490710666,33.57033274777581,0.8578563531509306,0.8354265409107491,161,26014919,38230,0.8572257932016032,0.895478814095367,0.8725270015591087
3001087,목상권1087,CS100009,호프-간이주점,관광특구,목구12,11000295,목295동,가족 주거형,13.413359999870098,24.0101348963042,0.7953275411570339,1.5352643847621898,76,502144769,23226,0.7939746180068655,0.8079212877321861,0.7995532858969938
3001088,목상권1088,CS100010,반찬가게,골목상권,목구13,11000296,목296동,일반 주거·생활형,13.056234847926067,22.291325025355576,0.34113230271411865,3.0764537856157936,96,414998745,28004,0.33453229560719144,0.6151012898120112,0.44675989328911936
3001089,목상권1089,CS100000,한식음식점,발달상권,목구14,11000297,목297동,발달상권형,38.39922533766836,46.54420668550189,0.6608147252968943,5.661592340606297,48,418005711,6622,0.6579078447769882,0.29167159939203313,0.5114133466230062
3001090,목상권1090,CS100001,중식음식점,전통시장,목구15,11000298,목298동,전통시장형,44.594317683127144,20.619287036213308,0.838213672963707,5.18403965047017,148,356141966,16004,0.8373561912341526,0.35141877171739533,0.6429812234274497
3001091,목상권1091,CS100002,일식음식점,관광특구,목구16,11000299,목299동,관광특구형,16.732436151420163,36.81007973032521,0.022731078438185084,2.6721765290854256,94,49383536,42517,0.012452745769241626,0.6656808874397815,0.2737440024374576
3001092,목상권1092,CS100003,양식음식점,골목상권,목구17,11000300,목300동,유입 집중형,7.765830345618996,42.525987568086016,0.46433307645913363,3.9363507506777395,84,570138934,33800,0.4591563445181767,0.5075185806894491,0.4785012389866857
3001093,목상권1093,CS100004,분식전문점,발달상권,목구18,11000301,목301동,청년 밀집형,35.1102299939425,43.094261002002824,0.18419533614359143,0.5040126969430503,129,78725743,22878,0.17578231698850266,0.9369423854573133,0.4802463443760269
3001094,목상권1094,CS100005,패스트푸드점,전통시장,목구19,11000302,목302동,가족 주거형,38.30986653360433,54.09582966333997,0.28585023846028385,3.4153437142348144,150,58336406,6506,0.27861158610151027,0.5727023768067077,0.3962479023835892
3001095,목상권1095,CS100006,제과점,관광특구,목구20,11000303,목303동,일반 주거·생활형,28.121785712588547,30.155436761535384,0.3803460394826433,5.389156132058566,143,236741824,19198,0.3741990485054934,0.3257564102118188,0.35482199318802354
3001096,목상권1096,CS100007,커피-음료,골목상권,목구21,11000304,목304동,발달상권형,48.992665334804606,29.756655319804448,0.01834601411072275,5.4791964182452775,124,249136926,28860,0.008017023049232373,0.3144913653149113,0.13060675995550394
3001097,목상권1097,CS100008,치킨전문점,발달상권,목구22,11000305,목305동,전통시장형,8.33769150895947,53.82142838471123,0.8830315932495852,4.574443393018845,85,270687532,19796,0.8826918698992545,0.42768606827991307,0.7006895492515179
3001098,목상권1098,CS100009,호프-간이주점,전통시장,목구23,11000306,목306동,관광특구형,43.830662540611065,44.427781830467595,0.7247899351426016,4.878718992079599,29,702122075,43174,0.7226221273139074,0.38961779429258914,0.58942039410538
3001099,목상권1099,CS100010,반찬가게,관광특구,목구24,11000307,목307동,유입 집중형,6.688383048469084,36.79531850891886,0.4554486856298245,4.9725986984470785,20,867156429,24400,0.4501693168916483,0.3778723950726761,0.42125054816405944
3001100,목상권1100,CS100000,한식음식점,골목상권,목구0,11000308,목308동,청년 밀집형,26.118320806968352,50.86609969554952,0.016410954120239234,5.615369004437909,88,166693321,45109,0.006059608306052107,0.2974546547250867,0.12261762687366594
3001101,목상권1101,CS100001,중식음식점,발달상권,목구1,11000309,목309동,가족 주거형,4.637579928318897,42.53868808517407,0.26746056135430113,4.514494947915109,130,105738657,15930,0.2600094625153672,0.4351862879503947,0.3300801926893782
3001102,목상권1102,CS100002,일식음식점,전통시장,목구2,11000310,목310동,일반 주거·생활형,36.802099272672876,24.028790656783222,0.24160106278402568,1.7762146020320886,95,550103985,22945,0.2338512224599474,0.7777757258907179,0.45142102383225563
3001103,목상권1103,CS100003,양식음식점,관광특구,목구3,11000311,목311동,발달상권형,36.53405068012456,51.64754083111767,0.6988249273082601,2.8476665847295184,66,692474514,8810,0.6963571591001666,0.6437251225314815,0.6753043444726925
3001104,목상권1104,CS100004,분식전문점,골목상권,목구4,11000312,목312동,전통시장형,24.10359166044022,27.97205668293321,0.7730880333598333,3.091093797031112,101,698795086,5457,0.7714781886158391,0.613269660961534,0.7081947775541171
3001105,목상권1105,CS100005,패스트푸드점,발달상권,목구5,11000313,목313동,관광특구형,31.682649020098143,40.32874810025007,0.6994803166807301,6.8262344542301925,175,269014859,49669,0.6970201198489318,0.1459618703980956,0.47659682006859727
3001106,목상권1106,CS100006,제과점,전통시장,목구6,11000314,목314동,유입 집중형,7.911014689007536,39.46064561521265,0.6968820172457154,3.3248970845677706,54,356020602,24783,0.6943918035970806,0.5840182598089052,0.6502423860818105
3001107,목상권1107,CS100007,커피-음료,관광특구,목구7,11000315,목315동,청년 밀집형,38.80294724440227,43.901067522627,0.4620760570449701,7.186588778434008,12,891433816,40325,0.45687325091970704,0.10087752190398991,0.3144749593134202
3001108,목상권1108,CS100008,치킨전문점,골목상권,목구8,11000316,목316동,가족 주거형,15.540750771925707,39.95407084071598,0.5325044383743245,2.7598499521511917,190,393709426,40639,0.5281152551109844,0.6547119635399463,0.5787539384825692
3001109,목상권1109,CS100009,호프-간이주점,발달상권,목구9,11000317,목317동,일반 주거·생활형,38.289374618121926,32.13422490112493,0.28349017654930386,5.062665371626179,193,475409899,35914,0.2762242596092623,0.3666040488684702,0.3123761753129455
3001110,목상권1110,CS100010,반찬가게,전통시장,목구10,11000318,목318동,발달상권형,8.764059512091187,59.12460067991582,0.09618931984835355,6.787773165272687,129,545871124,33271,0.08675961245632052,0.15077380697946974,0.1123652902655802
3001111,목상권1111,CS100000,한식음식점,관광특구,목구11,11000319,목319동,전통시장형,42.44674135202912,58.031369961821156,0.5506636589875779,5.216459424492076,123,458092609,24985,0.5464842598590819,0.3473626960942342,0.4668356343531428
3001112,목상권1112,CS100001,중식음식점,골목상권,목구12,11000320,목320동,관광특구형,44.881320250501396,53.410546026964305,0.708697648483397,6.334377494441659,23,157778000,8115,0.7063439347446221,0.20749866653160165,0.5068058274594139
3001113,목상권1113,CS100002,일식음식점,발달상권,목구13,11000321,목321동,유입 집중형,7.80512136964525,49.44130187129349,0.12049877475146788,2.2591881756274166,29,119585912,21840,0.11134990198741768,0.7173503405327786,0.353750077405562
3001114,목상권1114,CS100003,양식음식점,전통시장,목구14,11000322,목322동,청년 밀집형,2.393164161636402,27.221865193672752,0.2718722349754543,3.0508030508816795,139,96193411,15250,0.26447210193254983,0.6183104830593458,0.40600745438326824
3001115,목상권1115,CS100004,분식전문점,관광특구,목구15,11000323,목323동,가족 주거형,6.189065245123458,21.159505781473964,0.6197160029729176,3.5731563936288904,72,847708426,32730,0.6163343300547276,0.5529582489949739,0.5909838976308261
3001116,목상권1116,CS100005,패스트푸드점,골목상권,목구16,11000324,목324동,일반 주거·생활형,13.42931051258924,23.029251227914187,0.7419284222335724,3.46960540029903,135,270110687,47604,0.7399586065303934,0.5659136341717971,0.6703406175869548
3001117,목상권1117,CS100006,제과점,발달상권,목구17,11000325,목325동,발달상권형,5.164912812473525,48.79585707547527,0.8366215406854408,2.746239812087553,42,257121961,48187,0.8357456658706507,0.6564147439881578,0.7640132971176534
3001118,목상권1118,CS100007,커피-음료,전통시장,목구18,11000326,목326동,전통시장형,20.72284294678792,48.837555022314305,0.3365581957813617,3.4936073826662355,32,430020249,36312,0.32990534636991004,0.5629107182501321,0.42310749512199886
3001119,목상권1119,CS100008,치킨전문점,관광특구,목구19,11000327,목327동,관광특구형,10.041695977543771,24.79044901618525,0.7210604511425155,1.3976011571544067,43,750800453,9939,0.7188495585035733,0.8251444942026662,0.7613675327832106
3001120,목상권1120,CS100009,호프-간이주점,골목상권,목구20,11000328,목328동,유입 집중형,20.17043417624513,36.849835610540694,0.7946438752203716,2.1165417338738255,7,13666364,12920,0.7932830540293071,0.7351970027191483,0.7700486335052436
3001121,목상권1121,CS100010,반찬가게,발달상권,목구21,11000329,목329동,청년 밀집형,41.13094932114849,29.764575875047974,0.7830951078527831,6.755897091724621,170,432704055,16522,0.7816008696928782,0.15476185960417443,0.5308652656573967
3001122,목상권1122,CS100000,한식음식점,전통시장,목구22,11000330,목330동,가족 주거형,47.43754897651276,20.334849728583286,0.12441581073087385,6.742328839161407,107,336634634,908,0.11531218946861405,0.15645939945850407,0.13177107346457007
3001123,목상권1123,CS100001,중식음식점,관광특구,목구23,11000331,목331동,일반 주거·생활형,28.613145968159053,46.69513224795094,0.8343275623665701,7.508017988866541,65,828539955,14299,0.833425186400259,0.060663139653010734,0.5243203677013597
3001124,목상권1124,CS100002,일식음식점,골목상권,목구24,11000332,목332동,발달상권형,43.73293621159999,56.75752540511052,0.7623911280148329,5.591951950683936,117,499293632,13517,0.7606577074257568,0.3003843895478391,0.5765483802745897
3001125,목상권1125,CS100003,양식음식점,발달상권,목구0,11000333,목333동,전통시장형,35.353599794539846,29.334209211671652,0.7301498202777033,6.311547997244422,44,344275893,37748,0.7280439324449097,0.21035489147037412,0.5209683160550955
3001126,목상권1126,CS100004,분식전문점,전통시장,목구1,11000334,목334동,관광특구형,47.107929330115304,20.268485233049546,0.3880563689816591,4.0165045967929185,134,947453779,45579,0.38199845147510375,0.49749043980510177,0.42819524680710297
3001127,목상권1127,CS100005,패스트푸드점,관광특구,목구2,11000335,목335동,유입 집중형,47.013639231518525,33.264998465410265,0.6208164036086656,3.100921679631184,109,596161615,19754,0.6174474430529866,0.6120400831423147,0.6152844990887179
3001128,목상권1128,CS100006,제과점,골목상권,목구3,11000336,목336동,청년 밀집형,43.89621282806148,30.884372872606683,0.433340400155364,2.0170459770979416,56,395791186,28860,0.42780562576735714,0.7476450325355788,0.5557413884746458
3001129,목상권1129,CS100007,커피-음료,발달상권,목구4,11000337,목337동,가족 주거형,2.452237051041809,43.062252054052394,0.5458686647395392,0.25714128729047836,61,406321547,44003,0.5416338715089872,0.967828754562496,0.7121118247303907
3001130,목상권1130,CS100008,치킨전문점,전통시장,목구5,11000338,목338동,일반 주거·생활형,27.013718763692186,31.67933299077427,0.41306282254064736,3.8707334187186744,152,566373936,45865,0.40729379172901775,0.5157280413857572,0.45066749159171354
3001131,목상권1131,CS100009,호프-간이주점,관광특구,목구6,11000339,목339동,발달상권형,47.726187939616125,30.290533021309866,0.6363291932027284,4.201060196684169,152,118495620,21993,0.6331394439256234,0.4744004741153053,0.5696438560014961
3001132,목상권1132,CS100010,반찬가게,골목상권,목구7,11000340,목340동,전통시장형,3.697419610763399,48.13020814374945,0.6794273500927496,7.490472952049277,195,979305102,19759,0.676735491652983,0.06285821960927085,0.4311845828354981
3001133,목상권1133,CS100000,한식음식점,발달상권,목구8,11000341,목341동,관광특구형,44.147507075274554,20.82894293055243,0.7704792174135318,6.573278398718975,42,332832590,34766,0.7688392343608558,0.17760949662142278,0.5323473392650826
3001134,목상권1134,CS100001,중식음식점,전통시장,목구9,11000342,목342동,유입 집중형,40.642035461513615,29.161329051032144,0.2539469606235327,1.7168279181765902,46,180112595,42348,0.24633974610660192,0.7852056629582588,0.46188611284726466
3001135,목상권1135,CS100002,일식음식점,관광특구,목구10,11000343,목343동,청년 밀집형,23.687900566701128,53.3046118402845,0.25642741595705654,4.6140616786601,47,100753205,16615,0.24884885686467534,0.42272937849816605,0.3184010655180716
3001136,목상권1136,CS100003,양식음식점,골목상권,목구11,11000344,목344동,가족 주거형,25.69082824740455,21.607347743906086,0.8759486064284417,3.809005559405506,46,779566159,1495,0.875527056974776,0.5234508856369504,0.7346965884396457
3001137,목상권1137,CS100004,분식전문점,발달상권,목구12,11000345,목345동,일반 주거·생활형,5.203778723036413,34.73910029432132,0.757452726550002,7.708950314222107,192,652458750,32813,0.7556622551490614,0.03552426279874643,0.4676070582089354
3001138,목상권1138,CS100005,패스트푸드점,전통시장,목구13,11000346,목346동,발달상권형,11.78003886134054,45.57185982175045,0.5432636808313354,0.10621150298155335,93,743770120,22993,0.5389987935616667,0.9867117553672126,0.718083978283885
3001139,목상권1139,CS100006,제과점,관광특구,목구14,11000347,목347동,전통시장형,35.77339228391025,23.644159335296536,0.472924258270827,6.748506592789996,143,595937058,12742,0.46784677583413237,0.155686493519003,0.3429826629080806
3001140,목상권1140,CS100007,커피-음료,골목상권,목구15,11000348,목348동,관광특구형,16.317884053674675,35.202675283872715,0.3092523057057697,2.612009704680885,103,141327956,44145,0.30228400539212047,0.6732084287985018,0.45065377475467305
3001141,목상권1141,CS100008,치킨전문점,발달상권,목구16,11000349,목349동,유입 집중형,24.34094678076062,37.54678843478012,0.3900769554674795,3.0167176922836223,185,537902967,4812,0.38404238075722763,0.6225749419054458,0.47945540521651486
3001142,목상권1142,CS100009,호프-간이주점,전통시장,목구17,11000350,목350동,청년 밀집형,3.8822340455453075,24.963576538606095,0.8819365025156918,4.943731058064086,120,156874733,27077,0.8815841281454149,0.3814840591261184,0.6815441005376963
3001143,목상권1143,CS100010,반찬가게,관광특구,목구18,11000351,목351동,가족 주거형,25.538169058348178,36.625084485384356,0.1012414354812483,2.745399238538117,87,224972180,23609,0.09187009258237008,0.6565199091222835,0.3177300191983355
3001144,목상권1144,CS100000,한식음식점,골목상권,목구19,11000352,목352동,일반 주거·생활형,22.306355800482546,20.139810127669456,0.8452417835884931,1.2645196035635786,181,125605604,8650,0.8444654940058051,0.8417944821096585,0.8433970892473464
3001145,목상권1145,CS100001,중식음식점,발달상권,목구20,11000353,목353동,발달상권형,25.806472767370053,24.49186194782271,0.8790889496132931,6.84183273536935,35,429779827,11593,0.8787036789290843,0.14401035130826478,0.5848263478807564
3001146,목상권1146,CS100002,일식음식점,전통시장,목구21,11000354,목354동,전통시장형,29.598663758534627,52.299891038823276,0.7693685628827462,7.577516440359499,109,539280376,35480,0.7677157490095844,0.05196810757914272,0.4814166924374077
3001147,목상권1147,CS100003,양식음식점,관광특구,목구22,11000355,목355동,관광특구형,41.01472349996722,49.49311621609034,0.8951845670850644,3.5134979853114787,68,813029651,613,0.8949852407901007,0.5604221818258857,0.7611600172044146
3001148,목상권1148,CS100004,분식전문점,골목상권,목구23,11000356,목356동,유입 집중형,32.14841061956409,59.86553049693242,0.6765238695214548,0.7680728045131655,33,220495257,25419,0.6737984686641662,0.9039055183699389,0.7658412885464754
3001149,목상권1149,CS100005,패스트푸드점,발달상권,목구24,11000357,목357동,청년 밀집형,26.838937273113686,48.53149376436653,0.10111238331318624,0.4595952007067101,188,910432764,25326,0.0917395495409934,0.9424995100567733,0.4320435337473054
3001150,목상권1150,CS100006,제과점,전통시장,목구0,11000358,목358동,가족 주거형,5.004892623928877,50.01663221148975,0.08957244235882102,6.095363918261555,143,954079273,27387,0.08006629358479951,0.2374019329545447,0.1430005493326976
3001151,목상권1151,CS100007,커피-음료,관광특구,목구1,11000359,목359동,일반 주거·생활형,49.83566798584878,59.58831726644068,0.6558907324578577,4.372218932440592,171,618856868,7552,0.6529269675815291,0.4529866056742856,0.5729508228186317
3001152,목상권1152,CS100008,치킨전문점,골목상권,목구2,11000360,목360동,발달상권형,12.515094480538295,47.28700659769501,0.7825269603737325,6.060743200410917,112,148464504,42538,0.7810261586982509,0.24173337121921068,0.5653090437066348
3001153,목상권1153,CS100009,호프-간이주점,발달상권,목구3,11000361,목361동,전통시장형,20.526085136992435,50.67297801595102,0.10562984767735058,1.4752110924267674,147,469689373,46064,0.09630920184722358,0.8154346249617326,0.3839593710930272
3001154,목상권1154,CS100010,반찬가게,전통시장,목구4,11000362,목362동,관광특구형,37.835760755923154,25.266889865336797,0.05840233990171448,1.7881907656773963,11,754586682,2615,0.04853609896755957,0.7762773741320691,0.3396326090333634
3001155,목상권1155,CS100000,한식음식점,관광특구,목구5,11000363,목363동,유입 집중형,11.195306777014693,28.81337304191982,0.7102543433772285,3.485825506540839,192,642163317,42634,0.7079186133338154,0.5638843178203621,0.6503048951284341
3001156,목상권1156,CS100001,중식음식점,골목상권,목구6,11000364,목364동,청년 밀집형,6.90921373131302,21.822483288102156,0.14485661217272155,3.57664303753221,127,198572759,29584,0.1359891329749988,0.5525220309222217,0.30260229215388795
3001157,목상권1157,CS100002,일식음식점,발달상권,목구7,11000365,목365동,가족 주거형,48.14940292686288,50.63868286733729,0.6233146506383034,2.44551020198998,5,208888053,45917,0.6199745510454873,0.6940393751732882,0.6496004806966076
3001158,목상권1158,CS100003,양식음식점,전통시장,목구8,11000366,목366동,일반 주거·생활형,23.319776822908608,41.18744602048852,0.2963261965140328,2.0767705920792228,29,234626340,29521,0.289208567509938,0.7401728165119702,0.46959426711075086
3001159,목상권1159,CS100004,분식전문점,관광특구,목구9,11000367,목367동,발달상권형,21.325033915203672,20.5467524609137,0.014257277914701084,0.5353886087353352,100,818909342,22089,0.003881051787138429,0.933016908651425,0.37553539453285306
3001160,목상권1160,CS100005,패스트푸드점,골목상권,목구10,11000368,목368동,전통시장형,20.368629173248898,57.4650577507724,0.5150909727127152,4.749842530356774,167,58124651,24552,0.5105006206378794,0.40574167826661023,0.4685970436893717
3001161,목상권1161,CS100006,제과점,발달상권,목구11,11000369,목369동,관광특구형,22.929644114216256,32.92414746187035,0.6699886168113484,6.540649839803457,156,983505987,23534,0.667187717541161,0.18169169356538306,0.47298930795084987
3001162,목상권1162,CS100007,커피-음료,전통시장,목구12,11000370,목370동,유입 집중형,20.892547142025474,49.664345867037035,0.134124492969441,0.555721749956537,183,6209444,3842,0.12513303111904536,0.9304730057113896,0.4472690209559831
3001163,목상권1163,CS100008,치킨전문점,관광특구,목구13,11000371,목371동,청년 밀집형,41.05299790620372,31.474340971937636,0.6804235348429701,6.1021112876940276,188,419939944,41309,0.6777431848131965,0.23655776171951315,0.5012690155757231
3001164,목상권1164,CS100009,호프-간이주점,골목상권,목구14,11000372,목372동,가족 주거형,29.18933798237194,37.637066225530766,0.6952818274746712,6.3844942697974725,171,818161395,6330,0.6927731276567314,0.20122849849481028,0.4961552759919629
3001165,목상권1165,CS100010,반찬가게,발달상권,목구15,11000373,목373동,일반 주거·생활형,26.769223897139923,52.02908345381832,0.27827434056137784,0.7458756986993382,10,278033165,4086,0.2709481677511357,0.9066826240874358,0.5252419502856558
3001166,목상권1166,CS100000,한식음식점,전통시장,목구16,11000374,목374동,발달상권형,10.883284114573861,30.36914484959329,0.08439438621555768,3.935469445842158,145,87012545,37698,0.07482841802244747,0.5076288417621437,0.247948587518326
3001167,목상권1167,CS100001,중식음식점,관광특구,목구17,11000375,목375동,전통시장형,24.041443199351523,42.63713031181389,0.1617438781489685,2.982590421366364,175,682417102,28418,0.1530714888484478,0.6268446444505336,0.3425807510892821
3001168,목상권1168,CS100002,일식음식점,골목상권,목구18,11000376,목376동,관광특구형,5.0090815079761715,49.81232806956839,0.411646086090426,4.747166813972742,128,293568313,26275,0.4058606884513405,0.4060764402545387,0.4059469891726198
3001169,목상권1169,CS100003,양식음식점,발달상권,목구19,11000377,목377동,유입 집중형,15.893886636888901,34.80192651565627,0.4067409012001571,1.615567274684702,38,615102265,42236,0.4008988364832068,0.7978744998038063,0.5596891018114466
3001170,목상권1170,CS100004,분식전문점,전통시장,목구20,11000378,목378동,청년 밀집형,6.468053686504785,32.40326872499832,0.8660651824657749,1.9257227889461923,85,417939028,46816,0.8655294548989916,0.7590705827889941,0.8229459060549926
3001171,목상권1171,CS100005,패스트푸드점,관광특구,목구21,11000379,목379동,가족 주거형,20.273613616524027,39.835395648279274,0.09256216748827435,0.23336069703197637,111,855468787,16814,0.08309055747079211,0.9708039718600229,0.43817592322648447
3001172,목상권1172,CS100006,제과점,골목상권,목구22,11000380,목380동,일반 주거·생활형,27.829823037907776,32.38513319152049,0.533676821655409,4.953002082625482,16,324894078,26950,0.5293011823330543,0.38032415046359036,0.46971036958526874
3001173,목상권1173,CS100007,커피-음료,발달상권,목구23,11000381,목381동,발달상권형,12.535116119377207,44.42367900587179,0.5831227367009143,4.132145137149278,120,385052052,44246,0.5793183206006524,0.4830225173429752,0.5407999992975815
3001174,목상권1174,CS100008,치킨전문점,전통시장,목구24,11000382,목382동,전통시장형,2.5940597173893742,31.26268624580675,0.4622350881703848,7.464386027954731,114,912528771,5497,0.4570341192499098,0.06612198501465716,0.3006692655558087
3001175,목상권1175,CS100009,호프-간이주점,관광특구,목구0,11000383,목383동,관광특구형,41.72310544313327,32.46017244506191,0.7093606965366633,1.6115052896355078,95,241926681,5539,0.7070146426509832,0.7983826994762824,0.7435618653811029
3001176,목상권1176,CS100010,반찬가게,골목상권,목구1,11000384,목384동,유입 집중형,1.0778075159438054,32.42078701017584,0.5609634070275801,2.0344692748159874,39,682890815,43482,0.5569029955901146,0.7454651834995709,0.6323278707538971
3001177,목상권1177,CS100000,한식음식점,발달상권,목구2,11000385,목385동,청년 밀집형,46.92846188000559,50.421384814828315,0.01758495233545635,2.325069112426407,100,1752244,47346,0.007247169118758021,0.7091078999284475,0.2879914614426338
3001178,목상권1178,CS100001,중식음식점,전통시장,목구3,11000386,목386동,가족 주거형,10.349280846254787,34.40043185111112,0.3467249402730713,7.418595869065325,80,672399203,26151,0.34018954203107227,0.07185084503467132,0.23285406323251187
3001179,목상권1179,CS100002,일식음식점,관광특구,목구4,11000387,목387동,일반 주거·생활형,21.659579869810095,37.51074519829729,0.20125573117387793,4.039751264435833,110,159453443,7658,0.19303980198689685,0.494582022186816,0.31365669006686453
3001180,목상권1180,CS100003,양식음식점,골목상권,목구5,11000388,목388동,발달상권형,1.5468712835465974,35.762311772999546,0.2633943200800561,2.7482759162178914,192,959349382,48660,0.25589624604731004,0.656160004632982,0.4160017494815788
3001181,목상권1181,CS100004,분식전문점,발달상권,목구6,11000389,목389동,전통시장형,15.990709029484142,56.97073288493361,0.731220171386254,3.0138976854851256,89,504864162,24364,0.7291266487692408,0.6229277562348979,0.6866470917555036
3001182,목상권1182,CS100005,패스트푸드점,전통시장,목구7,11000390,목390동,관광특구형,17.117804157565295,24.450625090054423,0.33004052092711844,1.6828371667539805,191,564042270,34662,0.3233123761706951,0.7894582853906364,0.5097707398586716
3001183,목상권1183,CS100006,제과점,관광특구,목구8,11000391,목391동,유입 집중형,24.52370071952427,25.83264410553916,0.5660835175439148,0.008728777547458044,109,137968431,23385,0.5620822561095167,0.99890793249187,0.7368125266624581
3001184,목상권1184,CS100007,커피-음료,골목상권,목구9,11000392,목392동,청년 밀집형,36.95205932248887,55.71767373090886,0.3723440011448975,2.2151601405814363,195,861445566,21359,0.3661045667349911,0.7228587391898764,0.5088062357169453
3001185,목상권1185,CS100008,치킨전문점,발달상권,목구10,11000393,목393동,가족 주거형,8.920856433705938,50.00253800048054,0.22209558239079577,7.618587955030418,102,283931614,44457,0.21412040528513637,0.04682960262378888,0.1472040842205974
3001186,목상권1186,CS100009,호프-간이주점,전통시장,목구11,11000394,목394동,일반 주거·생활형,42.75822484309169,37.90376390044905,0.6260527859428682,4.272240653235696,81,292468038,9074,0.6227443186187593,0.4654950044328505,0.5598445929443958
3001187,목상권1187,CS100010,반찬가게,관광특구,목구12,11000395,목395동,발달상권형,2.9714054834766137,55.38772841210584,0.06079375781234395,2.2729878993709773,7,548465210,12053,0.050955143699191796,0.7156238410499385,0.3168226226394905
3001188,목상권1188,CS100000,한식음식점,골목상권,목구13,11000000,목0동,전통시장형,25.351924851126903,57.86728216725179,0.45728434373568333,2.153997325578648,66,979404619,33623,0.452026181411362,0.7305108900904067,0.5634200648829799
3001189,목상권1189,CS100001,중식음식점,발달상권,목구14,11000001,목1동,관광특구형,46.77602004442108,29.530732213155808,0.5078204281824451,0.506154255611694,92,320355335,41858,0.5031460832465382,0.9366744525622357,0.6765574309728172
3001190,목상권1190,CS100002,일식음식점,전통시장,목구15,11000002,목2동,유입 집중형,7.074180461591169,41.62575196397415,0.2910342711536369,5.90006843721999,146,89839308,45255,0.28385550725796094,0.2618355776625847,0.2750475354198104
3001191,목상권1191,CS100003,양식음식점,관광특구,목구16,11000003,목3동,청년 밀집형,44.58880191607938,52.60261118963516,0.01795766204375443,1.256537260321637,19,839089250,1537,0.007624184550598345,0.8427931623539275,0.34169177567193004
3001192,목상권1192,CS100004,분식전문점,골목상권,목구17,11000004,목4동,가족 주거형,22.481902214761856,59.37943073374521,0.3867196786488633,0.47307904567581893,54,849928488,38125,0.3806463190464718,0.940812530534685,0.6047128036417571
3001193,목상권1193,CS100005,패스트푸드점,발달상권,목구18,11000005,목5동,일반 주거·생활형,33.782286698124665,51.232560651854016,0.15596554251116515,6.239257370483472,128,900959341,18345,0.1472263990713324,0.21939925583855246,0.17609554177822043
3001194,목상권1194,CS100006,제과점,전통시장,목구19,11000006,목6동,발달상권형,39.38112598394648,48.98589542201114,0.5740931414830925,4.039431344047981,114,364106493,47777,0.5701844111140024,0.4946220477985197,0.5399594657878093
3001195,목상권1195,CS100007,커피-음료,관광특구,목구20,11000007,목7동,전통시장형,34.105872425704206,35.760123429311705,0.6551338900477255,6.651327308083532,97,581796010,30410,0.652161381760344,0.16784470682140828,0.4584347117847697
3001196,목상권1196,CS100008,치킨전문점,골목상권,목구21,11000008,목8동,관광특구형,14.954153453167109,58.04504434615722,0.1963305053611572,7.005803520411412,78,72590947,14432,0.18805767757384306,0.12349577573872839,0.16223291683979718
3001197,목상권1197,CS100009,호프-간이주점,발달상권,목구22,11000009,목9동,유입 집중형,17.29616181749858,24.27142302997084,0.22684044092020733,5.345203924650182,52,294702691,19143,0.21892007872443586,0.3312553219850102,0.26385417602866557
3001198,목상권1198,CS100010,반찬가게,전통시장,목구23,11000010,목10동,청년 밀집형,6.715697858365275,42.1320987943066,0.7862888151675059,6.990830401539855,14,662246589,7928,0.7848314722654005,0.12536908005036795,0.5210465153793875
3001199,목상권1199,CS100000,한식음식점,관광특구,목구24,11000011,목11동,가족 주거형,18.612929463465672,42.40680901788919,0.870830985154802,7.138029143732414,28,783192271,5651,0.8703503144550091,0.10695287426300559,0.5649913383782076
3001200,목상권1200,CS100001,중식음식점,골목상권,목구0,11000012,목12동,일반 주거·생활형,10.834898851456153,32.212530862776404,0.6249997863904874,0.2477763532655013,13,391042434,6837,0.6216791543042012,0.9690004123472034,0.760607657521402
3001201,목상권1201,CS100002,일식음식점,발달상권,목구1,11000013,목13동,발달상권형,7.449556563121077,27.54077485950265,0.2421362917899508,7.899038118728935,100,828071390,31903,0.23439263469126215,0.011742156557062788,0.1453324434375824
3001202,목상권1202,CS100003,양식음식점,전통시장,목구2,11000014,목14동,전통시장형,2.1212797445156992,54.84297438979529,0.21647656943066357,3.7602075267359147,187,352417216,23719,0.20843647875863347,0.5295560642429333,0.33688431295235344
3001203,목상권1203,CS100004,분식전문점,관광특구,목구3,11000015,목15동,관광특구형,33.99436365336195,58.586309617806805,0.8428754567673311,4.456907786525298,47,82954903,32649,0.8420718302280903,0.4423910846699036,0.6821995320048156
3001204,목상권1204,CS100005,패스트푸드점,골목상권,목구4,11000016,목16동,유입 집중형,40.440176998437906,33.180515517379526,0.47448850545064813,7.003106900001231,71,378628071,33252,0.4694290939569906,0.12383315305367404,0.331190717595664
3001205,목상권1205,CS100006,제과점,발달상권,목구5,11000017,목17동,청년 밀집형,24.38378324200475,59.80610040616167,0.14769919922560154,7.375027289136043,84,488074751,11667,0.1388645589739056,0.07730176072789896,0.11423943967550294
3001206,목상권1206,CS100007,커피-음료,전통시장,목구6,11000018,목18동,가족 주거형,44.41304719973207,55.58977088640285,0.03364108443162589,5.088682493519775,13,791323731,49407,0.02348878944993908,0.3633490164976054,0.15943288026900562
3001207,목상권1207,CS100008,치킨전문점,관광특구,목구7,11000019,목19동,일반 주거·생활형,29.64546244884762,58.612199623858324,0.4239595412209983,6.671905204154516,198,620353432,41234,0.4183163945951321,0.1652701823175342,0.31709790968409296
3001208,목상권1208,CS100009,호프-간이주점,골목상권,목구8,11000020,목20동,발달상권형,33.64969363310467,26.565092907655583,0.09355505187679329,2.3240025900437757,195,363776557,25251,0.08409491214192294,0.7092413337838107,0.33415348079867807
3001209,목상권1209,CS100010,반찬가게,발달상권,목구9,11000021,목21동,전통시장형,39.77126319170021,43.4769376946117,0.7655913410675919,1.7680014157746546,109,784687273,11220,0.7638948908937603,0.7788032871730621,0.769858249405481
3001210,목상권1210,CS100000,한식음식점,전통시장,목구10,11000022,목22동,관광특구형,28.506850964359252,30.800229006298405,0.6548808183546476,5.376158079532608,138,496140950,41235,0.6519053864601733,0.3273826116765013,0.5220962765467044
3001211,목상권1211,CS100001,중식음식점,관광특구,목구11,11000023,목23동,유입 집중형,47.26844904231532,47.10597741810477,0.8649485022674667,4.29605060548429,179,695110513,7009,0.8643998742687602,0.46251611362260314,0.7036463700102973
3001212,목상권1212,CS100002,일식음식점,골목상권,목구12,11000024,목24동,청년 밀집형,47.78999357376037,54.848691087643104,0.690874659652439,3.9439298680749824,56,901391304,8398,0.688315046091647,0.506570348499451,0.6156171670547685
3001213,목상권1213,CS100003,양식음식점,발달상권,목구13,11000025,목25동,가족 주거형,2.2901198362314803,46.99946152756629,0.6399968403258316,3.9958423597239277,123,622083445,47515,0.6368494614893428,0.5000755163093019,0.5821398834173265
3001214,목상권1214,CS100004,분식전문점,전통시장,목구14,11000026,목26동,일반 주거·생활형,26.59371573198301,25.117011685310118,0.28891289963953704,2.1453971451552505,147,533353203,19211,0.28170962862996857,0.7315868686628224,0.46166052464311014
3001215,목상권1215,CS100005,패스트푸드점,관광특구,목구15,11000027,목27동,발달상권형,28.207879434235462,58.161296951471996,0.8572802824836173,6.00720425128089,135,78921708,43561,0.8566430674861949,0.24843169139594068,0.6133585170500933
3001216,목상권1216,CS100006,제과점,골목상권,목구16,11000028,목28동,전통시장형,22.575330262648695,34.85262351842595,0.1361991336147029,2.6002451338083095,66,68784689,32072,0.1272316390205099,0.67468030793933,0.34621110658803794
3001217,목상권1217,CS100007,커피-음료,발달상권,목구17,11000029,목29동,관광특구형,39.52220406375498,51.68124638170727,0.09700540832262321,6.087465281532002,160,699878405,42975,0.0875851287809466,0.23839014057972108,0.1479071335004564
3001218,목상권1218,CS100008,치킨전문점,전통시장,목구18,11000030,목30동,유입 집중형,33.186374661058245,21.014372994436474,0.4826323338433271,3.6026668131420916,198,261124652,21589,0.4776670038099956,0.549266166097176,0.5063066687248678
3001219,목상권1219,CS100009,호프-간이주점,관광특구,목구19,11000031,목31동,청년 밀집형,18.77622912051548,56.52656759231849,0.2457710684375738,5.249020590837712,192,395755060,49934,0.2380694020438065,0.343288930713051,0.2801572135115043
3001220,목상권1220,CS100010,반찬가게,골목상권,목구20,11000032,목32동,가족 주거형,41.54141292713182,32.184765468657595,0.3496350560537489,7.92278209236602,40,538833702,41158,0.34313327688243284,0.008771520407616307,0.2093885742925062
3001221,목상권1221,CS100000,한식음식점,발달상권,목구21,11000033,목33동,일반 주거·생활형,32.95416930074198,48.02799689963661,0.201010180513744,1.6388166650412925,46,72104517,13643,0.19279141460629493,0.7949657415436469,0.4336611453812357
3001222,목상권1222,CS100001,중식음식점,전통시장,목구22,11000034,목34동,발달상권형,10.16914268043885,43.7212787912907,0.8359085096110035,5.4344887669271325,66,922169003,31038,0.8350243975149857,0.32008479155402636,0.629048555130602
3001223,목상권1223,CS100002,일식음식점,관광특구,목구23,11000035,목35동,전통시장형,31.33364608866517,29.56552363105059,0.5113450857408496,4.533906775946053,48,878357682,30359,0.5067114593606703,0.4327576515748264,0.4771299362463327
3001224,목상권1224,CS100003,양식음식점,골목상권,목구24,11000036,목36동,관광특구형,10.693726782457201,41.80840799134731,0.05234592593989172,7.561782232422213,135,815275001,38081,0.04240971837058776,0.05393663262873283,0.04702048407384579
3001225,목상권1225,CS100004,분식전문점,발달상권,목구0,11000037,목37동,유입 집중형,7.724200267189394,52.72456579871712,0.7503128742075262,6.660736933008242,32,724671639,22108,0.7484399197651336,0.16666745770627212,0.5157309349415891
3001226,목상권1226,CS100005,패스트푸드점,전통시장,목구1,11000038,목38동,청년 밀집형,9.140333849336463,57.39304890512495,0.8398113157066355,3.371299458042886,52,898640883,32419,0.8389722907218805,0.5782128049102357,0.7346684963972226
3001227,목상권1227,CS100006,제과점,관광특구,목구2,11000039,목39동,가족 주거형,10.25722696539968,51.60686783580422,0.42981564038435205,3.667893389792221,43,465350521,9616,0.4242401462598079,0.5411055932519098,0.4709863250566486
3001228,목상권1228,CS100007,커피-음료,골목상권,목구3,11000040,목40동,일반 주거·생활형,48.307313158650814,50.66809140199882,0.2776092828232529,3.6380841731346383,182,682926327,48659,0.2702754269430605,0.5448350590078601,0.3800992797689804
3001229,목상권1229,CS100008,치킨전문점,발달상권,목구4,11000041,목41동,발달상권형,21.461892495595265,53.00859579614388,0.6382493503693525,0.9279786471645126,182,455600496,41143,0.635081783680286,0.8838995124693149,0.7346088751958976
3001230,목상권1230,CS100009,호프-간이주점,전통시장,목구5,11000042,목42동,전통시장형,3.2431234038011816,46.75907032526848,0.7076707760020393,1.813377663066012,95,128608233,27887,0.7053051993336991,0.7731262121143452,0.7324336044459575
3001231,목상권1231,CS100010,반찬가게,관광특구,목구6,11000043,목43동,관광특구형,5.850315253568347,26.542173575535188,0.3934710549255457,1.785308859763548,151,426467483,23487,0.3874756905004459,0.7766379327318146,0.5431405873929933
3001232,목상권1232,CS100000,한식음식점,골목상권,목구7,11000044,목44동,유입 집중형,8.314603470665267,34.38201551177973,0.4384589175498988,3.650572289938565,73,921431303,26132,0.4329832747604427,0.5432726561942758,0.4770990273339759
3001233,목상권1233,CS100001,중식음식점,발달상권,목구8,11000045,목45동,청년 밀집형,13.751065280385165,30.85648587698829,0.689753459675896,0.8542744273640261,137,725128319,17965,0.6871808934685077,0.8931207331062895,0.7695568293236205
3001234,목상권1234,CS100002,일식음식점,전통시장,목구9,11000046,목46동,가족 주거형,33.82850406720298,53.1044379945246,0.10350196653427127,1.026878018157955,55,841386662,30962,0.09415673838785664,0.8715260971715584,0.40510448190133735
3001235,목상권1235,CS100003,양식음식점,관광특구,목구10,11000047,목47동,일반 주거·생활형,45.46752285186745,46.92010972623023,0.41422456991184076,7.258176269647962,47,538257137,21786,0.4084689601700007,0.0919211276416495,0.2818498271586602
3001236,목상권1236,CS100004,분식전문점,골목상권,목구11,11000048,목48동,발달상권형,47.19169645816724,46.407551393341336,0.5898312850498062,6.149422699541287,59,93870719,5021,0.5861043693578165,0.2306385759731432,0.4439180520039472
3001237,목상권1237,CS100005,패스트푸드점,발달상권,목구12,11000049,목49동,전통시장형,36.39142495768008,27.12534118779448,0.5986858323248212,1.3049829331324334,145,159007911,47571,0.5950612086628192,0.8367320678995759,0.691729552357522
3001238,목상권1238,CS100006,제과점,전통시장,목구13,11000050,목50동,관광특구형,34.93430373728105,39.764740693873804,0.46346571744036086,6.773104925849602,104,15512963,18547,0.4582789653468199,0.1526089674688198,0.3360109661956199
3001239,목상권1239,CS100007,커피-음료,관광특구,목구14,11000051,목51동,유입 집중형,18.200480519013933,31.751385806831788,0.7155736918171772,0.7649211995418224,138,656281006,33843,0.7132994134700774,0.9042998193323535,0.7896995758149878
3001240,목상권1240,CS100008,치킨전문점,골목상권,목구15,11000052,목52동,청년 밀집형,22.802597367358086,29.27056035228886,0.1444988679492554,7.564667763705304,121,274545568,9791,0.13562725591653857,0.053575620454826,0.10280660173185353
3001241,목상권1241,CS100009,호프-간이주점,발달상권,목구16,11000053,목53동,가족 주거형,20.09482815931953,47.15890880171779,0.5619307244026638,0.7220206458839362,146,525749453,34342,0.5578814878852553,0.909667157482036,0.6985957557239675
3001242,목상권1242,CS100010,반찬가게,전통시장,목구17,11000054,목54동,일반 주거·생활형,13.662813706145627,55.424760934833756,0.638370722427738,0.16991391509290033,78,554273462,37620,0.6352045578876295,0.9787418725195776,0.7726194837404088
3001243,목상권1243,CS100000,한식음식점,관광특구,목구18,11000055,목55동,발달상권형,31.217003435293375,48.77505944927622,0.19780202975840486,2.1956453902151454,108,461627888,34476,0.18954620173551637,0.7253002522984904,0.403847821960706
3001244,목상권1244,CS100001,중식음식점,골목상권,목구19,11000056,목56동,전통시장형,37.71780510511191,42.49724717013049,0.8261390457816765,2.065249154503693,169,818130685,42578,0.8251420720953418,0.7416142769633078,0.7917309540425282
3001245,목상권1245,CS100002,일식음식점,발달상권,목구20,11000057,목57동,관광특구형,22.313450745790337,22.865298964168858,0.44957323999247034,2.3950352062832945,84,981090732,34739,0.4442259952531096,0.7003543605746888,0.5466773413817413
3001246,목상권1246,CS100003,양식음식점,전통시장,목구21,11000058,목58동,유입 집중형,43.172250238436014,20.400729003833135,0.6764997812957889,1.6820416248569172,45,6473990,25113,0.6737741021596199,0.7895578165623744,0.7200875879207218
3001247,목상권1247,CS100004,분식전문점,관광특구,목구22,11000059,목59동,청년 밀집형,13.908830149613761,23.843816501695336,0.7311554288748452,4.322967453015443,64,542387576,36355,0.7290611583209006,0.45914851553109026,0.6210961012049765
3001248,목상권1248,CS100005,패스트푸드점,골목상권,목구23,11000060,목60동,가족 주거형,22.86335107403248,39.04932350845801,0.1526415731414904,2.8476128175023376,87,369085925,1273,0.1438640295933426,0.6437318494117906,0.34381115752072183
3001249,목상권1249,CS100006,제과점,발달상권,목구24,11000061,목61동,일반 주거·생활형,2.5672995312514644,41.92694130938988,0.279162910926466,6.045896014933216,168,751482746,18977,0.27184700331258105,0.2435909198575189,0.2605445699305562
3001250,목상권1250,CS100007,커피-음료,전통시장,목구0,11000062,목62동,발달상권형,10.525754276419507,27.61503200807394,0.877513498761147,0.40457395970775245,141,48750443,5223,0.8771100277036378,0.949383281492723,0.9060193292192719
3001251,목상권1251,CS100008,치킨전문점,관광특구,목구1,11000063,목63동,전통시장형,6.693405831958969,28.518626981552654,0.8444020815914869,0.6742877641773894,163,396348238,648,0.8436160913635607,0.9156390738125549,0.8724252843431585
3001252,목상권1252,CS100009,호프-간이주점,골목상권,목구2,11000064,목64동,관광특구형,31.802150547171635,56.224940851817905,0.5957410490370311,6.455721041950406,41,606755128,7082,0.592082405808469,0.19231723421361113,0.4321763371705259
3001253,목상권1253,CS100010,반찬가게,발달상권,목구3,11000065,목65동,유입 집중형,1.1548603493594989,38.44495933684294,0.22012636156652918,5.880294521524526,79,791575244,6693,0.2121284350656323,0.2643095152468695,0.2330008671381272
3001254,목상권1254,CS100000,한식음식점,전통시장,목구4,11000066,목66동,청년 밀집형,48.72894642810614,35.04206314793004,0.04966358681522557,3.511081955351334,127,900244751,2978,0.039696391561779704,0.5607244541433776,0.24810761659441885
3001255,목상권1255,CS100001,중식음식점,관광특구,목구5,11000067,목67동,가족 주거형,22.169287600943164,33.58473255632947,0.1384154338813714,5.109781216215427,105,762891129,16295,0.12947354306411904,0.360709330769141,0.22196785814612785
3001256,목상권1256,CS100002,일식음식점,골목상권,목구6,11000068,목68동,일반 주거·생활형,6.935479505219547,20.539951410699473,0.26850033054793865,1.442913984633332,160,582488064,10257,0.26106124362765315,0.8194753536704225,0.48442688764476083
3001257,목상권1257,CS100003,양식음식점,발달상권,목구7,11000069,목69동,발달상권형,35.45385136656394,46.480608155664726,0.38712689930101496,4.074265460296566,26,293579054,10897,0.38105824410934797,0.4902639110121628,0.42474051087047393
3001258,목상권1258,CS100004,분식전문점,전통시장,목구8,11000070,목70동,전통시장형,45.354002444969645,23.256877671951596,0.695120808164283,7.4483883297286,180,445453850,44842,0.6926102481730768,0.06812347564065135,0.44281553916010663
3001259,목상권1259,CS100005,패스트푸드점,관광특구,목구9,11000071,목71동,관광특구형,6.435053720479,31.371460536127323,0.15891691302261815,2.2796261278021,115,711089578,14619,0.15021186524815208,0.7147933245724869,0.376044448977886
3001260,목상권1260,CS100006,제과점,골목상권,목구10,11000072,목72동,유입 집중형,3.2935285768966325,47.2306971127444,0.05110950049585888,4.4430628721473076,32,827205678,47747,0.04115900913940348,0.4441232380055615,0.20234470068586669
3001261,목상권1261,CS100007,커피-음료,발달상권,목구11,11000073,목73동,청년 밀집형,48.019308103156334,56.86683467601896,0.6306395988403803,4.797069331005356,156,131234468,36360,0.627384120606271,0.3998330783256864,0.5363637036940372
3001262,목상권1262,CS100008,치킨전문점,전통시장,목구12,11000074,목74동,가족 주거형,15.971784684026234,56.31150591748216,0.4340572199912567,1.213688050120381,14,414476537,18151,0.42853072665408976,0.8481540768640528,0.596380066738075
3001263,목상권1263,CS100009,호프-간이주점,관광특구,목구13,11000075,목75동,일반 주거·생활형,3.56381927250571,46.59097175706556,0.8559673248807392,1.2651789646906018,128,978678497,45075,0.8553149419595015,0.8417119886724009,0.8498737606446614
3001264,목상권1264,CS100010,반찬가게,골목상권,목구14,11000076,목76동,발달상권형,24.543851625781148,31.143134738804306,0.1424392191241527,6.596914111722511,193,405635130,26537,0.13354381302801988,0.1746524050857171,0.1499872498510988
3001265,목상권1265,CS100000,한식음식점,발달상권,목구15,11000077,목77동,전통시장형,21.096291216856958,26.98505230581594,0.7924071005114899,1.5596115045062122,34,638263883,6662,0.7910204390127857,0.8048751912720076,0.7965623399164745
3001266,목상권1266,CS100001,중식음식점,전통시장,목구16,11000078,목78동,관광특구형,1.7806012985397297,43.72069640941156,0.6811413810340915,0.06793481309222837,199,734990887,37110,0.6784693239121118,0.9915005965445286,0.8036818329650786
3001267,목상권1267,CS100002,일식음식점,관광특구,목구17,11000079,목79동,유입 집중형,33.9610798177624,23.715372369602083,0.4476389498922845,0.6002990426590245,80,956846456,14990,0.44226935929437355,0.9248958887902506,0.6353199710927244
3001268,목상권1268,CS100003,양식음식점,골목상권,목구18,11000080,목80동,청년 밀집형,3.6441419927837213,22.32132671870664,0.4116016730882874,5.390021661498249,178,380936869,3684,0.4058157623686337,0.3256481228172473,0.3737487065480791
3001269,목상권1269,CS100004,분식전문점,발달상권,목구19,11000081,목81동,가족 주거형,40.56248685488418,43.06528307234663,0.028338752179525188,0.44739646076194717,143,985435684,4849,0.018125202080790517,0.944025708595042,0.3884854046864911
3001270,목상권1270,CS100005,패스트푸드점,전통시장,목구20,11000082,목82동,일반 주거·생활형,41.59225483757162,57.90594588283954,0.4677201377959592,4.9713964111361175,155,370554144,37382,0.46258253483236006,0.3780228146360799,0.428758646753848
3001271,목상권1271,CS100006,제과점,관광특구,목구21,11000083,목83동,발달상권형,16.18626275547753,30.273588293913303,0.7420405117732118,5.791433265564635,102,742286180,24968,0.7400719909828266,0.2754270503012115,0.5542140147101805
3001272,목상권1272,CS100007,커피-음료,골목상권,목구22,11000084,목84동,전통시장형,6.892738371485193,29.87501413397552,0.18612286917574955,0.938676536063781,160,855025960,1661,0.17773211781827977,0.8825610871504249,0.45966370555113784
3001273,목상권1273,CS100008,치킨전문점,발달상권,목구23,11000085,목85동,관광특구형,47.46041845558251,50.583951937590626,0.8410971047631596,4.405423425764997,70,763947822,41796,0.8402729338379791,0.44883235290677614,0.6836967014654979
3001274,목상권1274,CS100009,호프-간이주점,전통시장,목구24,11000086,목86동,유입 집중형,7.65742649014095,53.412737784915265,0.13540031948713657,4.63874877099808,91,460002060,49841,0.1264235966042289,0.419640747671463,0.24371045703112254
3001275,목상권1275,CS100010,반찬가게,관광특구,목구0,11000087,목87동,청년 밀집형,43.73856259686775,41.413293375963484,0.3269165432905346,2.711316273985532,191,999358727,25600,0.3201523088274151,0.6607840684465709,0.4564050126750774
3001276,목상권1276,CS100000,한식음식점,골목상권,목구1,11000088,목88동,가족 주거형,42.14637779311644,43.094950385987104,0.8379329056393148,0.7590739899993837,179,158490837,23088,0.8370721803492852,0.9050313705169044,0.8642558564163328
3001277,목상권1277,CS100001,중식음식점,발달상권,목구2,11000089,목89동,일반 주거·생활형,34.62557604246504,21.10634389393422,0.6792891874895377,6.195695941134662,103,779283580,6700,0.6765957329282856,0.2248492769143431,0.4958971505227086
3001278,목상권1278,CS100002,일식음식점,전통시장,목구3,11000090,목90동,발달상권형,28.223615838574542,39.658296223884356,0.4065782321467756,6.22089689693777,37,266261937,8106,0.40073428819792667,0.22169635603203608,0.3291191153315704
3001279,목상권1279,CS100003,양식음식점,관광특구,목구4,11000091,목91동,전통시장형,37.49697334773811,58.966557757275766,0.2194020876242995,0.15516776655675812,154,296517893,14661,0.2113957939591065,0.9805867803086492,0.5190721884989236
3001280,목상권1280,CS100004,분식전문점,골목상권,목구5,11000092,목92동,관광특구형,7.5219423330462085,54.7063632437745,0.7194100489245066,1.1081930254788137,135,383940845,46601,0.7171800900376883,0.8613526820586572,0.774849126846076
3001281,목상권1281,CS100005,패스트푸드점,발달상권,목구6,11000093,목93동,유입 집중형,16.553865164058067,27.823528568822233,0.7846990136582633,0.8251242254154745,153,115051126,10513,0.7832233045970979,0.8967677487657402,0.8286410822645548
3001282,목상권1282,CS100006,제과점,전통시장,목구7,11000094,목94동,청년 밀집형,42.99211291125083,55.01474676744235,0.4995505159835352,6.923972617599745,111,543086780,49205,0.49478063300594505,0.13373373513632902,0.35036187385809864
3001283,목상권1283,CS100007,커피-음료,관광특구,목구8,11000095,목95동,가족 주거형,27.28463509048022,51.79048175483926,0.5941885123748248,1.0220376196401846,135,261660348,39616,0.5905119334888119,0.8721316850581687,0.7031598341165547
3001284,목상권1284,CS100008,치킨전문점,골목상권,목구9,11000096,목96동,일반 주거·생활형,41.182564662674736,41.550831043957444,0.37309545369685193,4.9941141177681425,40,895560477,36969,0.3668647004317394,0.37518057594490284,0.37019105063700475
3001285,목상권1285,CS100009,호프-간이주점,발달상권,목구10,11000097,목97동,발달상권형,35.32787577991741,52.867636198222684,0.4621712606077035,5.152862788412466,166,802265464,8938,0.45696955432022907,0.3553193451795502,0.4163094706639575
3001286,목상권1286,CS100010,반찬가게,전통시장,목구11,11000098,목98동,전통시장형,30.824133767472368,24.658112914247205,0.81907885433651,3.27224601242085,43,674878778,48812,0.8180003178900931,0.590605496663922,0.7270423893996247
3001287,목상권1287,CS100000,한식음식점,관광특구,목구12,11000099,목99동,관광특구형,23.618742489754375,32.82551983805256,0.1545238475801567,0.0641399751677989,46,20760742,24047,0.14576804898037782,0.9919753731296068,0.48425097864006944
3001288,목상권1288,CS100001,중식음식점,골목상권,목구13,11000100,목100동,유입 집중형,26.178691947508685,39.08723758186868,0.20089214420654683,7.384665941879016,99,327565839,29281,0.19267201468635728,0.07609585767612359,0.1460415518822638
3001289,목상권1289,CS100002,일식음식점,발달상권,목구14,11000101,목101동,청년 밀집형,31.434464634651263,21.091875710106823,0.6186791667428565,4.902388917071113,41,865434866,11265,0.6152855157890376,0.3866564224552883,0.5238338784555379
3001290,목상권1290,CS100003,양식음식점,전통시장,목구15,11000102,목102동,가족 주거형,27.604416792678506,40.3259993114551,0.670827485610772,3.1878000322740725,173,349896119,20108,0.6680362773603197,0.601170631427534,0.6412900189872054
3001291,목상권1291,CS100004,분식전문점,관광특구,목구16,11000103,목103동,일반 주거·생활형,6.579132368371056,51.56423264932317,0.10163535228407629,6.490565787412717,98,998383298,48785,0.09226856010339474,0.1879577675939662,0.1305442430996233
3001292,목상권1292,CS100005,패스트푸드점,골목상권,목구17,11000104,목104동,발달상권형,19.537947148587687,27.048297689902814,0.5124015303944828,1.386060120425129,49,437328288,39593,0.5077801085759636,0.8265884067269176,0.6353034278363452
3001293,목상권1293,CS100006,제과점,발달상권,목구18,11000105,목105동,전통시장형,14.204290538533485,33.18539668957776,0.1018064482788533,2.160811551331194,58,309588394,25578,0.09244163268218952,0.7296583543834354,0.34732832136268793
3001294,목상권1294,CS100007,커피-음료,전통시장,목구19,11000106,목106동,관광특구형,27.925101876803943,47.08883804522864,0.09247491694842543,3.5837324696784734,188,567395007,47416,0.08300229897033701,0.551635063823343,0.2704554049115394
3001295,목상권1295,CS100008,치킨전문점,관광특구,목구20,11000107,목107동,유입 집중형,6.1760760609373495,45.14823288789412,0.7392785306174281,3.426620114795946,107,2454901,4542,0.7372781020794825,0.5712915732211522,0.6708834905361504
3001296,목상권1296,CS100009,호프-간이주점,골목상권,목구21,11000108,목108동,청년 밀집형,21.90857057229034,29.941299225042876,0.4012045212764914,0.8968601257413047,9,526809221,21958,0.39529849761013514,0.8877927868668538,0.5922962133128227
3001297,목상권1297,CS100010,반찬가게,발달상권,목구22,11000109,목109동,가족 주거형,41.161976218155246,44.86503533521916,0.3966328658812854,1.7383923311723528,118,809892331,40457,0.3906740282317569,0.7825077141748777,0.5474075026090053
3001298,목상권1298,CS100000,한식음식점,전통시장,목구23,11000110,목110동,일반 주거·생활형,36.107458464297075,37.456616780860514,0.8636538675308283,2.006746018103022,82,866873173,46721,0.8630902832829551,0.7489336723814526,0.817427638922354
3001299,목상권1299,CS100001,중식음식점,관광특구,목구24,11000111,목111동,발달상권형,24.885907587894984,29.204998217891657,0.02545969780437654,3.681420870820503,118,617555145,43010,0.01521288747139928,0.5394131543717217,0.22489299423152825
3000000,목상권0,CS100002,일식음식점,골목상권,목구0,11000000,목0동,유입 집중형,5.890110367076806,28.05480467044862,0.6411936355418,6.589111728591254,38,481195085,1355,0.6380600826648233,0.1756285703112942,0.4530874777234116
3000001,목상권1,CS100003,양식음식점,발달상권,목구1,11000001,목1동,청년 밀집형,5.20527454217606,33.94751646638866,0.37320298280351105,3.1371818753080474,13,370226617,15551,0.36697347176685596,0.6075035279005478,0.4631854942203327
3000002,목상권2,CS100004,분식전문점,전통시장,목구2,11000002,목2동,가족 주거형,3.5942553330236646,34.64037790879915,0.051342504520711,1.062854201881449,73,143866812,11795,0.041394704939900044,0.8670250749955053,0.37164685296214217
3000003,목상권3,CS100005,패스트푸드점,관광특구,목구3,11000003,목3동,일반 주거·생활형,16.77920527757755,27.139478246993054,0.0701599641066665,6.716946770245833,93,311033325,34572,0.06042955295696046,0.1596349796128964,0.10011172361933485
3000004,목상권4,CS100006,제과점,골목상권,목구4,11000004,목4동,발달상권형,27.128478005944075,21.38878478073383,0.5058647632390258,2.184358531047587,20,127780349,7936,0.5011678255119999,0.7267123643724565,0.5913856410561825
3000005,목상권5,CS100007,커피-음료,발달상권,목구5,11000005,목5동,전통시장형,1.1251253705255246,37.34566312059822,0.5628228774651134,2.4513168654799555,63,868949541,7661,0.5587839475331218,0.6933128967525047,0.612595527220875
3000006,목상권6,CS100008,치킨전문점,전통시장,목구6,11000006,목6동,관광특구형,46.13042805712766,23.37346963486883,0.033002817212644746,7.058653881649409,174,605203102,38238,0.022843148658094597,0.1168836055938085,0.060459331432380164
3000007,목상권7,CS100009,호프-간이주점,관광특구,목구7,11000007,목7동,유입 집중형,10.839753086156932,31.1459928492396,0.6000122767628069,0.07618933235573877,71,46008448,43068,0.5964029768310888,0.9904678640417353,0.7540289317153474
3000008,목상권8,CS100010,반찬가게,골목상권,목구8,11000008,목8동,청년 밀집형,49.03543440226393,28.030755876616553,0.849506827652366,0.7907118199021186,57,767758089,32632,0.8487798099298567,0.9010731248316788,0.8696971358905855
3000009,목상권9,CS100000,한식음식점,발달상권,목구9,11000009,목9동,가족 주거형,28.084527009901205,22.119384189138085,0.1317601989647239,6.117161184977987,41,33540226,21823,0.12274142364185826,0.23467485157142576,0.16751479481368525
3000010,목상권10,CS100001,중식음식점,전통시장,목구10,11000010,목10동,일반 주거·생활형,24.287751828191094,22.169624114743062,0.40675533939475106,2.0394868437694393,161,10167327,14783,0.40091344147483604,0.7448374296137519,0.5384830367304023
3000011,목상권11,CS100002,일식음식점,관광특구,목구11,11000011,목11동,발달상권형,22.66594385338198,21.266461106069137,0.0685175822059763,1.267856760959221,62,904386715,19332,0.05876819746299454,0.8413769664676934,0.3718117050648741
3000012,목상권12,CS100003,양식음식점,골목상권,목구12,11000012,목12동,전통시장형,1.984495596755679,40.30620484091318,0.799388963616866,7.474098899653137,95,947016844,48083,0.7980829599912256,0.06490679634307128,0.5048124945319639
3000013,목상권13,CS100004,분식전문점,발달상권,목구13,11000013,목13동,관광특구형,27.507023951201514,25.02338581888724,0.1209435791229452,4.923005941105179,150,220926911,38783,0.11179984495499626,0.38407700260645783,0.2207107080155809
3000014,목상권14,CS100005,패스트푸드점,전통시장,목구14,11000014,목14동,유입 집중형,31.31559294039303,53.925949045396756,0.4766927268758911,6.41638543131644,6,730649061,36535,0.4716587796185325,0.1972385581965228,0.3618906910497286
3000015,목상권15,CS100006,제과점,관광특구,목구15,11000015,목15동,청년 밀집형,5.269002092147466,54.91101552260979,0.4819912349154681,7.879144430897661,183,650434743,9670,0.47701849859599715,0.01423107897252085,0.29190353074660663
3000016,목상권16,CS100007,커피-음료,골목상권,목구16,11000016,목16동,가족 주거형,34.60295863106541,51.460647026663864,0.08799792595469244,5.636014216606671,82,597495985,12423,0.07847358760256774,0.29487170822594944,0.1650328358519204
3000017,목상권17,CS100008,치킨전문점,발달상권,목구17,11000017,목17동,일반 주거·생활형,28.99579713933229,57.12947362867901,0.20401525223977007,4.962665512591428,152,983242613,48078,0.19583120238019636,0.3791151475046397,0.2691447804299737
3000018,목상권18,CS100009,호프-간이주점,전통시장,목구18,11000018,목18동,발달상권형,25.6977161188504,49.314293329255435,0.7264094206124955,0.044645682366784456,28,644751981,20181,0.7242603218663897,0.9944143267684424,0.8323219238272108
3000019,목상권19,CS100010,반찬가게,관광특구,목구19,11000019,목19동,전통시장형,14.196859058606464,46.27580772677052,0.1846709252083663,2.6336242468497533,75,161117676,17985,0.17626340028910514,0.6705042082959871,0.3739597234918579
3000020,목상권20,CS100000,한식음식점,골목상권,목구20,11000020,목20동,관광특구형,29.18615889434211,36.887680463539155,0.5511544434889984,0.07485963051759903,46,466939084,30037,0.5469807141413933,0.9906342245847825,0.7244421183187489
3000021,목상권21,CS100001,중식음식점,발달상권,목구21,11000021,목21동,유입 집중형,30.796411521819344,55.49475001123196,0.5200103752776376,2.8323098161569895,46,812715446,29428,0.5154768545301484,0.6456464257032887,0.5675446829994044
3000022,목상권22,CS100002,일식음식점,전통시장,목구22,11000022,목22동,청년 밀집형,4.875085755865994,36.52647574902183,0.038773125133372076,5.1888744948166865,110,212862747,652,0.02868011797804796,0.35081387871960834,0.1575336222746721
3000023,목상권23,CS100003,양식음식점,관광특구,목구23,11000023,목23동,가족 주거형,2.6635184255015703,53.87123539105751,0.19902195327031602,0.8442751022397221,25,304640051,26378,0.19078021839624557,0.8943717602990561,0.4722168351573698
3000024,목상권24,CS100004,분식전문점,골목상권,목구24,11000024,목24동,일반 주거·생활형,10.681482521473544,29.136484702529287,0.2906503086823542,4.381997772106076,51,862596582,4698,0.2834671090657535,0.4517631636736359,0.35078553090890646
3000025,목상권25,CS100005,패스트푸드점,발달상권,목구0,11000025,목25동,발달상권형,48.12985534493654,20.223235815619848,0.375523358523545,0.4665916280420275,124,718444879,212,0.36932065359400806,0.9416241788979312,0.5982420637155773
3000026,목상권26,CS100006,제과점,전통시장,목구1,11000026,목26동,전통시장형,21.328621413980876,25.96832166921527,0.8755922549189864,6.372064516676687,189,911445811,17925,0.875166588719635,0.2027835993601359,0.6062133929758354
3000027,목상권27,CS100007,커피-음료,관광특구,목구2,11000027,목27동,관광특구형,36.55580969613422,32.6362948107663,0.5799297274826439,5.295519486270958,97,803575500,19547,0.5760884241893317,0.3374713998399713,0.48064161444958753
3000028,목상권28,CS100008,치킨전문점,골목상권,목구3,11000028,목28동,유입 집중형,25.78325190957467,58.497091437159966,0.8897452913796063,0.6328672905030368,83,117631916,37835,0.8894831279303202,0.9208212374345717,0.9020183717320208
3000029,목상권29,CS100009,호프-간이주점,발달상권,목구4,11000029,목29동,청년 밀집형,39.12713529970185,32.0632971660895,0.09687892565812939,2.574975341397619,15,838397882,41542,0.08745718492729115,0.6778418410496497,0.3236110473762346
3000030,목상권30,CS100010,반찬가게,전통시장,목구5,11000030,목30동,가족 주거형,26.28854627624406,20.35394944935867,0.8563367523102937,3.7837561689428574,128,897442141,13799,0.8556886371941202,0.5266098662358287,0.7240571288108036
3000031,목상권31,CS100000,한식음식점,관광특구,목구6,11000031,목31동,일반 주거·생활형,15.180238324318882,32.416108251056556,0.06465261016685353,6.220909324822427,41,636559045,10079,0.054858575390002356,0.22169480116493634,0.12159306569997597
3000032,목상권32,CS100001,중식음식점,골목상권,목구7,11000032,목32동,발달상권형,38.172765426471095,44.4679860057437,0.39700635335961343,6.665515726924469,118,580673243,31285,0.39105183041880426,0.16606957724298999,0.30105892914847854
3000033,목상권33,CS100002,일식음식점,발달상권,목구8,11000033,목33동,전통시장형,4.979421632314011,54.97516682564705,0.5270718309565127,1.813440204745989,178,968956177,27047,0.5226198875741473,0.7731183874520445,0.6228192875253062
3000034,목상권34,CS100003,양식음식점,전통시장,목구9,11000034,목34동,관광특구형,41.271717480690626,53.18735944253956,0.30778624986646164,0.9306285226902338,51,25006968,4981,0.30080101296382367,0.8835679834612155,0.5339078011627804
3000035,목상권35,CS100004,분식전문점,관광특구,목구10,11000035,목35동,유입 집중형,10.891816345643504,55.085077717763134,0.6784263066571502,6.630327912723545,102,87375009,27836,0.6757228836774978,0.17047196559141742,0.47362251644306563
3000036,목상권36,CS100005,패스트푸드점,골목상권,목구11,11000036,목36동,청년 밀집형,10.507726720197493,32.76853020921359,0.7797398890669697,2.1368386705362576,107,32733302,15101,0.7782068897903195,0.7326576293735566,0.7599871856236143
3000037,목상권37,CS100006,제과점,발달상권,목구12,11000037,목37동,가족 주거형,7.430979632903915,38.05091529121923,0.14312347115656493,1.5187104872565307,67,157631035,11554,0.13423596987219094,0.8099923650967489,0.4045385279620141
3000038,목상권38,CS100007,커피-음료,전통시장,목구13,11000038,목38동,일반 주거·생활형,11.657049549422569,57.056065468371244,0.1692940230557163,5.993565391985108,113,766314279,4701,0.1607088566955928,0.25013806494067803,0.19648053999362688
3000039,목상권39,CS100008,치킨전문점,관광특구,목구14,11000039,목39동,발달상권형,16.897820364716466,36.20649084969529,0.3853687815955679,1.734310589814097,112,715783794,7077,0.37927981577440606,0.7830183855821516,0.5407752436975043
3000040,목상권40,CS100009,호프-간이주점,골목상권,목구15,11000040,목40동,전통시장형,39.11267051582122,27.04612703935387,0.5786113529037799,7.674611594665481,121,124923416,25364,0.5747548191071152,0.039820419928962125,0.360781059435854
3000041,목상권41,CS100010,반찬가게,발달상권,목구16,11000041,목41동,관광특구형,19.59627510371922,42.36895143635549,0.8186418290198039,2.1428620424998375,165,594591962,20618,0.8175582438447041,0.7319040383036682,0.7832965616282898
3000042,목상권42,CS100000,한식음식점,전통시장,목구17,11000042,목42동,유입 집중형,17.41650828728646,53.654607003438535,0.5013398658187395,3.5055572729360414,35,315398417,27885,0.4965906542793738,0.561415653584041,0.5225206540012407
3000043,목상권43,CS100001,중식음식점,관광특구,목구18,11000043,목43동,청년 밀집형,45.53050101056931,51.12178850629303,0.5103169890825282,2.06867552342895,85,583697560,14278,0.5056714856304969,0.7411855999631443,0.5998771313635558
3000044,목상권44,CS100002,일식음식점,골목상권,목구19,11000044,목44동,가족 주거형,20.65685445469389,42.14236307712662,0.20510774656673333,6.164612746915214,129,251828854,16531,0.1969363177321521,0.22873813148434397,0.20965704323302883
3000045,목상권45,CS100003,양식음식점,발달상권,목구20,11000045,목45동,일반 주거·생활형,32.97944712517253,52.22558983599611,0.2652285893300571,1.667298281821938,182,978723734,5971,0.25775170566642863,0.7914023733519336,0.47121197274063065
3000046,목상권46,CS100004,분식전문점,전통시장,목구21,11000046,목46동,발달상권형,42.64257168453677,37.875225382625366,0.4147583818002044,6.490096363539347,148,590652850,41848,0.4090089389125237,0.18801649776057439,0.320611962451744
3000047,목상권47,CS100005,패스트푸드점,관광특구,목구22,11000047,목47동,전통시장형,40.89433101123354,31.006259390950447,0.38373483159684657,6.467262048913639,194,596105670,43749,0.37762698959183516,0.19087332541342428,0.3029255239204708
3000048,목상권48,CS100006,제과점,골목상권,목구23,11000048,목48동,관광특구형,30.7547075514014,27.764658024687275,0.6978907519803531,1.8129939910295816,151,559886330,28313,0.6954121917252257,0.773174213768928,0.7265170005427066
3000049,목상권49,CS100007,커피-음료,발달상권,목구24,11000049,목49동,유입 집중형,10.681628280933706,56.94376668729229,0.5062677965336239,6.636044894040229,28,476163783,43333,0.5015755148429346,0.1697567074116102,0.36884799187040485
3000050,목상권50,CS100008,치킨전문점,전통시장,목구0,11000050,목50동,청년 밀집형,1.2113445942814325,30.39184051343021,0.8936453634715221,4.0400345457993065,8,310745466,46252,0.8934282555489603,0.4945465805260536,0.7338755855397976
3000051,목상권51,CS100009,호프-간이주점,관광특구,목구1,11000051,목51동,가족 주거형,20.362041348531232,28.736502799958814,0.21169994661858169,6.0667209705841065,23,788070691,38605,0.20360467408024516,0.24098548544234033,0.2185569986250832
3000052,목상권52,CS100010,반찬가게,골목상권,목구2,11000052,목52동,일반 주거·생활형,9.032617964441238,30.923431577181944,0.49625036941783235,7.01515000538085,84,464502811,4899,0.49144236154452725,0.12232642613681066,0.3437959873814406
3000053,목상권53,CS100000,한식음식점,발달상권,목구3,11000053,목53동,발달상권형,25.121046050545353,50.793873360655596,0.842510192681843,6.460022467067721,45,852582550,42681,0.8417023464345104,0.19177907791580961,0.58173303902703
3000054,목상권54,CS100001,중식음식점,전통시장,목구4,11000054,목54동,전통시장형,1.1837170036066225,56.788073819970165,0.14252431031100396,1.1066592568837468,39,406747471,19702,0.13362988722958288,0.8615445736309371,0.42479576179012457
3000055,목상권55,CS100002,일식음식점,관광특구,목구5,11000055,목55동,관광특구형,43.68893291834584,31.719794877642173,0.6164631694230606,0.6919274763097603,105,15370745,32264,0.6130439181920904,0.9134321489175404,0.7331992104822704
3000056,목상권56,CS100003,양식음식점,골목상권,목구6,11000056,목56동,유입 집중형,25.659187345462236,37.03332784513272,0.19216644397162294,6.426577394695924,125,211501044,21234,0.18384551092502233,0.19596342980766546,0.18869267847807958
3000057,목상권57,CS100004,분식전문점,발달상권,목구7,11000057,목57동,청년 밀집형,17.66126917613286,28.3102150751605,0.2788104651084374,5.15864159227685,70,70016146,5177,0.2714904858693109,0.3545963523089176,0.3047328324451536
3000058,목상권58,CS100005,패스트푸드점,전통시장,목구8,11000058,목58동,가족 주거형,17.66103313341111,35.48932551113802,0.13843343832806113,3.4824302023499083,43,151632682,9530,0.1294917555069201,0.5643091082754943,0.3034186966143498
3000059,목상권59,CS100006,제과점,관광특구,목구9,11000059,목59동,일반 주거·생활형,20.436705832267428,37.26591263778957,0.5115658754281133,4.531776955059685,37,548497657,20884,0.5069347997176192,0.4330241159423157,0.47737052620749787
3000060,목상권60,CS100007,커피-음료,골목상권,목구10,11000060,목60동,발달상권형,5.512006340385016,20.91112434700274,0.7998249839132139,2.2683777572896755,145,689335111,36627,0.7985240174057733,0.7162006212860574,0.7655946589578869
3000061,목상권61,CS100008,치킨전문점,발달상권,목구11,11000061,목61동,전통시장형,15.953853429907102,39.953742642508914,0.48999739037867157,7.770503892933044,182,983506226,33430,0.4851171450549898,0.027823222996338992,0.3021995762315295
3000062,목상권62,CS100009,호프-간이주점,전통시장,목구12,11000062,목62동,관광특구형,20.595115330503685,37.750908015237755,0.5322859750378616,7.736167603727586,111,591722981,49935,0.5278942679799704,0.0321190760624942,0.32958419121297994
3000063,목상권63,CS100010,반찬가게,관광특구,목구13,11000063,목63동,유입 집중형,6.668530275027041,48.98536271536042,0.06773425020668934,6.922649970624384,90,148608658,47303,0.05797581603205708,0.13389921303729102,0.08834517483415066
3000064,목상권64,CS100000,한식음식점,골목상권,목구14,11000064,목64동,청년 밀집형,36.97147392972792,43.903606427118184,0.05794023207786562,4.013807676779784,137,198540435,45921,0.048068652649724895,0.49782785460372114,0.22797233343132342
3000065,목상권65,CS100001,중식음식점,발달상권,목구15,11000065,목65동,가족 주거형,8.286059210096518,55.416298871672446,0.6949875934302143,1.4439948948075942,142,61338995,5773,0.6924754944777096,0.8193401197417194,0.7432213445833136
3000066,목상권66,CS100002,일식음식점,전통시장,목구16,11000066,목66동,일반 주거·생활형,20.712257223958538,33.44040333096761,0.8951032005635995,4.598385241223251,18,686810144,6053,0.8949029342830672,0.42469067581327535,0.7068180308951505
3000067,목상권67,CS100003,양식음식점,관광특구,목구17,11000067,목67동,발달상권형,33.873083928661266,33.91769711927727,0.03863784497324959,1.2766696250410048,188,712933236,14101,0.028543274995822186,0.8402743787954845,0.35323571651568714
3000068,목상권68,CS100004,분식전문점,골목상권,목구18,11000068,목68동,전통시장형,7.50067539005766,47.496236453353404,0.14985547851027947,1.7398673934271045,195,140429655,23106,0.14104574864399336,0.782323167421094,0.3975567161548336
3000069,목상권69,CS100005,패스트푸드점,발달상권,목구19,11000069,목69동,관광특구형,19.187556866187688,24.907101055622604,0.6078201086345161,2.8675991692039657,190,829508926,42337,0.60430100856815,0.64123133371177,0.6190731386255981
3000070,목상권70,CS100006,제과점,전통시장,목구20,11000070,목70동,유입 집중형,9.070745158032995,24.417643280196543,0.5351588734769711,7.800552775959705,102,578350315,5410,0.53080035553696,0.024063772302287068,0.32810572224309087
3000071,목상권71,CS100007,커피-음료,관광특구,목구21,11000071,목71동,청년 밀집형,4.81247302283452,47.106989789894044,0.8649710792105262,2.328797232440457,12,47882323,37813,0.8644227120316295,0.7086414704987116,0.8021102154184623
3000072,목상권72,CS100008,치킨전문점,골목상권,목구22,11000072,목72동,가족 주거형,16.03227393019197,58.733278037027645,0.7551394124408876,7.588986823316248,131,632480601,48628,0.7533222165119874,0.05053303463052328,0.47220654375940174
3000073,목상권73,CS100009,호프-간이주점,발달상권,목구23,11000073,목73동,일반 주거·생활형,4.308174332000564,39.137133103653525,0.07968660733746315,4.461907128977699,191,839416056,12703,0.07006625259660332,0.44176561112282364,0.21874599600709146
3000074,목상권74,CS100010,반찬가게,전통시장,목구24,11000074,목74동,발달상권형,26.221814048151877,27.287261302643927,0.4237034722114961,5.309268250197914,118,99264785,46878,0.41805736735208215,0.33575127599903887,0.3851349308108648
3000075,목상권75,CS100000,한식음식점,관광특구,목구0,11000075,목75동,전통시장형,29.639728028597613,48.822414035242986,0.7843966375368027,5.863665648087604,120,904923186,12145,0.7829174352798449,0.2663899729373689,0.5763064503428544
3000076,목상권76,CS100001,중식음식점,골목상권,목구1,11000076,목76동,관광특구형,9.290699388067909,32.26241243541971,0.24825376567136312,5.692604035339366,178,666124098,43422,0.240580780601666,0.28779169020590734,0.25946514444336255
3000077,목상권77,CS100002,일식음식점,발달상권,목구2,11000077,목77동,유입 집중형,18.144882332510065,39.36682391113402,0.0657660768466672,0.32992308187077857,98,784734391,6355,0.05598490537761306,0.9587229396173456,0.41708011907350606
3000078,목상권78,CS100003,양식음식점,전통시장,목구3,11000078,목78동,청년 밀집형,16.516697504009656,23.17133117851274,0.0459014120676405,0.1350370838798005,154,178673085,9753,0.035890754344556575,0.9831053534248105,0.41477659397665817
3000079,목상권79,CS100004,분식전문점,관광특구,목구4,11000079,목79동,가족 주거형,33.47043253803622,23.26335108382915,0.29488656046786044,3.8845464958101052,115,491259907,46525,0.287752300089057,0.5139998712500389,0.3782513285534498
3000080,목상권80,CS100005,패스트푸드점,골목상권,목구5,11000080,목80동,일반 주거·생활형,22.531831341484544,45.714278693484616,0.5873857589004364,5.41419011525293,41,29824151,28065,0.5836305913027945,0.3226243794667347,0.47922810656837056
3000081,목상권81,CS100006,제과점,발달상권,목구6,11000081,목81동,발달상권형,9.455657547147386,44.011147270854735,0.3023101279092812,7.126664867863869,35,607526925,18183,0.29526162818652807,0.10837467203044648,0.22050684572409543
3000082,목상권82,CS100007,커피-음료,전통시장,목구7,11000082,목82동,전통시장형,7.306328895605264,39.733410553608046,0.8980710923288383,7.679557048842463,109,724865521,7506,0.8979051125752194,0.03920168840667693,0.5544237429078025
3000083,목상권83,CS100008,치킨전문점,관광특구,목구8,11000083,목83동,관광특구형,39.86051145612051,51.835634331314864,0.646395908254561,3.441092854700809,33,382220219,39527,0.6433224545582436,0.5694808719038389,0.6137858214964816
3000084,목상권84,CS100009,호프-간이주점,골목상권,목구9,11000084,목84동,유입 집중형,10.896755936223672,58.53775267570712,0.5562522598094561,7.886795427784031,45,699528163,10821,0.5521374229115413,0.013273853856062057,0.3365919952893496
3000085,목상권85,CS100010,반찬가게,발달상권,목구10,11000085,목85동,청년 밀집형,8.730740406738523,58.0283218204571,0.24924157336903738,6.706279699420626,164,933999075,41173,0.2415799999335542,0.1609695492467077,0.2093358196588156
3000086,목상권86,CS100000,한식음식점,전통시장,목구11,11000086,목86동,가족 주거형,16.194695149540323,34.21043120009843,0.13642496615751043,7.647205824713048,131,557313027,32134,0.12746008049051874,0.04324918767308383,0.09377572336354478
3000087,목상권87,CS100001,중식음식점,관광특구,목구12,11000087,목87동,일반 주거·생활형,24.963170439241846,27.68015774327317,0.06567893711153931,2.126148707311173,5,570402436,29705,0.05589675896194895,0.733995063102134,0.32713608061802296
3000088,목상권88,CS100002,일식음식점,골목상권,목구13,11000088,목88동,발달상권형,14.828231847903366,35.83745538570495,0.5428791849011851,4.950104178011681,80,373700823,16305,0.5386098557478158,0.38068671067928905,0.47544059772040514
3000089,목상권89,CS100003,양식음식점,발달상권,목구14,11000089,목89동,전통시장형,27.34630835269294,40.75594857737863,0.7917913074418115,5.41852849988444,28,711301919,27557,0.7903975320025304,0.32208159912113854,0.6030711588499736
3000090,목상권90,CS100004,분식전문점,전통시장,목구15,11000090,목90동,관광특구형,32.675392609671164,35.9258754245193,0.647893525252303,5.901233002173457,69,881583528,16487,0.6448373727548031,0.26168987758718765,0.4915783746877569
3000091,목상권91,CS100005,패스트푸드점,관광특구,목구16,11000091,목91동,유입 집중형,44.36572787136856,20.506901522525038,0.778194275228157,1.4660922454928613,165,561518861,42064,0.7766434202698735,0.8165754945043444,0.792616249963662
3000092,목상권92,CS100006,제과점,골목상권,목구17,11000092,목92동,청년 밀집형,28.79533466128308,25.792494824869742,0.6681849706772919,1.5707946743848797,124,657209131,6230,0.6653632348110933,0.8034760518855368,0.7206083616408707
3000093,목상권93,CS100007,커피-음료,발달상권,목구18,11000093,목93동,가족 주거형,16.28962902316047,20.603879523195708,0.8059230882368369,1.5872427599266263,159,938440810,11432,0.8046925699918501,0.8014182127788093,0.8033828271066339
3000094,목상권94,CS100008,치킨전문점,전통시장,목구19,11000094,목94동,일반 주거·생활형,37.63487519247505,27.72639366925177,0.08456644334044035,6.381787611872543,186,542539786,9510,0.07500246283478963,0.20156713161489692,0.12562833034683255
3000095,목상권95,CS100009,호프-간이주점,관광특구,목구20,11000095,목95동,발달상권형,10.17602978095492,48.339247922338075,0.26786955614602026,3.9767934015339765,171,618730965,42433,0.2604231822135327,0.5024587536171458,0.35723741077497795
3000096,목상권96,CS100010,반찬가게,골목상권,목구21,11000096,목96동,전통시장형,7.21390137816329,26.239632278609456,0.3697582076357001,0.0848298720265781,84,279516747,49959,0.3634889008834853,0.9893868360769454,0.6138480749608693
3000097,목상권97,CS100000,한식음식점,발달상권,목구22,11000097,목97동,관광특구형,26.493721077686303,25.57885983472267,0.5850459886786383,3.2376405422179753,178,228446812,17377,0.5812637909191757,0.5949350272776476,0.5867322854625644
3000098,목상권98,CS100001,중식음식점,전통시장,목구23,11000098,목98동,유입 집중형,31.442503182839367,48.346296108713645,0.6768761703893575,0.7148347671926025,108,450829724,18320,0.6741548394827761,0.9105661911203092,0.7687193801377894
3000099,목상권99,CS100002,일식음식점,관광특구,목구24,11000099,목99동,청년 밀집형,24.297404962262824,50.51936047689584,0.5116976520481314,4.522817659173507,7,836977152,33444,0.507068098685144,0.4341450238678325,0.4778988687582194
3000100,목상권100,CS100003,양식음식점,골목상권,목구0,11000100,목100동,가족 주거형,29.80117148163038,44.24994252461042,0.5271232343266072,6.567247441323068,174,942077929,32694,0.5226718847809353,0.17836403671356948,0.38494874555398895
3000101,목상권101,CS100004,분식전문점,발달상권,목구1,11000101,목101동,일반 주거·생활형,17.273234816354766,59.823654252502195,0.3152229226467129,3.9746116749127305,100,529857013,33893,0.3083235977993635,0.5027317119714778,0.3860868434682092
3000102,목상권102,CS100005,패스트푸드점,전통시장,목구2,11000102,목102동,발달상권형,36.77422475660213,27.430235114775368,0.5407360865583253,6.325004838466652,10,262134262,48459,0.5364419992921868,0.20867129041845567,0.40533371574269433
3000103,목상권103,CS100006,제과점,관광특구,목구3,11000103,목103동,전통시장형,13.003460322669248,25.45373029108253,0.4384701037791365,4.409590889489517,67,745041085,17828,0.4329945902184327,0.4483109566745873,0.4391211368008945
3000104,목상권104,CS100007,커피-음료,골목상권,목구4,11000104,목104동,관광특구형,38.99606783359987,23.02090346200979,0.18015455999197197,5.2207621477740265,34,221937512,15556,0.17169485982853377,0.3468243773815457,0.24174666684973856
3000105,목상권105,CS100008,치킨전문점,발달상권,목구5,11000105,목105동,유입 집중형,17.969917666406673,46.0563691570236,0.7161294591510791,1.223561087317517,105,997164770,31999,0.7138616012981073,0.8469188497006923,0.7670845006591414
3000106,목상권106,CS100009,호프-간이주점,전통시장,목구6,11000106,목106동,청년 밀집형,25.699931661884523,41.88797321668621,0.8544604043117383,1.3286873210555132,32,382377080,38549,0.85379061271231,0.833766384364836,0.8457809213733204
3000107,목상권107,CS100010,반찬가게,관광특구,목구7,11000107,목107동,가족 주거형,38.37653260804049,39.79512087039346,0.6935872136023807,4.633391614219656,122,109936013,34802,0.6910589367820649,0.4203109877849115,0.5827597571832035
3000108,목상권108,CS100000,한식음식점,골목상권,목구8,11000108,목108동,일반 주거·생활형,21.993815942260667,54.79504405728775,0.1703391453148884,5.643952976977497,139,978236712,19381,0.16176605271462585,0.2938784806853606,0.21461102390291975
3000109,목상권109,CS100001,중식음식점,발달상권,목구9,11000109,목109동,발달상권형,30.812207891132594,59.492113839366006,0.1816500504673668,3.0305910280147668,84,88804198,11753,0.17320762693612718,0.6208392327412486,0.3522602692581758
3000110,목상권110,CS100002,일식음식점,전통시장,목구10,11000110,목110동,전통시장형,30.209966225247378,44.406273418820625,0.4193000160091199,1.1116788998959048,54,288348132,21467,0.41360304028528877,0.8609165602572219,0.592528448274062
3000111,목상권111,CS100003,양식음식점,관광특구,목구11,11000111,목111동,관광특구형,30.448431325327128,27.169695029875804,0.19166137957007295,5.056052790656999,102,796225571,27183,0.18333461177424074,0.3674313565621372,0.25697330968939935
3000112,목상권112,CS100004,분식전문점,골목상권,목구12,11000112,목112동,유입 집중형,19.175633862190697,36.734778456628405,0.20321287440105726,6.250014909239314,134,308005085,43762,0.1950195550830471,0.2180533676567502,0.20423308011252833
3000113,목상권113,CS100005,패스트푸드점,발달상권,목구13,11000113,목113동,청년 밀집형,40.25107976965334,30.731969710769206,0.05404131576560967,4.990246698767365,47,537574577,9733,0.04412469416287258,0.3756644332328347,0.17674058979085744
3000114,목상권114,CS100006,제과점,전통시장,목구14,11000114,목114동,가족 주거형,1.9141813922497097,39.153719327358964,0.6622349431822703,4.158680726878403,146,976552042,12995,0.6593444697090496,0.47970261885837195,0.5874877293687786
3000115,목상권115,CS100007,커피-음료,관광특구,목구15,11000115,목115동,일반 주거·생활형,11.679433850632195,53.363177795108484,0.022649117470469805,6.038635311281565,171,266742375,37981,0.012369837948626141,0.24449931493357824,0.10522162874260699
3000116,목상권116,CS100008,치킨전문점,골목상권,목구16,11000116,목116동,발달상권형,2.2240237010630493,59.61287163284366,0.5646530672996288,0.027937487131729277,86,872458933,6119,0.5606352806093662,0.9965047085013358,0.734983051766154
3000117,목상권117,CS100009,호프-간이주점,발달상권,목구17,11000117,목117동,전통시장형,35.75077257346298,39.10505411863785,0.013678497674517153,1.175660190741258,78,318915343,43796,0.0032955851965577624,0.852911786566916,0.34314206574470113
3000118,목상권118,CS100010,반찬가게,전통시장,목구18,11000118,목118동,관광특구형,35.88413144314422,59.87157791117296,0.09860549443190031,2.2445426096441237,19,698888363,49569,0.08920369986197771,0.7191826643217135,0.34119528564587204
3000119,목상권119,CS100000,한식음식점,관광특구,목구19,11000119,목119동,유입 집중형,12.504362264760855,28.579273118016776,0.7850165417441115,4.931916987540857,70,804482045,9075,0.7835445009215889,0.38296213122579403,0.6233115530432709
3000120,목상권120,CS100001,중식음식점,골목상권,목구20,11000120,목120동,청년 밀집형,45.00667936831204,30.615149185548102,0.10299291071417016,0.012731040116335635,113,801577705,303,0.09364180170771855,0.9984072047683472,0.4555479629319701
3000121,목상권121,CS100002,일식음식점,발달상권,목구21,11000121,목121동,가족 주거형,22.171946858153163,59.993881942916246,0.5801989705915412,0.5781186660657083,180,422891983,12976,0.5763607777253705,0.9276709014955179,0.7168848272334295
3000122,목상권122,CS100003,양식음식점,전통시장,목구22,11000122,목122동,일반 주거·생활형,11.562049467809242,28.51815112478711,0.7736443170032544,5.504369814108215,9,388768882,46222,0.7720408987180465,0.31134189248876354,0.5877612962263332
3000123,목상권123,CS100004,분식전문점,관광특구,목구23,11000123,목123동,발달상권형,10.62418625726958,25.481014289001354,0.8762048121666173,7.244664179593141,6,563084526,16891,0.8757862225260552,0.09361164093925256,0.5629163898913342
3000124,목상권124,CS100005,패스트푸드점,골목상권,목구24,11000124,목124동,전통시장형,35.55023314061256,33.7703271176361,0.5990422711726274,5.900318214677521,168,776136866,36771,0.595421765265286,0.2618043277144505,0.4619747902449518
3000125,목상권125,CS100006,제과점,발달상권,목구0,11000125,목125동,관광특구형,40.56504054396738,32.27575324323246,0.5193648518675245,5.010025574439604,190,362809753,16764,0.5148238737201283,0.3731898751000885,0.4581702742721124
3000126,목상권126,CS100007,커피-음료,전통시장,목구1,11000126,목126동,유입 집중형,20.221510466681046,21.671989699942436,0.4891836946691859,2.372152809330518,84,170313929,31908,0.4842940491375285,0.7032172038633847,0.571863311027871
3000127,목상권127,CS100008,치킨전문점,관광특구,목구2,11000127,목127동,청년 밀집형,35.7786253498011,25.125762393577475,0.6567299142017335,0.5576851229864488,9,153119435,33614,0.6537758439604263,0.9302273658287545,0.7643564527077576
3000128,목상권128,CS100009,호프-간이주점,골목상권,목구3,11000128,목128동,가족 주거형,10.128041657450149,46.073939997354216,0.23185075538963743,2.8558862926205837,131,297390812,4021,0.2239882747796813,0.6426967453199708,0.3914716629957971
3000129,목상권129,CS100010,반찬가게,발달상권,목구4,11000129,목129동,일반 주거·생활형,5.0846981538114955,21.894771684938206,0.33118673352678507,0.2728277300742814,106,431455404,38128,0.32447183037492666,0.9658662054667958,0.5810295804116743
3000130,목상권130,CS100000,한식음식점,전통시장,목구5,11000130,목130동,발달상권형,45.559813232794035,59.45553416723148,0.4247478636986369,5.923197136780714,83,667460232,3440,0.4191138241568505,0.2589419191682263,0.3550450621614008
3000131,목상권131,CS100001,중식음식점,관광특구,목구6,11000131,목131동,전통시장형,19.152662695044896,33.77289980341429,0.40903700073924637,5.01659655915449,146,923135200,34922,0.4032214616791831,0.3723677715621613,0.39087998563237436
3000132,목상권132,CS100002,일식음식점,골목상권,목구7,11000132,목132동,관광특구형,12.504064093570841,38.12613873473096,0.8630646010864375,6.537712976676506,46,56383392,5743,0.8624942093464443,0.18205912792596002,0.5903201767782505
3000133,목상권133,CS100003,양식음식점,발달상권,목구8,11000133,목133동,유입 집중형,32.37744739961005,51.97662506333032,0.594202688505619,5.461259158887249,103,906983563,28601,0.590526273389153,0.31673551668929334,0.48100997070920914
3000134,목상권134,CS100004,분식전문점,전통시장,목구9,11000134,목134동,청년 밀집형,46.76273162497448,41.37340602810703,0.39114676854890185,7.237994785592679,33,375302307,30406,0.3851245528388797,0.09444605657732108,0.2688531543342563
3000135,목상권135,CS100005,패스트푸드점,관광특구,목구10,11000135,목135동,가족 주거형,5.782780310023663,52.18724515482223,0.1940454274998817,0.08592484149420798,45,92059097,19607,0.18574620138345485,0.989249843173702,0.5071476580995538
3000136,목상권136,CS100006,제과점,골목상권,목구11,11000136,목136동,일반 주거·생활형,38.41433810549796,30.342121452827744,0.4754377958128206,4.804184116156084,172,869296280,37852,0.47038935098241286,0.39894293928294045,0.4418107863026239
3000137,목상권137,CS100007,커피-음료,발달상권,목구12,11000137,목137동,발달상권형,44.985250402896064,58.589401721792115,0.3291470535149217,1.35866305355127,166,428417473,6708,0.3224085869890749,0.8300160856187595,0.5254515864409487
3000138,목상권138,CS100008,치킨전문점,전통시장,목구13,11000138,목138동,전통시장형,20.85160068264694,47.02027514666225,0.5996509236547927,5.823455758366295,169,783049601,23447,0.5960374491964936,0.27142067899344424,0.46619074111527387
3000139,목상권139,CS100009,호프-간이주점,관광특구,목구14,11000139,목139동,관광특구형,35.71543027187213,23.912866887264975,0.7616897923063995,6.547932087505498,42,154606726,39141,0.7599482695466432,0.1807806030881296,0.5282812029632378
3000140,목상권140,CS100010,반찬가게,골목상권,목구15,11000140,목140동,유입 집중형,24.274499170219883,49.88665170323529,0.6715396398931386,3.876001447871489,79,696014540,23195,0.6687566587947862,0.5150689521331797,0.6072815761301436
3000141,목상권141,CS100000,한식음식점,발달상권,목구16,11000141,목141동,청년 밀집형,17.026658173115855,20.6229320760294,0.8427352008204251,3.9146237796022394,123,893790852,33110,0.8419299539763757,0.5102368673031965,0.709252719307104
3000142,목상권142,CS100001,중식음식점,전통시장,목구17,11000142,목142동,가족 주거형,23.754113830543698,32.634476662511744,0.17586124262315103,1.3233569541659191,126,371271395,10496,0.1673519439725855,0.8344332727641437,0.4341844754892088
3000143,목상권143,CS100002,일식음식점,관광특구,목구18,11000143,목143동,일반 주거·생활형,39.87477302799794,49.26270146958387,0.30489073193124455,7.992891906842763,57,736868945,47716,0.2978720445993232,0.0,0.17872322675959393
3000144,목상권144,CS100003,양식음식점,골목상권,목구19,11000144,목144동,발달상권형,40.290472593771874,56.00388534551893,0.6654114333250463,3.644634946841201,109,242102781,47045,0.6625576562084939,0.5440154840926841,0.61514078736217
3000145,목상권145,CS100004,분식전문점,발달상권,목구20,11000145,목145동,전통시장형,32.27481346808544,50.74944554328433,0.8961017371108768,2.848421272853775,76,112973827,6315,0.8959130064094392,0.643630702622761,0.7950000848947678
3000146,목상권146,CS100005,패스트푸드점,전통시장,목구21,11000146,목146동,관광특구형,14.455839112483476,27.10099780266265,0.020543776482177135,0.6684946610753082,112,250927720,43892,0.010240175038859682,0.9163638556774418,0.37268964729429255
3000147,목상권147,CS100006,제과점,관광특구,목구22,11000147,목147동,유입 집중형,13.486509161972027,36.10526802450866,0.31508628528637533,5.774518669116823,149,641467351,31043,0.3081853819378867,0.2775432551298207,0.2959285312146603
3000148,목상권148,CS100007,커피-음료,골목상권,목구23,11000148,목148동,청년 밀집형,10.104750486649047,31.16683266049561,0.5579055196115653,0.30082041875546306,5,376913632,48912,0.5538097819737258,0.9623640076380955,0.7172314722394737
3000149,목상권149,CS100008,치킨전문점,발달상권,목구24,11000149,목149동,가족 주거형,27.211914091503978,40.84515641826788,0.6570388998894461,4.012321088242962,62,941144640,18703,0.6540883992008502,0.4980138434240565,0.5916585768901327
3000150,목상권150,CS100009,호프-간이주점,전통시장,목구0,11000150,목150동,일반 주거·생활형,33.97667374680545,49.59505897351501,0.4364781996559262,0.1100881697576428,100,366021971,32433,0.4309796746515003,0.9862267410793588,0.6530785012226437
3000151,목상권151,CS100010,반찬가게,관광특구,목구1,11000151,목151동,발달상권형,23.12032075999543,50.894183961000536,0.6621972351010472,7.398596596421458,9,586521255,19641,0.6593063260057608,0.07435297728879886,0.425324986518976
3000152,목상권152,CS100000,한식음식점,골목상권,목구2,11000152,목152동,전통시장형,9.491587279985756,28.65944923126227,0.3666334743728119,7.2745751111493835,162,436579952,18137,0.3603280691845389,0.08986944951406439,0.2521446213163491
3000153,목상권153,CS100001,중식음식점,발달상권,목구3,11000153,목153동,관광특구형,21.320552967857214,47.08020084417099,0.43567322324991625,3.2965517218661082,188,751396910,26034,0.43016539876714255,0.5875645810943708,0.4931250716980338
3000154,목상권154,CS100002,일식음식점,전통시장,목구4,11000154,목154동,유입 집중형,40.28580166046407,41.5078381775706,0.14217297411714924,4.12906655609977,40,356415295,17627,0.133274492229404,0.4834076821976222,0.27332776821669125
3000155,목상권155,CS100003,양식음식점,관광특구,목구5,11000155,목155동,청년 밀집형,23.47760984350266,52.522755752052355,0.1284579470444472,5.2733647153996275,82,769369713,6985,0.11940102250378822,0.3402432089835885,0.20773789709570833
3000156,목상권156,CS100004,분식전문점,골목상권,목구6,11000156,목156동,가족 주거형,11.339917897007716,35.278271731950255,0.36273998143077973,5.928833084119394,85,780461619,5050,0.35638959672131687,0.2582367992436274,0.3171284777302411
3000157,목상권157,CS100005,패스트푸드점,발달상권,목구7,11000157,목157동,일반 주거·생활형,30.047938725550964,34.113517672098006,0.607065207159681,2.426488614273719,135,42992525,3430,0.6035373861048892,0.6964191881293443,0.6406901069146713
3000158,목상권158,CS100006,제과점,전통시장,목구8,11000158,목158동,발달상권형,42.191644760140264,50.22779102092341,0.44473444888622604,6.663188504089233,18,965771853,38881,0.4393313040822351,0.16636073879782642,0.33014307796847164
3000159,목상권159,CS100007,커피-음료,관광특구,목구9,11000159,목159동,전통시장형,30.108248794504217,56.374929470248176,0.8479997100342269,0.9862754004717909,154,45725876,15388,0.8472552813571197,0.8766059378799512,0.8589955439662523
3000160,목상권160,CS100008,치킨전문점,골목상권,목구10,11000160,목160동,관광특구형,39.49033866880454,32.451871085066244,0.28528649470925926,2.3444498516209515,131,2101054,35146,0.2780413297089136,0.7066831531133488,0.4494980590706877
3000161,목상권161,CS100009,호프-간이주점,발달상권,목구11,11000161,목161동,유입 집중형,41.88350810536784,49.17066684114036,0.4609648007112988,1.3968776924552895,36,739378303,31801,0.4557491568132307,0.8252350077123632,0.6035434971728837
3000162,목상권162,CS100010,반찬가게,전통시장,목구12,11000162,목162동,청년 밀집형,22.21079124013897,45.755428470218355,0.6284946722457398,1.231816297672478,8,323040745,25539,0.625214414778009,0.8458860307346441,0.7134830611606631
3000163,목상권163,CS100000,한식음식점,관광특구,목구13,11000163,목163동,가족 주거형,1.1154008773019175,58.77832258229785,0.318475437162304,2.8524127567539015,187,491215520,24431,0.31161368694209596,0.6431313234310183,0.4442207415376649
3000164,목상권164,CS100001,중식음식점,골목상권,목구14,11000164,목164동,일반 주거·생활형,2.0864296288209587,37.99259926471791,0.4123254249343049,0.3755433470135401,46,975401194,12795,0.40654787534743836,0.9530153352015138,0.6251348592890685
3000165,목상권165,CS100002,일식음식점,발달상권,목구15,11000165,목165동,발달상권형,22.803748120697755,40.277975181274925,0.8136434156730143,4.771343376628184,106,758518668,27778,0.8125020863996473,0.40305168239002354,0.6487219247957977
3000166,목상권166,CS100003,양식음식점,전통시장,목구16,11000166,목166동,전통시장형,6.1104078761905924,40.19611826288447,0.44615046079013404,4.9244245740214545,98,302092505,28156,0.4407636744432882,0.3838995157928228,0.41801801098310204
3000167,목상권167,CS100004,분식전문점,관광특구,목구17,11000167,목167동,관광특구형,8.397861902246492,32.55170411697783,0.0998788202430926,7.195467784527329,68,718913247,41537,0.09049173575128208,0.09976665912781257,0.09420170510189428
3000168,목상권168,CS100005,패스트푸드점,골목상권,목구18,11000168,목168동,유입 집중형,44.80904462855922,40.736323616132424,0.11834704940197373,5.803613109663448,60,583937626,44645,0.10917331886178437,0.2739032158442003,0.17506527765475074
3000169,목상권169,CS100006,제과점,발달상권,목구19,11000169,목169동,청년 밀집형,13.520623175106683,30.116380404445223,0.4024125694488187,3.8469162029355113,125,224354467,19930,0.3965205017415908,0.5187078409452599,0.4453954374230584
3000170,목상권170,CS100007,커피-음료,전통시장,목구20,11000170,목170동,가족 주거형,25.450532548016973,41.84886993768915,0.250741280793449,2.9084756974376527,152,533935065,29386,0.24309703270640723,0.6361172237362939,0.40030510911836187
3000171,목상권171,CS100008,치킨전문점,관광특구,목구21,11000171,목171동,일반 주거·생활형,34.86561847650403,24.52416067906266,0.18585638948866984,5.125682739440872,18,144424236,32524,0.1774625596284494,0.3587198727093076,0.24996548486079267
3000172,목상권172,CS100009,호프-간이주점,골목상권,목구22,11000172,목172동,발달상권형,24.175894310095398,30.769418722192718,0.23046030179235813,4.8224775680571055,177,612541188,24088,0.2225817579872265,0.3966542242453506,0.2922107444904761
3000173,목상권173,CS100010,반찬가게,발달상권,목구23,11000173,목173동,전통시장형,32.37393563477412,25.37343099120212,0.282402503754969,2.444222000965686,75,460905824,38186,0.27512402149062126,0.694200543501261,0.44275463029487716
3000174,목상권174,CS100000,한식음식점,전통시장,목구24,11000174,목174동,관광특구형,16.18527014987085,36.258118314047884,0.8220115265118259,5.075084714848995,158,637535526,21945,0.8209668697185165,0.36505025039758343,0.6386002219901432
3000175,목상권175,CS100001,중식음식점,관광특구,목구0,11000175,목175동,유입 집중형,45.419982165384575,33.81197735334764,0.7557545272258281,7.386369265030361,29,496610509,49688,0.7539444374016302,0.07588275293616242,0.4827197636154431
3000176,목상권176,CS100002,일식음식점,골목상권,목구1,11000176,목176동,청년 밀집형,8.038123045676373,44.926114326976425,0.05840474655705236,7.990251634622527,181,483887650,25729,0.048538533425748605,0.0003303275273841555,0.029255251066402824
3000177,목상권177,CS100003,양식음식점,발달상권,목구2,11000177,목177동,가족 주거형,8.49232656993006,27.023620023051986,0.45145653932747026,7.105380376220229,142,217295751,6263,0.44613105137657855,0.11103759952799175,0.3120936706371438
3000178,목상권178,CS100004,분식전문점,전통시장,목구3,11000178,목178동,일반 주거·생활형,36.387835206428925,40.98521224560122,0.7269972444433455,6.29940106381797,43,419599836,15810,0.7248549365235875,0.21187460843490014,0.5196628052881125
3000179,목상권179,CS100005,패스트푸드점,관광특구,목구4,11000179,목179동,발달상권형,6.972041386915462,54.12511015610449,0.32113409266161397,4.519424477046261,169,711001851,30577,0.3143030565208067,0.4345695488291097,0.3624096534441279
3000180,목상권180,CS100006,제과점,골목상권,목구5,11000180,목180동,전통시장형,33.800961711389526,44.01370669096959,0.8487632954376876,2.318780663507872,74,59511835,237,0.8480276880699668,0.7098946550843819,0.7927744748757328
3000181,목상권181,CS100007,커피-음료,발달상권,목구6,11000181,목181동,관광특구형,7.149288016496966,48.88113450010636,0.7937902993501795,1.7779752342148845,198,28378978,1964,0.7924196172361566,0.7775554511511973,0.7864739508021729
3000182,목상권182,CS100008,치킨전문점,전통시장,목구7,11000182,목182동,유입 집중형,4.770012298211771,26.580541122688967,0.04801555202482706,1.4927769467538363,119,755769687,34494,0.038029317873178474,0.8132369405026157,0.3481123669249534
3000183,목상권183,CS100009,호프-간이주점,관광특구,목구8,11000183,목183동,청년 밀집형,31.612590032856687,35.70994444255983,0.5610504885454083,2.0747577631938636,133,444174430,10518,0.5569910831159245,0.7404246438741839,0.6303645074192282
3000184,목상권184,CS100010,반찬가게,골목상권,목구9,11000184,목184동,가족 주거형,8.141283817745634,49.33982383285871,0.5919479966412452,0.03628487722668439,97,973099159,26503,0.5882455342294586,0.9954603568208372,0.75113146326601
3000185,목상권185,CS100000,한식음식점,발달상권,목구10,11000185,목185동,일반 주거·생활형,43.71527365109579,49.056873913710305,0.6723893311713273,4.113194238344602,38,749154187,17112,0.66961616611924,0.4853934863271113,0.5959270942023885
3000186,목상권186,CS100001,중식음식점,전통시장,목구11,11000186,목186동,발달상권형,33.020185845197545,20.481471730995903,0.5677519413755046,7.583658222591465,66,774285998,44324,0.5637699543834142,0.05119970206289792,0.35874185345520765
3000187,목상권187,CS100002,일식음식점,관광특구,목구12,11000187,목187동,전통시장형,1.1696744616884502,31.211295277938124,0.6835942647695624,2.951017779108133,154,622979213,43359,0.6809505445516426,0.63079473443376,0.6608882205044895
3000188,목상권188,CS100003,양식음식점,골목상권,목구13,11000188,목188동,관광특구형,19.027270773740774,34.08391231458444,0.19091488765572426,5.3973000232159425,182,382351417,13951,0.1825794960227927,0.32473751852001387,0.23944270502168116
3000189,목상권189,CS100004,분식전문점,발달상권,목구14,11000189,목189동,유입 집중형,41.995574993312346,40.595894802063,0.24693835907252848,2.075632953725674,19,648235797,25603,0.2392501777870255,0.7403151477691432,0.43967616577987256
3000190,목상권190,CS100005,패스트푸드점,전통시장,목구15,11000190,목190동,청년 밀집형,40.50756423843489,41.932795311921424,0.09489286088422041,4.052499367729367,193,416499797,17681,0.08544817616865881,0.49298709216122416,0.248463742565685
3000191,목상권191,CS100006,제과점,관광특구,목구16,11000191,목191동,가족 주거형,15.522455250946194,25.5873110291396,0.14884654165381195,4.449176014873649,22,932562880,7522,0.14002515605900895,0.4433584156111653,0.2613584598798715
3000192,목상권192,CS100007,커피-음료,골목상권,목구17,11000192,목192동,일반 주거·생활형,28.854619124051162,30.94704603178333,0.6857038809508663,2.4947272997988668,87,703981889,40984,0.683084532043526,0.6878817668404704,0.6850034259623038
3000193,목상권193,CS100008,치킨전문점,발달상권,목구18,11000193,목193동,발달상권형,26.2754370180082,21.102942509982924,0.6347625743227134,0.6485247253869106,187,949729382,27188,0.6315547267035388,0.9188623175509599,0.7464777630425072
3000194,목상권194,CS100009,호프-간이주점,전통시장,목구19,11000194,목194동,전통시장형,8.626234617476637,48.8577774001684,0.10262137152753947,4.739202331008864,87,858946695,41789,0.09326597031998034,0.40707288597865265,0.21878873658344927
3000195,목상권195,CS100010,반찬가게,관광특구,목구20,11000195,목195동,관광특구형,23.82679345377341,32.32606924147174,0.5511492987756678,7.542850376906366,128,25586099,30733,0.5469755099938358,0.0563052190848613,0.350707393630246
3000196,목상권196,CS100000,한식음식점,골목상권,목구21,11000196,목196동,유입 집중형,34.43040032427666,48.25782029049553,0.3148943966419505,6.789629228403805,99,83423568,49547,0.30799127650265823,0.15054159276304457,0.24501140300681276
3000197,목상권197,CS100001,중식음식점,발달상권,목구22,11000197,목197동,청년 밀집형,17.766912305524205,59.785371612755995,0.4274792015108237,2.911190261438821,184,415570068,35682,0.4218767157098118,0.6357776014778164,0.5074370700170137
3000198,목상권198,CS100002,일식음식점,전통시장,목구23,11000198,목198동,가족 주거형,7.51543193638005,37.725025396835555,0.3697602747299249,2.5197269386769285,27,932175553,25725,0.3634909918577864,0.684754032952732,0.4919962082957646
3000199,목상권199,CS100003,양식음식점,관광특구,목구24,11000199,목199동,일반 주거·생활형,22.4642719169178,46.64019829512232,0.6116275440525138,4.779609936423911,87,205223569,9057,0.6081524293290296,0.4020174434822448,0.5256984349903157
3000200,목상권200,CS100004,분식전문점,골목상권,목구0,11000200,목200동,발달상권형,48.86987972614971,33.828755203547395,0.7392396092640793,6.614089343101424,71,180163723,45138,0.7372387310877592,0.17250359191783116,0.511344675419788
3000201,목상권201,CS100005,패스트푸드점,발달상권,목구1,11000201,목201동,전통시장형,3.71009951000827,41.05844257814181,0.4764168222061025,6.249874159430006,81,907010839,28572,0.4713796875640161,0.2180709770290461,0.3700562033500281
3000202,목상권202,CS100006,제과점,전통시장,목구2,11000202,목202동,관광특구형,22.68064403474702,44.79322798784044,0.541066148499092,4.130554905149272,50,4026718,23606,0.5367758742687749,0.4832214731174984,0.5153541138082643
3000203,목상권203,CS100007,커피-음료,관광특구,목구3,11000203,목203동,유입 집중형,34.49075644486295,38.90806914775679,0.29731141621054996,3.7113960475768932,52,103000877,49566,0.290205168942823,0.5356629251548435,0.3883882714276312
3000204,목상권204,CS100008,치킨전문점,골목상권,목구4,11000204,목204동,청년 밀집형,39.8876582424989,22.120012186687145,0.1917859862296326,1.7545176211739326,143,568562215,5522,0.183460657950442,0.7804902603935029,0.4222724989276664
3000205,목상권205,CS100009,호프-간이주점,발달상권,목구5,11000205,목205동,가족 주거형,43.48924469932303,34.42370400302961,0.6033887895110256,4.563747883943205,121,82889288,15908,0.599818496694247,0.4290241958563017,0.5315007763590689
3000206,목상권206,CS100010,반찬가게,전통시장,목구6,11000206,목206동,일반 주거·생활형,49.461441290682224,21.70523015945544,0.2117513265470008,2.050059473701343,68,138240420,43008,0.20365664757454804,0.7435146755899107,0.41959985878069306
3000207,목상권207,CS100000,한식음식점,관광특구,목구7,11000207,목207동,발달상권형,11.659932404129288,27.210631645233807,0.4377400456395104,0.1518914684267818,39,729107892,29321,0.43225609809265325,0.9809966817771242,0.6517523315664416
3000208,목상권208,CS100001,중식음식점,골목상권,목구8,11000208,목208동,전통시장형,44.72448626300182,29.69352110013657,0.16650102602747552,5.451423707511321,181,754704828,32317,0.15788359360937132,0.3179660414468606,0.22191657274436705
3000209,목상권209,CS100002,일식음식점,발달상권,목구9,11000209,목209동,관광특구형,49.441708914665604,36.0711869629287,0.2765851258839545,7.7065362912646345,72,243650587,11009,0.26923943844545734,0.035826284017800525,0.1758741766743946
3000210,목상권210,CS100003,양식음식점,전통시장,목구10,11000210,목210동,유입 집중형,33.441863644966304,46.282928094291634,0.38391040812581256,7.648634220807445,98,873680919,23479,0.3778045944661257,0.04307047937688202,0.2439109484304282
3000211,목상권211,CS100004,분식전문점,관광특구,목구11,11000211,목211동,청년 밀집형,22.425425317271504,47.573338595766046,0.4682948542516082,2.5810704303949707,162,787875856,49554,0.4631638906915934,0.677079277378279,0.5487300453662676
3000212,목상권212,CS100005,패스트푸드점,골목상권,목구12,11000212,목212동,가족 주거형,5.7577417643391415,32.912893796387685,0.750554881457418,2.3517933928162735,5,329313191,8912,0.7486847228002975,0.7057643941358835,0.731516591334532
3000213,목상권213,CS100006,제과점,발달상권,목구13,11000213,목213동,일반 주거·생활형,17.01952860602776,29.349485750082746,0.6631500807888813,0.48509909239471494,27,973852236,45146,0.6602701794296931,0.9393086885136757,0.7718855830632861
3000214,목상권214,CS100007,커피-음료,전통시장,목구14,11000214,목214동,발달상권형,31.5025236701043,57.14964417879651,0.24505632943848044,2.9189911973127893,147,564093627,28611,0.2373464060327104,0.6348016173202813,0.3963284905477388
3000215,목상권215,CS100008,치킨전문점,관광특구,목구15,11000215,목215동,전통시장형,16.716984347152554,22.923755460860566,0.07710163560607519,3.0894926303980865,115,929646738,28641,0.06745141801648331,0.6134699847807084,0.2858588447221733
3000216,목상권216,CS100009,호프-간이주점,골목상권,목구16,11000216,목216동,관광특구형,19.107488695775928,53.14606014372692,0.2286531827513554,4.075836526488397,33,181293958,45292,0.22075376222950496,0.49006735309418503,0.328479198575377
3000217,목상권217,CS100010,반찬가게,발달상권,목구17,11000217,목217동,유입 집중형,46.827104226721254,34.21847811269481,0.3180591585563282,6.598952960664243,182,822581110,26739,0.31119259928351445,0.1743973223239964,0.2564744884997072
3000218,목상권218,CS100000,한식음식점,전통시장,목구18,11000218,목218동,청년 밀집형,6.285778491513251,58.0955146447672,0.2382656803477314,3.3558467871534887,183,860245100,12840,0.2304773080660502,0.5801461065324144,0.3703448274525959
3000219,목상권219,CS100001,중식음식점,관광특구,목구19,11000219,목219동,가족 주거형,9.148617546274401,57.96690510658077,0.5890894309056148,7.853789752154133,74,101937092,28421,0.5853539449542988,0.017403232310641448,0.35817365989683586
3000220,목상권220,CS100002,일식음식점,골목상권,목구20,11000220,목220동,일반 주거·생활형,17.805876652069152,31.691560482332463,0.5919185125797923,6.408766504795577,196,393908822,13962,0.58821570955381,0.19819177095226403,0.4322061341131916
3000221,목상권221,CS100003,양식음식점,발달상권,목구21,11000221,목221동,발달상권형,15.889058741259788,30.703667093798032,0.10260918933161677,3.9554181827308614,190,172023713,2255,0.09325364738941452,0.505133032095104,0.2580054012716903
3000222,목상권222,CS100004,분식전문점,전통시장,목구22,11000222,목222동,전통시장형,2.091056060224352,36.05398089916151,0.575280032624594,6.711438654864608,53,630954961,9976,0.5713850137983381,0.1603241063326648,0.4069606508120687
3000223,목상권223,CS100005,패스트푸드점,관광특구,목구23,11000223,목223동,관광특구형,38.65561344602125,41.724591395374446,0.8156124085167916,6.77454842553672,109,601102337,46040,0.8144938260049207,0.1524283695445714,0.549667643420781
3000224,목상권224,CS100006,제과점,골목상권,목구24,11000224,목224동,유입 집중형,39.28170915142805,58.15818093385588,0.22255405934871522,2.641404099593365,182,499541061,45887,0.21458417879151523,0.6695308618734048,0.3965628520242711
3000225,목상권225,CS100007,커피-음료,발달상권,목구0,11000225,목225동,청년 밀집형,40.35819876052042,30.488393541661864,0.16741571425713733,1.529332364559477,33,593766136,42212,0.15880884876164497,0.8086634496770554,0.41875068912780916
3000226,목상권226,CS100008,치킨전문점,전통시장,목구1,11000226,목226동,가족 주거형,47.869808784886416,51.13861254509139,0.2704078143702369,7.842051094123402,126,286656620,46545,0.26299076362936197,0.018871869465696745,0.16534320596389587
3000227,목상권227,CS100009,호프-간이주점,관광특구,목구2,11000227,목227동,일반 주거·생활형,43.3322270374887,48.984849577622526,0.4976211855720426,2.203462058098286,5,616034755,21892,0.49282901403263457,0.7243222998909957,0.5854263283759791
3000228,목상권228,CS100010,반찬가게,골목상권,목구3,11000228,목228동,발달상권형,17.03590075766853,59.822940259734025,0.22748032678195118,5.881658011992866,144,80203537,38936,0.21956735685839027,0.264138927369011,0.23739598506263856
3000229,목상권229,CS100000,한식음식점,발달상권,목구4,11000229,목229동,전통시장형,13.9661533403693,21.619337207689657,0.16487394173483247,5.3330831429222405,61,690193033,24253,0.1562377124488494,0.33277176708012834,0.22685133430136098
3000230,목상권230,CS100001,중식음식점,전통시장,목구5,11000230,목230동,관광특구형,32.50987928642232,55.129544369719085,0.5599840665319593,4.953268986015059,195,606008591,38383,0.5559123412775098,0.3802907578701852,0.4856637079145799
3000231,목상권231,CS100002,일식음식점,관광특구,목구6,11000231,목231동,유입 집중형,42.803911502692685,52.243883103784185,0.1512679549447811,4.1400460378560915,77,151262875,5678,0.14247454269218063,0.4820340264689714,0.27829833620289696
3000232,목상권232,CS100003,양식음식점,골목상권,목구7,11000232,목232동,청년 밀집형,23.74207349908556,24.57600806875945,0.421162041169304,2.614219880960964,28,284535345,10304,0.41548657646434345,0.672931911074274,0.5184647103083156
3000233,목상권233,CS100004,분식전문점,발달상권,목구8,11000233,목233동,가족 주거형,5.713342271198297,49.56370258967945,0.7275021915094116,4.614478789693237,50,32677822,8130,0.7253657169833688,0.42267719325182496,0.6042903074907513
3000234,목상권234,CS100005,패스트푸드점,전통시장,목구9,11000234,목234동,일반 주거·생활형,10.193221364276328,44.61629059484646,0.07148997374871505,5.200584105652708,129,638803347,36371,0.061774927516261444,0.349348875692857,0.17680450678689966
3000235,목상권235,CS100006,제과점,관광특구,목구10,11000235,목235동,발달상권형,47.76885112826693,27.555306724882577,0.8217050449040353,5.606804306234634,172,883325593,3876,0.8206568474863619,0.2985261940756867,0.6118045861220918
3000236,목상권236,CS100007,커피-음료,골목상권,목구11,11000236,목236동,전통시장형,14.60770760752759,41.13002368491074,0.46625312067475905,5.248001341220702,61,943974969,35724,0.4610985700169759,0.34341645021774203,0.4140257220972824
3000237,목상권237,CS100008,치킨전문점,발달상권,목구12,11000237,목237동,관광특구형,10.934071219104844,39.53832435058155,0.1362752927714251,5.0982042113036,57,2728685,5256,0.1273086780047943,0.3621577433145321,0.22124830412868943
3000238,목상권238,CS100009,호프-간이주점,전통시장,목구13,11000238,목238동,유입 집중형,2.577326591627058,38.81728719789421,0.6485747914018046,2.5597870697611596,7,533975526,18405,0.6455265092216942,0.6797420633738697,0.6592127308825644
3000239,목상권239,CS100010,반찬가게,관광특구,목구14,11000239,목239동,청년 밀집형,19.411875532336975,27.446271943872695,0.6837317676443992,1.6372663240633507,139,701247288,31434,0.6810896359264624,0.7951597065060173,0.7267176641582844
3000240,목상권240,CS100000,한식음식점,골목상권,목구15,11000240,목240동,가족 주거형,43.02368613024249,30.60238522849697,0.49865510398342017,4.190559820246977,163,142576752,30304,0.49387487677158265,0.47571418842041213,0.48661060143111445
3000241,목상권241,CS100001,중식음식점,발달상권,목구16,11000241,목241동,일반 주거·생활형,16.27229543955771,27.237345504569266,0.3869100451510181,0.5200655184837766,165,65654113,3414,0.3808388847549036,0.9349339982893369,0.6024769301686769
3000242,목상권242,CS100002,일식음식점,전통시장,목구17,11000242,목242동,발달상권형,3.1879286549813237,23.76565733505671,0.850998024359895,0.7429019107573449,104,939636209,34646,0.8502882336658928,0.9070546781545561,0.8729948114613582
3000243,목상권243,CS100003,양식음식점,관광특구,목구18,11000243,목243동,전통시장형,27.746703715519736,49.67432276857896,0.3638724027243707,0.9046398219554952,22,939026195,15131,0.3575351002956078,0.8868194600278495,0.5692488441885045
3000244,목상권244,CS100004,분식전문점,골목상권,목구19,11000244,목244동,관광특구형,12.170387345954088,53.09157028802371,0.5834642380555956,6.396356239125808,48,673982136,13067,0.5796637671448198,0.19974443371993444,0.42769603377486565
3000245,목상권245,CS100005,패스트푸드점,발달상권,목구20,11000245,목245동,유입 집중형,1.3185090490906575,46.40871867857602,0.5626289669957633,7.36379880487813,102,963539144,36383,0.5585877969158647,0.0787065694490453,0.36663530592913696
3000246,목상권246,CS100006,제과점,전통시장,목구21,11000246,목246동,청년 밀집형,22.2858895634871,31.207509983944345,0.3970979393063076,7.4643708327670995,36,52894898,19321,0.39114447441082983,0.06612388610224962,0.26113623908739775
3000247,목상권247,CS100007,커피-음료,관광특구,목구22,11000247,목247동,가족 주거형,5.528009461439049,36.853628831213,0.8861696991668436,7.5466857297107195,39,101114493,1363,0.8858662287399682,0.055825373636048226,0.5538498866984002
3000248,목상권248,CS100008,치킨전문점,골목상권,목구23,11000248,목248동,일반 주거·생활형,33.69943885572962,58.522594799593705,0.04539161570890591,1.4214217469378436,20,103310347,14053,0.035375068570723096,0.8221642725180662,0.35009075014966035
3000249,목상권249,CS100009,호프-간이주점,발달상권,목구24,11000249,목249동,발달상권형,25.513091684597956,56.63612843327861,0.01233459071555823,0.561867679610538,113,450791329,12688,0.0019361527717927588,0.9297040813063517,0.37304332418561637
3000250,목상권250,CS100010,반찬가게,전통시장,목구0,11000250,목250동,전통시장형,8.589637434010019,28.35601098080661,0.6940401418107561,7.613719477788582,62,574620649,46192,0.6915170974370504,0.047438703472215016,0.4338857398511162
3000251,목상권251,CS100000,한식음식점,관광특구,목구1,11000251,목251동,관광특구형,2.5961342681768356,29.830930576763816,0.08698728042809972,0.24948520373160488,115,522576188,25710,0.0774512666080711,0.9687866160784661,0.4339854063962291
3000252,목상권252,CS100001,중식음식점,골목상권,목구2,11000252,목252동,유입 집중형,19.976871380540857,33.88612567839131,0.05016284791650367,0.3965479573102497,59,923331623,18133,0.04020142036974652,0.9503874239847079,0.4042758218157311
3000253,목상권253,CS100002,일식음식점,발달상권,목구3,11000253,목253동,청년 밀집형,21.201923301112238,55.492648235333974,0.4248225835391275,5.586395320054151,66,894615121,49550,0.41918940719722325,0.30107958606676466,0.3719454787450398
3000254,목상권254,CS100003,양식음식점,전통시장,목구4,11000254,목254동,가족 주거형,10.425113252957225,49.25689852512627,0.6687560966934694,2.3078627725243246,90,994122290,1427,0.6659409587523548,0.7112606051198378,0.684068817299348
3000255,목상권255,CS100004,분식전문점,관광특구,목구5,11000255,목255동,일반 주거·생활형,20.197132932191337,47.30564088732311,0.4055274594089374,6.700538242715819,58,606378275,30908,0.3996713764231541,0.16168786957078107,0.30447797368220486
3000256,목상권256,CS100005,패스트푸드점,골목상권,목구6,11000256,목256동,발달상권형,20.988509601191883,28.061596139213666,0.05207868568647128,1.5291016496263303,164,705188336,4843,0.042139390827984964,0.8086923146905993,0.34876056037303077
3000257,목상권257,CS100006,제과점,발달상권,목구7,11000257,목257동,전통시장형,47.41251147607521,20.10448463683428,0.38416481020653975,0.6549322145334253,101,832460320,9067,0.3780619355232299,0.9180606691336919,0.5940614289674147
3000258,목상권258,CS100007,커피-음료,전통시장,목구8,11000258,목258동,관광특구형,30.491297651525823,41.513183734256735,0.7247824873270837,0.6626567113409649,18,255964938,9141,0.7226145934576079,0.9170942483566354,0.800406455417219
3000259,목상권259,CS100008,치킨전문점,관광특구,목구9,11000259,목259동,유입 집중형,38.06712517140275,38.62985689281447,0.13707114000241113,0.3661862876633357,76,83509874,10377,0.12811371924946496,0.9541860077765043,0.4585426346602807
3000260,목상권260,CS100009,호프-간이주점,골목상권,목구10,11000260,목260동,청년 밀집형,29.987048596718488,50.717740721317874,0.5092587947385068,4.797370426139268,98,634431217,46365,0.5046010665115424,0.39979540796339186,0.46267880309228215
3000261,목상권261,CS100010,반찬가게,발달상권,목구11,11000261,목261동,가족 주거형,15.693534629582564,29.28148134224591,0.45011392221616214,0.2799533454429728,86,535811176,18116,0.44477292370041077,0.964974711442888,0.6528536387974017
3000262,목상권262,CS100000,한식음식점,전통시장,목구12,11000262,목262동,일반 주거·생활형,5.835579223627195,20.995714449560936,0.6187333663454215,6.79465558862252,50,13867699,10922,0.6153403415317313,0.14991273899180668,0.42916930051576146
3000263,목상권263,CS100001,중식음식점,관광특구,목구13,11000263,목263동,발달상권형,36.38187240043869,27.042077003533088,0.6307705690064251,2.127870098307474,139,521125764,401,0.6275166038032746,0.7337796978730825,0.6700218414311977
3000264,목상권264,CS100002,일식음식점,골목상권,목구14,11000264,목264동,전통시장형,28.891883491356676,42.73601358464132,0.7636794355280823,1.9291452921337058,152,571047249,42622,0.7619608980930157,0.7586423894357744,0.7606334946301192
3000265,목상권265,CS100003,양식음식점,발달상권,목구15,11000265,목265동,관광특구형,16.220671410919515,59.21471364172339,0.8049920164790411,2.5116053728488508,130,772958951,26597,0.8037507420409694,0.6857701314966301,0.7565584978232336
3000266,목상권266,CS100004,분식전문점,전통시장,목구16,11000266,목266동,유입 집중형,17.62030885505556,20.764005104932796,0.5770239771117323,5.549515739757412,48,133424259,2198,0.5731491051790706,0.3056936332384981,0.4661669164028416
3000267,목상권267,CS100005,패스트푸드점,관광특구,목구17,11000267,목267동,청년 밀집형,12.928943826940058,54.3829276964492,0.4466254375208917,0.1812261334690337,100,75791281,16345,0.44124413833589354,0.9773265877255408,0.6556771180917524
3000268,목상권268,CS100006,제과점,골목상권,목구18,11000268,목268동,가족 주거형,22.993778214489893,39.783326536756036,0.3989611170455573,3.7340693128522418,87,351727068,32638,0.3930291764841032,0.5328262465734732,0.4489480045198512
3000269,목상권269,CS100007,커피-음료,발달상권,목구19,11000269,목269동,일반 주거·생활형,18.96775955716263,41.81914871159629,0.6366232020466329,5.310504640977822,172,457083420,34459,0.6334368493024666,0.3355965897109823,0.5143007454658729
3000270,목상권270,CS100008,치킨전문점,전통시장,목구20,11000270,목270동,발달상권형,41.46969274832961,55.11563637943673,0.037493466483450213,5.1110403800856385,81,368527893,48518,0.027385676089985708,0.3605517953132775,0.16065212377930244
3000271,목상권271,CS100009,호프-간이주점,관광특구,목구21,11000271,목271동,전통시장형,29.636362285721816,49.511191047039475,0.03355034403853309,3.0812123431489873,166,904194601,16251,0.023397000779760726,0.6145059411461398,0.25984057692631235
3000272,목상권272,CS100010,반찬가게,골목상권,목구22,11000272,목272동,관광특구형,31.229053833532067,51.12422753817657,0.14812888291947696,0.11415868889471881,101,742312314,31291,0.13929920658247183,0.9857174736972251,0.47786651342837316
3000273,목상권273,CS100000,한식음식점,발달상권,목구23,11000273,목273동,유입 집중형,4.282180616004801,36.849814883803745,0.023251105218708337,0.1525159947325463,97,100915571,20514,0.01297878015166428,0.9809185465648577,0.40015468671694165
3000274,목상권274,CS100001,중식음식점,전통시장,목구24,11000274,목274동,청년 밀집형,9.26989486087027,34.80866162338593,0.1814550332928403,2.9349021784566975,127,182077558,8643,0.17301035682849805,0.6328109759692722,0.35693060448480773
3000275,목상권275,CS100002,일식음식점,관광특구,목구0,11000275,목275동,가족 주거형,12.258397299836492,40.10572907001878,0.33341242454369846,2.2049464283840123,30,783682322,2437,0.32672323365528777,0.7241365885986342,0.48568857563262635
3000276,목상권276,CS100003,양식음식점,골목상권,목구1,11000276,목276동,일반 주거·생활형,35.50979639275938,51.26564483914164,0.4819899671443827,1.3428156249108731,145,375152501,18176,0.47701721617900456,0.8319987758421604,0.619009840044267
3000277,목상권277,CS100004,분식전문점,발달상권,목구2,11000277,목277동,발달상권형,15.27317053159686,22.598926084838077,0.22975868094356552,1.503619374851108,29,976493049,45956,0.22187203167367373,0.8118804317166043,0.457875391690846
3000278,목상권278,CS100005,패스트푸드점,전통시장,목구3,11000278,목278동,전통시장형,40.87098978842161,57.92298590510514,0.3986251253483601,3.0900877206597492,90,796360322,11138,0.39268930324765866,0.6133955323461454,0.4809717948870533
3000279,목상권279,CS100006,제과점,관광특구,목구4,11000279,목279동,관광특구형,5.008235083409828,53.96056200458116,0.3429387902337929,6.754312423537381,112,303504959,45576,0.3363596525479435,0.1549601192836133,0.2637998392422114
3000280,목상권280,CS100007,커피-음료,골목상권,목구5,11000280,목280동,유입 집중형,48.53058482115977,52.904582441501645,0.4646410128604875,1.5308539142613888,179,215802105,34411,0.45946783835037636,0.8084730868247054,0.599069937740108
3000281,목상권281,CS100008,치킨전문점,발달상권,목구6,11000281,목281동,청년 밀집형,30.019604430470675,36.044125856398395,0.6103899150766947,0.115862995605025,128,496432027,23892,0.6069005026622754,0.9855042459030587,0.7583419999585888
3000282,목상권282,CS100009,호프-간이주점,전통시장,목구7,11000282,목282동,가족 주거형,4.880232153471575,39.37585665823776,0.34224218645820065,4.54110239959647,30,54680605,44970,0.335655001267257,0.43185739873339146,0.37413596025371076
3000283,목상권283,CS100010,반찬가게,관광특구,목구8,11000283,목283동,일반 주거·생활형,20.03291019050388,51.983261744912525,0.37102659016640677,1.7808280908838086,113,773811627,21415,0.36477193638512734,0.7771985269362606,0.5297425726055807
3000284,목상권284,CS100000,한식음식점,골목상권,목구9,11000284,목284동,발달상권형,7.416236204584622,37.493492477016886,0.7589426502950324,2.602361454497622,191,375262901,14471,0.757169391216718,0.6744155325971912,0.7240678477689073
3000285,목상권285,CS100001,중식음식점,발달상권,목구10,11000285,목285동,전통시장형,11.200863058619293,35.21646402589803,0.8497103398715214,0.175802814199292,173,378066311,10000,0.8489856732209956,0.9780051055052069,0.9005934461346801
3000286,목상권286,CS100002,일식음식점,전통시장,목구11,11000286,목286동,관광특구형,4.986302888712523,55.53095631976298,0.29016294385636804,6.061816133717048,103,753506785,8761,0.2829741139646278,0.24159913528575416,0.26642412249307834
3000287,목상권287,CS100003,양식음식점,관광특구,목구12,11000287,목287동,유입 집중형,21.75391442686598,23.56521490943639,0.27627585348397543,6.279583644570426,193,79575985,45595,0.26892659318052753,0.21435398879916834,0.24709755142798384
3000288,목상권288,CS100004,분식전문점,골목상권,목구13,11000288,목288동,청년 밀집형,13.226783010341146,29.595361085015295,0.45431599046263904,4.990591704604273,193,980660233,41475,0.4490235362798421,0.37562126915143224,0.41966262942847815
3000289,목상권289,CS100005,패스트푸드점,발달상권,목구14,11000289,목289동,가족 주거형,29.07251034056993,52.67793380077282,0.7932616275231523,0.07354830397773071,142,936668119,43757,0.7918848379354547,0.9907982861728974,0.8714502172304318
3000290,목상권290,CS100006,제과점,전통시장,목구15,11000290,목290동,일반 주거·생활형,6.337459304013656,45.400770032044036,0.630244574468228,2.994647629304854,154,864243410,13475,0.6269845327207434,0.6253361531461326,0.6263251808908991
3000291,목상권291,CS100007,커피-음료,관광특구,목구16,11000291,목291동,발달상권형,35.628543558746166,31.76232413977337,0.6619103463215139,7.437882100469955,197,641783317,30143,0.6590161229477299,0.06943792219905542,0.4231848426482601
3000292,목상권292,CS100008,치킨전문점,골목상권,목구17,11000292,목292동,전통시장형,17.0963255936839,29.97406982674619,0.0897926358186689,6.7946893632913214,145,454279346,30663,0.08028903082642395,0.14990851340372224,0.10813682385734327
3000293,목상권293,CS100009,호프-간이주점,발달상권,목구18,11000293,목293동,관광특구형,3.418173577353004,57.845350834363515,0.40155575388417164,5.557163967241164,174,539557867,49477,0.39565378782746174,0.30473675460522087,0.3592869745385654
3000294,목상권294,CS100010,반찬가게,전통시장,목구19,11000294,목294동,유입 집중형,1.5267105517582888,30.79162192117728,0.07787774104620962,7.582533464323011,98,624873205,4245,0.06823648940354762,0.051340421877648756,0.06147806239318808
3000295,목상권295,CS100000,한식음식점,관광특구,목구20,11000295,목295동,청년 밀집형,16.35640151953277,58.0679803427314,0.4791767689683917,6.5857544381069,186,693811441,7439,0.47417151857156414,0.17604860482739726,0.35492235307389736
3000296,목상권296,CS100001,중식음식점,골목상권,목구21,11000296,목296동,가족 주거형,41.08547330031378,34.93990142634529,0.1515028098350191,2.1552595052433627,194,389110222,18550,0.1427121107401588,0.7303529773249864,0.37776845737408987
3000297,목상권297,CS100002,일식음식점,발달상권,목구22,11000297,목297동,일반 주거·생활형,31.088594189251964,39.104768168517076,0.6115139301557156,1.8227320864106638,124,568775623,2827,0.6080375029093233,0.7719558693330744,0.6736048494788238
3000298,목상권298,CS100003,양식음식점,전통시장,목구23,11000298,목298동,발달상권형,32.060508594584356,22.829421985555044,0.25528127725483907,7.38521401432588,35,553947496,11335,0.24768947741159214,0.07602728769503886,0.17902460152497082
3000299,목상권299,CS100004,분식전문점,관광특구,목구24,11000299,목299동,전통시장형,10.793039980613477,20.450761006812762,0.41306219117007537,4.936044341531502,198,520594927,348,0.40729315306454633,0.38244575316904705,0.3973541931063466
3000300,목상권300,CS100005,패스트푸드점,골목상권,목구0,11000300,목300동,관광특구형,21.520952881889883,42.26128394857852,0.5378465603306276,0.5060388397966147,31,956577590,24083,0.5335190918543207,0.9366888923690571,0.6947870120602152
3000301,목상권301,CS100006,제과점,발달상권,목구1,11000301,목301동,유입 집중형,24.026119500913417,42.61533656074899,0.2874737652818757,1.3808605772836033,155,947904340,4193,0.28025386869334784,0.8272389276149925,0.49904789226200574
3000302,목상권302,CS100007,커피-음료,전통시장,목구2,11000302,목302동,청년 밀집형,24.987745100718765,48.87631604726242,0.1924056965902602,5.931219449139575,66,288772356,46033,0.1840875275060938,0.2579382383412664,0.21362781184016283
3000303,목상권303,CS100008,치킨전문점,관광특구,목구3,11000303,목303동,가족 주거형,40.521906840709434,37.038441693742215,0.6332190782350022,4.138459664428793,17,493495222,1229,0.6299933993994835,0.48223249949297664,0.5708890394368807
3000304,목상권304,CS100009,호프-간이주점,골목상권,목구4,11000304,목304동,일반 주거·생활형,30.62087424826655,31.893414350786273,0.5996544951855913,4.350378829530788,39,904320931,30815,0.5960410619873505,0.4557190463433638,0.5399122557297558
3000305,목상권305,CS100010,반찬가게,발달상권,목구5,11000305,목305동,발달상권형,43.63240064463405,44.983102373113724,0.046156366625840294,2.528561659504499,64,803894002,48376,0.03614865426162146,0.6836487107576443,0.2951486768600306
3000306,목상권306,CS100000,한식음식점,전통시장,목구6,11000306,목306동,전통시장형,16.37067712900835,55.984683145367505,0.23155888784870868,4.120149083255203,61,473628473,25092,0.22369303544318564,0.4845233575937742,0.3280251643034211
3000307,목상권307,CS100001,중식음식점,관광특구,목구7,11000307,목307동,관광특구형,47.46525039044787,58.00273606487223,0.1491952502938546,1.8404454434816255,50,912074297,23512,0.14037789315059818,0.769739730634164,0.39212262814402454
3000308,목상권308,CS100002,일식음식점,골목상권,목구8,11000308,목308동,유입 집중형,20.535253142541592,38.92340155112432,0.7476321009739075,2.80695832082683,170,166246208,41193,0.7457281769373068,0.6488181807608613,0.7069641784667285
3000309,목상권309,CS100003,양식음식점,발달상권,목구9,11000309,목309동,청년 밀집형,29.904477399591205,20.881797370215367,0.47723741417682936,2.629730324984056,114,695660415,37314,0.47220975941167737,0.6709913813881647,0.5517224082022723
3000310,목상권310,CS100004,분식전문점,전통시장,목구10,11000310,목310동,가족 주거형,36.875419063454366,27.49855188974909,0.24542443150467455,7.855595284838383,10,182258030,9130,0.23771876059272765,0.017177340017176856,0.14950219236250734
3000311,목상권311,CS100005,패스트푸드점,관광특구,목구11,11000311,목311동,일반 주거·생활형,39.69849244062278,24.993362661018427,0.38439848894570267,1.200128405130715,176,657156648,10709,0.37829831383266466,0.8498505398148475,0.5669192042255378
3000312,목상권312,CS100006,제과점,골목상권,목구12,11000312,목312동,발달상권형,22.152888297549335,32.42637610128858,0.6579726501300386,4.699388553275059,131,263795769,29549,0.6550329365776615,0.4120540340034019,0.5578413755479577
3000313,목상권313,CS100007,커피-음료,발달상권,목구13,11000313,목313동,전통시장형,20.166342608127646,32.286388391744154,0.6245274537368184,6.980365721128746,192,151271349,9637,0.621201365034347,0.12667832838414683,0.4233921503742669
3000314,목상권314,CS100008,치킨전문점,전통시장,목구14,11000314,목314동,관광특구형,14.594934682648598,22.97318488585654,0.04553188270594053,4.635117368123177,168,697536024,7116,0.03551695600022267,0.4200950767074648,0.18934820428311955
3000315,목상권315,CS100009,호프-간이주점,관광특구,목구15,11000315,목315동,유입 집중형,8.567269230001862,59.2853388517613,0.49868575928690095,0.6983287486818366,136,218867859,16541,0.4939058862200158,0.9126312782881508,0.6613960430472698
3000316,목상권316,CS100010,반찬가게,골목상권,목구16,11000316,목316동,청년 밀집형,44.96231631127175,30.916442564723148,0.8920367156013286,7.94847730753618,191,369197881,27901,0.8918010237973929,0.005556762161209705,0.5373033191429195
3000317,목상권317,CS100000,한식음식점,발달상권,목구17,11000317,목317동,가족 주거형,6.955654566518644,45.600521448577254,0.0848770171845854,5.621937408531043,115,777527840,24202,0.07531662457880037,0.2966328740517473,0.16384312436797915
3000318,목상권318,CS100001,중식음식점,전통시장,목구18,11000318,목318동,일반 주거·생활형,12.291944502314989,42.97806710165289,0.28191236731671315,5.822707489701457,171,319062600,36117,0.27462822275821497,0.27151429575613284,0.2733826519573821
3000319,목상권319,CS100002,일식음식점,관광특구,목구19,11000319,목319동,발달상권형,19.19308936249917,40.943063927407415,0.1551469968074793,6.558635972338502,70,347249955,40511,0.14639839713018263,0.17944142761099846,0.15961560932250896
3000320,목상권320,CS100003,양식음식점,골목상권,목구20,11000320,목320동,전통시장형,37.00021368597687,20.71306443779767,0.6415067646792275,1.4468710982920792,142,65437551,24849,0.6383768292221054,0.8189802745795418,0.71061820736508
3000321,목상권321,CS100004,분식전문점,발달상권,목구21,11000321,목321동,관광특구형,43.537420409728405,46.13183301197388,0.321926583405959,0.7977191109723973,69,443083494,14293,0.3151047025030727,0.900196434498324,0.5491413953011732
3000322,목상권322,CS100005,패스트푸드점,전통시장,목구22,11000322,목322동,유입 집중형,29.482560788422262,20.60659746661967,0.6712681083718893,6.306767753144328,135,161558729,36182,0.6684819904095447,0.21095295336784592,0.4854703755928652
3000323,목상권323,CS100006,제과점,관광특구,목구23,11000323,목323동,청년 밀집형,11.646657853849373,48.23184115077875,0.2591334037957403,0.7840557533026677,56,727226170,44209,0.2515861055889294,0.9019058730631109,0.5117140125786019
3000324,목상권324,CS100007,커피-음료,골목상권,목구24,11000324,목324동,가족 주거형,12.25349284235323,59.699908554744134,0.06721601500187337,1.7893954560198724,155,461764919,47087,0.057451593922494285,0.7761266539225984,0.34492161792253595
3000325,목상권325,CS100008,치킨전문점,발달상권,목구0,11000325,목325동,일반 주거·생활형,7.670504049190668,32.542099574759476,0.24551628589193833,1.049283726649354,54,243960891,11938,0.2378116761264786,0.868722892930523,0.49017616284809634
3000326,목상권326,CS100009,호프-간이주점,전통시장,목구1,11000326,목326동,발달상권형,12.395927357328077,24.493853782357252,0.4377756250485457,4.459038236573249,97,290547889,42509,0.4322920885322995,0.4421245415872772,0.4362250697542906
3000327,목상권327,CS100010,반찬가게,관광특구,목구2,11000327,목327동,전통시장형,43.41960033441442,36.30095299670742,0.7120597179355401,4.1713146024813135,102,603278203,41352,0.7097448444557347,0.47812197999196937,0.6170956986702286
3000328,목상권328,CS100000,한식음식점,골목상권,목구3,11000328,목328동,관광특구형,36.461435553101374,24.413218933474372,0.22032624075776233,5.30209585810798,82,239075369,873,0.21233062335834613,0.3366486223129299,0.26205782294017965
3000329,목상권329,CS100001,중식음식점,발달상권,목구4,11000329,목329동,유입 집중형,12.334238676042252,44.6153884354501,0.7855376430678135,6.300666464824059,85,563563260,37021,0.7840716222608349,0.21171629264371505,0.555129490413987
3000330,목상권330,CS100002,일식음식점,전통시장,목구5,11000330,목330동,청년 밀집형,39.53291332255803,25.071896733472258,0.3135114804966029,4.578310064557183,159,709246314,39619,0.30659238423844004,0.427202304507876,0.3548363523462144
3000331,목상권331,CS100003,양식음식점,관광특구,목구6,11000331,목331동,가족 주거형,16.97073292314933,29.592675894423795,0.04237201794661937,3.271242807227548,16,654613326,13300,0.03232058694873632,0.5907310088321078,0.25568475570208493
3000332,목상권332,CS100004,분식전문점,골목상권,목구7,11000332,목332동,일반 주거·생활형,38.00998541313169,29.087616163558717,0.12691333424575596,3.5918587116328258,59,65512563,35636,0.11783856558796531,0.5506183802438497,0.29095049145031904
3000333,목상권333,CS100005,패스트푸드점,발달상권,목구8,11000333,목333동,발달상권형,5.628974883162473,26.879143664633162,0.6573542805745306,6.7572759037214825,6,692264761,23960,0.6544074233167612,0.15458935483206804,0.4544801959228839
3000334,목상권334,CS100006,제과점,전통시장,목구9,11000334,목334동,전통시장형,41.2082624596104,58.42385265473525,0.7784439512004534,3.7989836728661466,82,265816090,29069,0.7768959806202473,0.5247047355145872,0.6760194825779833
3000335,목상권335,CS100007,커피-음료,관광특구,목구10,11000335,목335동,관광특구형,28.53676160813663,46.28893695457923,0.775858164292762,2.434855166916841,164,571522129,44999,0.7742803214465114,0.6953724390001638,0.7427171684679723
3000336,목상권336,CS100008,치킨전문점,골목상권,목구11,11000336,목336동,유입 집중형,18.42409342889639,30.880011106997163,0.360327660353672,1.2096608863134062,164,986148758,471,0.3539494073396764,0.8486579200104272,0.5518328124079767
3000337,목상권337,CS100009,호프-간이주점,발달상권,목구12,11000337,목337동,청년 밀집형,46.274373558791105,50.81682614132014,0.7132465195404267,2.422970567600685,73,196418141,23498,0.7109453565690851,0.6968593350391283,0.7053109479571024
3000338,목상권338,CS100010,반찬가게,전통시장,목구13,11000338,목338동,가족 주거형,19.02249806618701,45.43792970611074,0.574144326715545,4.66056631037348,121,476456460,3390,0.5702361876631163,0.4169111299524092,0.5089061645788335
3000339,목상권339,CS100000,한식음식점,관광특구,목구14,11000339,목339동,일반 주거·생활형,35.66460140936013,47.67932344406603,0.8653853426205971,2.8893653655896374,99,78708884,24366,0.8648417612137844,0.6385081395738588,0.7743083125578141
3000340,목상권340,CS100001,중식음식점,골목상권,목구15,11000340,목340동,발달상권형,24.38154973544092,48.464775906502226,0.21947622971141242,6.096262509804968,61,754043156,47223,0.21147079257161397,0.2372895091217334,0.22179827919166176
3000341,목상권341,CS100002,일식음식점,발달상권,목구16,11000341,목341동,전통시장형,10.865251606405911,48.82483409433023,0.14765688389435735,0.7364015337932415,179,53988869,18029,0.13882175479540607,0.9078679478746855,0.44644023202711786
3000342,목상권342,CS100003,양식음식점,전통시장,목구17,11000342,목342동,관광특구형,25.622246948830757,52.611608379450686,0.36180207986894003,3.9401241386912975,180,478933664,21195,0.35544086006517933,0.5070464877276604,0.4160831111301717
3000343,목상권343,CS100004,분식전문점,관광특구,목구18,11000343,목343동,유입 집중형,43.939660580092514,49.591077326472515,0.7051413293124082,7.274853694989293,20,978598994,12626,0.7027465312475819,0.08983459556593687,0.45758175697492387
3000344,목상권344,CS100005,패스트푸드점,골목상권,목구19,11000344,목344동,청년 밀집형,41.016669251307526,56.68467707777169,0.1770832657804648,2.333025273072624,196,70693854,39392,0.1685880845348406,0.7081124954191726,0.3843978488885734
3000345,목상권345,CS100006,제과점,발달상권,목구20,11000345,목345동,가족 주거형,46.15260118558309,54.77420351479158,0.2510435556882775,3.6495109001517276,127,242539523,25931,0.24340279962760888,0.5434054479046114,0.3634038589384099
3000346,목상권346,CS100007,커피-음료,전통시장,목구21,11000346,목346동,일반 주거·생활형,17.38761467771609,34.10045589259346,0.611127399657587,7.361883563907008,150,625922095,8869,0.6076465070231768,0.07894618747384097,0.39616637920344244
3000347,목상권347,CS100008,치킨전문점,관광특구,목구22,11000347,목347동,발달상권형,25.224086781813316,51.661299682659,0.8736274102168157,6.900004776221644,186,33588355,25128,0.8731790451773144,0.13673237963915053,0.5786003789620489
3000348,목상권348,CS100009,호프-간이주점,골목상권,목구23,11000348,목348동,전통시장형,15.48074760491719,45.904647446019226,0.6248801431754304,7.6628482616732345,192,313799889,23969,0.6215581289126237,0.041292144197143,0.38945173502643143
3000349,목상권349,CS100010,반찬가게,발달상권,목구24,11000349,목349동,관광특구형,2.1778394324774126,50.42571400095793,0.2935272424631609,5.13823203771683,107,115546397,23102,0.2863772785826672,0.3571498154106202,0.3146862933138484
3000350,목상권350,CS100000,한식음식점,전통시장,목구0,11000350,목350동,유입 집중형,29.136357213612513,24.339588634521636,0.46839535539653177,3.4326547942085224,43,227652691,24380,0.46326555287454757,0.5705365674631724,0.5061739587099975
3000351,목상권351,CS100001,중식음식점,관광특구,목구1,11000351,목351동,청년 밀집형,22.70281934587789,56.06630266574314,0.5857715464526676,7.782868234941059,106,523734657,19396,0.5819977306889494,0.026276305791387067,0.3597091607299245
3000352,목상권352,CS100002,일식음식점,골목상권,목구2,11000352,목352동,가족 주거형,1.1001465182152121,54.53912762062057,0.7009429681843586,5.84175326591812,109,794874251,38789,0.6984996686130102,0.26913145654866666,0.5267523837872727
3000353,목상권353,CS100003,양식음식점,발달상권,목구3,11000353,목353동,일반 주거·생활형,17.271505977763002,24.606522100266734,0.04653281612810076,7.094998556732679,123,441465306,22673,0.03652945269134012,0.11233648103527982,0.066852264028916
3000354,목상권354,CS100004,분식전문점,전통시장,목구4,11000354,목354동,발달상권형,38.0282424581531,42.956917884569684,0.6202918303304978,4.009219845103066,199,11159599,42644,0.6169168096495707,0.4984018435591818,0.5695108232134152
3000355,목상권355,CS100005,패스트푸드점,관광특구,목구5,11000355,목355동,전통시장형,2.9417390052967813,41.85864057601427,0.20315099355389557,6.295270767491902,102,260413961,12503,0.19495695935828897,0.21239135461065306,0.2019307174592346
3000356,목상권356,CS100006,제과점,골목상권,목구6,11000356,목356동,관광특구형,31.10313519236248,24.71534598645229,0.8726630959880615,3.1080980875148416,81,896962201,36750,0.8722035907223079,0.6111422344078017,0.7677790481965054
3000357,목상권357,CS100007,커피-음료,발달상권,목구7,11000357,목357동,유입 집중형,6.212552776222539,55.77093186155053,0.8293691903691602,1.6879644924450083,132,350078160,21733,0.8284095328816944,0.7888167997117624,0.8125724396137216
3000358,목상권358,CS100008,치킨전문점,전통시장,목구8,11000358,목358동,청년 밀집형,35.51326175214847,55.1700109528867,0.8099047959044842,1.579815149066027,194,128514441,38107,0.8087202762800356,0.8023474898098475,0.8061711616919605
3000359,목상권359,CS100009,호프-간이주점,관광특구,목구9,11000359,목359동,가족 주거형,38.10381511768585,27.41666588795745,0.8182505786200964,1.1232123532292704,36,822816912,8847,0.8171624735303836,0.8594735965004504,0.8340869227184103
3000360,목상권360,CS100010,반찬가게,골목상권,목구10,11000360,목360동,일반 주거·생활형,24.545704682887997,47.248310090074185,0.13032243540994226,6.894173257795163,155,86530463,37058,0.12128705034429778,0.13746196768993957,0.1277570172825545
3000361,목상권361,CS100000,한식음식점,발달상권,목구11,11000361,목361동,발달상권형,6.94103366336371,42.232555936916924,0.8371294217718601,2.262159466645424,153,20202961,12292,0.836259414246013,0.7169785988587215,0.7885470880910964
3000362,목상권362,CS100001,중식음식점,전통시장,목구12,11000362,목362동,전통시장형,33.7944045290262,49.7237601963616,0.6543184776124199,1.9748766387001275,132,79109020,48339,0.6513365492846125,0.7529208874938714,0.691970284568316
3000363,목상권363,CS100002,일식음식점,관광특구,목구13,11000363,목363동,관광특구형,13.847193903889549,50.7644667427681,0.33350562268946815,0.7272306093915724,154,682264766,29104,0.3268175084712954,0.909015332889841,0.5596966382387136
3000364,목상권364,CS100003,양식음식점,골목상권,목구14,11000364,목364동,유입 집중형,49.69830227442642,50.30671756170439,0.11242269740976218,2.9765648649756837,61,808721200,36215,0.10318052587842749,0.6275985088166364,0.31294771905371105
3000365,목상권365,CS100004,분식전문점,발달상권,목구15,11000365,목365동,청년 밀집형,20.759903941607497,43.04155184263828,0.13836969290343884,4.005892950150079,51,700028582,16842,0.12942727366419707,0.49881807525501376,0.27718359430052375
3000366,목상권366,CS100005,패스트푸드점,전통시장,목구16,11000366,목366동,가족 주거형,20.02404364008208,36.95625114053433,0.760612630858269,3.1313788415403083,12,859182547,38548,0.7588586642063823,0.6082295522025618,0.6986070194048541
3000367,목상권367,CS100006,제과점,관광특구,목구17,11000367,목367동,일반 주거·생활형,19.726586833699017,43.08017250790513,0.6335066358411859,4.668111028357782,182,991099228,4708,0.630284279010775,0.4159672015129613,0.5445574480116495
3000368,목상권368,CS100007,커피-음료,골목상권,목구18,11000368,목368동,발달상권형,40.53380218671632,20.452111543758992,0.5304115605907047,6.962891572610866,117,789857319,7385,0.5259981993868835,0.12886453942284737,0.3671447354012691
3000369,목상권369,CS100008,치킨전문점,발달상권,목구19,11000369,목369동,전통시장형,46.22562433599203,35.695712918532536,0.518700223648255,4.789059654472531,26,56505900,28378,0.5141515673929189,0.4008351782697589,0.4688250117436549
3000370,목상권370,CS100009,호프-간이주점,전통시장,목구20,11000370,목370동,관광특구형,24.250394419340335,59.250195033203845,0.29236159108023285,2.5733934072608813,68,689418790,16739,0.28519816102891027,0.6780397586688514,0.4423348000848867
3000371,목상권371,CS100010,반찬가게,관광특구,목구21,11000371,목371동,유입 집중형,10.398799092514292,40.617943793394645,0.39720821681423885,5.292808589369203,83,443588872,49346,0.39125602589808467,0.33781056330337733,0.3698778408602017
3000372,목상권372,CS100000,한식음식점,골목상권,목구22,11000372,목372동,청년 밀집형,5.588950092683654,20.982445647779716,0.21623044480186124,1.563843354549701,158,833217521,15746,0.20818751077859834,0.804345739592589,0.4466508023041946
3000373,목상권373,CS100001,중식음식점,발달상권,목구23,11000373,목373동,가족 주거형,33.63276184587518,56.602633723383676,0.07895238331731372,3.4152880174359392,18,471468631,44015,0.06932354646402576,0.572709345097975,0.27067786591760545
3000374,목상권374,CS100002,일식음식점,전통시장,목구24,11000374,목374동,일반 주거·생활형,29.40152623582024,37.9843468292552,0.5711118032969545,2.196455952970994,132,200341163,17759,0.5671686310613671,0.7251988418496446,0.6303807153766781
3000375,목상권375,CS100003,양식음식점,관광특구,목구0,11000375,목375동,발달상권형,40.36431642186675,38.20442569446118,0.6861885489573518,5.922266194407656,28,451863186,17246,0.6835747991701826,0.2590583904509496,0.5137682356824894
3000376,목상권376,CS100004,분식전문점,골목상권,목구1,11000376,목376동,전통시장형,45.36621262241033,47.26162886149627,0.2819271138224269,5.4710213799249825,48,897597960,29254,0.2746431396227238,0.31551415386448445,0.29099154531942806
3000377,목상권377,CS100005,패스트푸드점,발달상권,목구2,11000377,목377동,관광특구형,34.43157969569868,47.57146382127358,0.2980088404364786,0.46273178759110944,55,253555242,43109,0.2909106501520865,0.9421070880246782,0.5513892253011232
3000378,목상권378,CS100006,제과점,전통시장,목구3,11000378,목378동,유입 집중형,18.54964255829522,50.4859005667117,0.5789266958696762,3.7000928397421973,90,257020907,34600,0.5750738050680877,0.5370770826295642,0.5598751160926783
3000379,목상권379,CS100007,커피-음료,관광특구,목구4,11000379,목379동,청년 밀집형,34.45433724946069,57.13801198169748,0.10806199270184051,7.764187934499631,40,435174242,10115,0.09876944419211314,0.028613419899665704,0.07070703447513416
3000380,목상권380,CS100008,치킨전문점,골목상권,목구5,11000380,목380동,가족 주거형,1.7057484662930058,54.279403862368866,0.6127612528057207,7.297147574752925,100,640758268,20342,0.609299235236295,0.0870453823470585,0.4003976940806004
3000381,목상권381,CS100009,호프-간이주점,발달상권,목구6,11000381,목381동,일반 주거·생활형,32.063367205056934,21.7483254167908,0.26389169475963675,7.350299747784272,146,922829758,40602,0.2563993666407199,0.08039545217774846,0.18599780085553133
3000382,목상권382,CS100010,반찬가게,전통시장,목구7,11000382,목382동,발달상권형,38.76619922900015,55.418689520716605,0.10507121374702925,2.7205060771662577,62,472138273,32571,0.09574411430646033,0.6596343214854168,0.3213001971780429
3000383,목상권383,CS100000,한식음식점,관광특구,목구8,11000383,목383동,전통시장형,10.533250910803492,46.16374762612291,0.16989513973778686,2.647208940399657,198,971376848,32027,0.1613169177694836,0.6688046114906965,0.36431199525796876
3000384,목상권384,CS100001,중식음식점,골목상권,목구9,11000384,목384동,관광특구형,2.48901344336375,43.93495241305219,0.272671142207249,2.035903197362643,71,300707825,27792,0.2652802385286444,0.7452857837825013,0.4572824566301872
3000385,목상권385,CS100002,일식음식점,발달상권,목구10,11000385,목385동,유입 집중형,39.12257084992394,57.324137809689574,0.6417935327575344,5.514702665032882,25,477226827,40372,0.6386669101845106,0.3100491374953148,0.5072198011088322
3000386,목상권386,CS100003,양식음식점,전통시장,목구11,11000386,목386동,청년 밀집형,5.519329038178566,33.297514936555814,0.3880605394478092,5.015060295493447,116,752793508,12517,0.38200267012050404,0.37255997529504636,0.378225592190321
3000387,목상권387,CS100004,분식전문점,관광특구,목구12,11000387,목387동,가족 주거형,1.7584166782977593,46.301255933064944,0.41153839403738596,6.296445085078145,194,600613310,3415,0.40575175228740723,0.2122444343720299,0.3283488251212563
3000388,목상권388,CS100005,패스트푸드점,골목상권,목구13,11000388,목388동,일반 주거·생활형,48.61390801984952,51.954051413048695,0.6846793560928284,7.687206249158742,35,282928214,41077,0.6820481713768073,0.03824468806119108,0.4245267780505608
3000389,목상권389,CS100006,제과점,발달상권,목구14,11000389,목389동,발달상권형,37.85259327283586,33.47133246570017,0.4261829773649039,3.3048608630530474,59,610398052,14650,0.42056551695309746,0.586525014779227,0.4869493160835493
3000390,목상권390,CS100007,커피-음료,전통시장,목구15,11000390,목390동,전통시장형,36.67998086404677,34.76718899824177,0.7758572571008006,5.969936594233768,31,705690119,44481,0.7742794037742278,0.25309429130114103,0.565805358784993
3000391,목상권391,CS100008,치킨전문점,관광특구,목구16,11000391,목391동,관광특구형,36.53179653493765,57.822683084902465,0.24263186846355553,5.195884558334353,181,682075067,14784,0.2348939365072579,0.3499368415221372,0.2809110985132096
3000392,목상권392,CS100009,호프-간이주점,골목상권,목구17,11000392,목392동,유입 집중형,22.89049658013729,33.58127234585501,0.8928965799853695,5.264463448740782,37,189325179,40235,0.892670821752358,0.3413568568050015,0.6721452357734155
3000393,목상권393,CS100010,반찬가게,발달상권,목구18,11000393,목393동,청년 밀집형,40.55280503209129,25.897131004709088,0.029635740772581444,1.873051660840817,111,880189599,27830,0.019437174115905863,0.7656603288682928,0.31792643601686066
3000394,목상권394,CS100000,한식음식점,전통시장,목구19,11000394,목394동,가족 주거형,39.68032920594229,32.311901060836036,0.5334983298501037,4.9201111917541045,129,772393654,37120,0.5291206285037366,0.38443916806356815,0.4712480443276692
3000395,목상권395,CS100001,중식음식점,관광특구,목구20,11000395,목395동,일반 주거·생활형,13.682074790685148,48.04578919072073,0.41187661430386274,6.931929666194757,11,394501253,46153,0.4060938798386459,0.13273821953474807,0.29675161571708675
3000396,목상권396,CS100002,일식음식점,골목상권,목구21,11000000,목0동,발달상권형,5.166454809300744,45.54628979181495,0.2057313187016884,2.457324293705959,79,450030361,20020,0.19756709367522374,0.6925613004221627,0.39556477637399934
3000397,목상권397,CS100003,양식음식점,발달상권,목구22,11000001,목1동,전통시장형,35.1172115695171,49.36507005742163,0.65350715322083,6.9537720031285355,127,279370458,7384,0.6505158520796627,0.1300054993643328,0.4423117109935307
3000398,목상권398,CS100004,분식전문점,전통시장,목구23,11000002,목2동,관광특구형,21.82521492230278,33.63598265229709,0.6035831309030598,3.555162292769533,194,40902208,22368,0.6000150832124164,0.5552095118756782,0.5820928546777211
3000399,목상권399,CS100005,패스트푸드점,관광특구,목구24,11000003,목3동,유입 집중형,16.957626931765464,36.877627939516174,0.7318846402042378,2.6145540067957995,128,974621087,4909,0.7297987938536835,0.6728901082025813,0.7070353195932426
3000400,목상권400,CS100006,제과점,골목상권,목구0,11000004,목4동,청년 밀집형,46.47527897145325,22.719570862927135,0.8307879125197808,6.406758216460617,116,422615794,8984,0.8298446447995462,0.1984430302409378,0.5772839989761028
3000401,목상권401,CS100007,커피-음료,발달상권,목구1,11000005,목5동,가족 주거형,24.908196336840035,50.22681572083998,0.8855003401395731,7.431172625846667,70,104152891,9477,0.8851891369521666,0.07027735237044863,0.5592244231194794
3000402,목상권402,CS100008,치킨전문점,전통시장,목구2,11000006,목6동,일반 주거·생활형,34.33814921872113,30.10759736781025,0.34514859870737014,4.435552812160381,142,443065666,45575,0.33859498980211505,0.44506283034266014,0.3811821260183331
3000403,목상권403,CS100009,호프-간이주점,관광특구,목구3,11000007,목7동,발달상권형,40.77269609486566,32.779631032032576,0.6965667794613838,4.275958070216227,129,561248037,39977,0.6940729240327815,0.46502991407208283,0.6024557200485021
3000404,목상권404,CS100010,반찬가게,골목상권,목구4,11000008,목8동,전통시장형,38.311170748021226,25.39663744798141,0.4543432708446701,0.47108280370092004,58,147466098,4376,0.44905113181809403,0.9410622826892451,0.6458555921665544
3000405,목상권405,CS100000,한식음식점,발달상권,목구5,11000009,목9동,관광특구형,10.26291914568419,46.3720284349496,0.7226993451409963,4.786380691444385,65,437043438,4449,0.7205073858013898,0.40117034644910743,0.5927725700604769
3000406,목상권406,CS100001,중식음식점,전통시장,목구6,11000010,목10동,유입 집중형,45.97864960584918,32.93289255725374,0.2861458492008415,5.799321999120956,98,337193574,20328,0.2789106118808947,0.2744400816735528,0.27712239979795794
3000407,목상권407,CS100002,일식음식점,관광특구,목구7,11000011,목11동,청년 밀집형,14.395573466690209,32.65279263449372,0.07217965055203371,2.183246679226829,19,597554026,20751,0.06247257180092678,0.7268514694465293,0.3282241308591678
3000408,목상권408,CS100003,양식음식점,골목상권,목구8,11000012,목12동,가족 주거형,1.0663111870780577,35.56188612557993,0.7179597911965737,2.4851657682834363,20,227004013,21148,0.7157130782282211,0.6890780211657972,0.7050590554032515
3000409,목상권409,CS100004,분식전문점,발달상권,목구9,11000013,목13동,일반 주거·생활형,23.547918492750334,34.47868731122237,0.5790381833245193,5.595499834553832,69,515745963,48502,0.5751865804801487,0.2999405096716633,0.46508815215675453
3000410,목상권410,CS100005,패스트푸드점,전통시장,목구10,11000014,목14동,발달상권형,8.063465418440817,37.0158201327492,0.8157277996800659,3.144710512305413,24,344161701,20720,0.8146105502229484,0.6065616113720733,0.7313909746825984
3000411,목상권411,CS100006,제과점,관광특구,목구11,11000015,목15동,전통시장형,27.472331378403542,50.03979469492592,0.40242794522169645,1.783884449609407,139,757863731,35178,0.3965360551428635,0.7768161423423964,0.5486480900226767
3000412,목상권412,CS100007,커피-음료,골목상권,목구12,11000016,목16동,관광특구형,32.70029841519103,47.80956727421925,0.20460678103770136,4.301513843239159,6,335210138,48805,0.1964295648060543,0.4618326015948486,0.30259077952157204
3000413,목상권413,CS100008,치킨전문점,발달상권,목구13,11000017,목17동,유입 집중형,47.61220303535877,59.54597700197981,0.23585657255258097,0.31433857515168917,127,210032344,11186,0.2280403690877606,0.9606727353734658,0.5210933156020426
3000414,목상권414,CS100009,호프-간이주점,전통시장,목구14,11000018,목18동,청년 밀집형,13.842949272089083,41.260359208372385,0.05718843221418457,4.114490644782214,117,411518969,17258,0.04730816762893622,0.4852312914103375,0.22247741714149674
3000415,목상권415,CS100010,반찬가게,관광특구,목구15,11000019,목19동,가족 주거형,31.215645555639274,44.82388327503602,0.8351996146460033,3.452888041940768,14,474706623,5765,0.8343073130511025,0.568005162313689,0.7277864527561371
3000416,목상권416,CS100000,한식음식점,골목상권,목구16,11000020,목20동,일반 주거·생활형,9.923622649761954,56.132322968226255,0.05224474129336511,7.059666873030388,85,27540695,38383,0.04230736478988808,0.11675686906430383,0.07208716649965438
3000417,목상권417,CS100001,중식음식점,발달상권,목구17,11000021,목21동,발달상권형,24.197622116639323,27.011280956488825,0.09692793196182814,7.682024480488884,69,685786571,26132,0.08750675737560824,0.038892985164448834,0.06806124849114448
3000418,목상권418,CS100002,일식음식점,전통시장,목구18,11000022,목22동,전통시장형,34.94894584724412,25.922987353720572,0.8807070492482422,5.918354957419325,115,416306578,24743,0.8803404716367835,0.2595477298582525,0.6320233749253711
3000419,목상권419,CS100003,양식음식점,관광특구,목구19,11000023,목23동,관광특구형,6.478160725613149,25.688923337914215,0.6784318880184129,6.701876968582453,27,650248031,25375,0.6757285295173562,0.16152038002103652,0.4700452697188283
3000420,목상권420,CS100004,분식전문점,골목상권,목구20,11000024,목24동,유입 집중형,14.860958079347583,28.345772802130746,0.22766432387952468,5.936626098668533,21,441126899,39371,0.21975347957978597,0.25726180613225214,0.23475681020077244
3000421,목상권421,CS100005,패스트푸드점,발달상권,목구21,11000025,목25동,청년 밀집형,21.86963766584903,32.225763258313734,0.17967710151814023,2.453366729070961,109,538624886,6378,0.17121188552255318,0.6930564359352065,0.3799497056876145
3000422,목상권422,CS100006,제과점,전통시장,목구22,11000026,목26동,가족 주거형,18.654398011145034,48.60302696794916,0.6003676377967827,6.543726921180897,61,283053493,36130,0.5967624431682963,0.18130671633645223,0.43058015243555864
3000423,목상권423,CS100007,커피-음료,관광특구,목구23,11000027,목27동,일반 주거·생활형,2.999534771727291,23.753583454187435,0.4241040407648859,7.688831043785347,128,739165860,15027,0.41846256346792127,0.03804140811626733,0.26629410132725967
3000424,목상권424,CS100008,치킨전문점,골목상권,목구24,11000028,목28동,발달상권형,20.528996512610533,38.9748946377986,0.7199596099694904,0.8297477924409495,194,418646278,1899,0.7177359998787367,0.8961892889192462,0.7891173154949405
3000425,목상권425,CS100009,호프-간이주점,발달상권,목구0,11000029,목29동,전통시장형,10.742315638738294,30.75526683148454,0.3277819248366749,7.3119927525511175,82,224080208,49168,0.3210276876814153,0.08518808489186791,0.22669184656559635
3000426,목상권426,CS100010,반찬가게,전통시장,목구1,11000030,목30동,관광특구형,23.2642101613581,45.95309417291473,0.507935958564553,4.698428605291758,138,229438024,13340,0.503262948291723,0.4121741342117482,0.4668274226597331
3000427,목상권427,CS100000,한식음식점,관광특구,목구2,11000031,목31동,유입 집중형,49.07555078492906,40.12779748956192,0.030364565433910112,2.1848731508866965,23,169352052,8420,0.020174418513647572,0.7266479796860241,0.3027638429825982
3000428,목상권428,CS100001,중식음식점,골목상권,목구3,11000032,목32동,청년 밀집형,34.2122010698919,32.66814257438805,0.4534399477561945,7.126772513867212,184,447908950,6293,0.4481373731026366,0.10836120431380547,0.31222690558710414
3000429,목상권429,CS100002,일식음식점,발달상권,목구4,11000033,목33동,가족 주거형,11.659263096724255,47.871011364483834,0.8437101231526998,5.114332074828828,93,767622462,2454,0.8429161390848661,0.3601399675566215,0.6498056704735682
3000430,목상권430,CS100003,양식음식점,전통시장,목구5,11000034,목34동,일반 주거·생활형,43.77180220580351,20.70795497289496,0.57541113887523,6.030338517097107,54,587041557,37082,0.571517634652048,0.2455373365008855,0.44112551539158296
3000431,목상권431,CS100004,분식전문점,관광특구,목구6,11000035,목35동,발달상권형,37.264453354586216,35.519322169431156,0.3406158602403217,4.098264336951501,30,220116246,26501,0.334009886939147,0.4872613836497711,0.39531048562339666
3000432,목상권432,CS100005,패스트푸드점,골목상권,목구7,11000036,목36동,전통시장형,10.438373750247633,42.74958334572254,0.26560103937608653,2.8102487926454405,175,688356618,21109,0.2581284584362557,0.6484065060057211,0.4142396774640419
3000433,목상권433,CS100006,제과점,발달상권,목구8,11000037,목37동,관광특구형,32.0715391815051,35.31578009259758,0.4572804974916625,4.228563816130821,16,616189303,31386,0.45202229073366246,0.47095946430718993,0.4595971601630734
3000434,목상권434,CS100007,커피-음료,전통시장,목구9,11000038,목38동,유입 집중형,30.62059022644601,51.314196214715935,0.23621322439012976,1.5152411161652672,108,734094594,37328,0.22840114114053087,0.8104264221479012,0.461211253543479
3000435,목상권435,CS100008,치킨전문점,관광특구,목구10,11000039,목39동,청년 밀집형,18.910909761110844,27.91584360035833,0.10129311930236211,7.985654702128303,14,919079532,9539,0.09192237348008364,0.0009054550967045882,0.05551560612673202
3000436,목상권436,CS100009,호프-간이주점,골목상권,목구11,11000040,목40동,가족 주거형,41.87235934310421,52.71399176314718,0.6075657996906496,6.113715994076682,48,43801648,18923,0.6040437617238688,0.23510588341089744,0.45646861039868025
3000437,목상권437,CS100010,반찬가게,발달상권,목구12,11000041,목41동,일반 주거·생활형,5.830057805209753,43.28597437286926,0.8744429337808657,0.31867788479025094,152,238620080,49877,0.8740039900656037,0.9601298392991617,0.9084543297590268
3000438,목상권438,CS100000,한식음식점,전통시장,목구13,11000042,목42동,발달상권형,47.66932717243705,23.065830928060663,0.7861876511506882,5.045344002024522,30,350845720,25992,0.7847291395527342,0.3687711455593222,0.6183459419553694
3000439,목상권439,CS100001,중식음식점,관광특구,목구14,11000043,목43동,전통시장형,3.5311378306807777,39.43267074947954,0.21094536725733945,0.5896955999850872,43,163647833,25738,0.20284137745178973,0.9262224978320743,0.49219382560390357
3000440,목상권440,CS100002,일식음식점,골목상권,목구15,11000044,목44동,관광특구형,32.42906302249024,52.89347031991017,0.6915450567846053,3.8601919853654287,82,303194465,46178,0.6889931879770363,0.5170468923693694,0.6202146697339695
3000441,목상권441,CS100003,양식음식점,발달상권,목구16,11000045,목45동,유입 집중형,18.112621814823036,52.974425220216595,0.620758851502286,4.513198804774015,192,322227952,2524,0.6173892260767261,0.435348449925835,0.5445729156163697
3000442,목상권442,CS100004,분식전문점,전통시장,목구17,11000046,목46동,청년 밀집형,34.51471006856957,27.87615704591708,0.23409332996596657,0.6151805647951667,12,862986746,10531,0.2262567566665354,0.9230340442526807,0.5049676717009935
3000443,목상권443,CS100005,패스트푸드점,관광특구,목구18,11000047,목47동,가족 주거형,4.074997655724292,26.827422529996618,0.8235730835562576,0.6284793328812199,65,175088307,6183,0.822546466628235,0.921370219914625,0.8620759679427911
3000444,목상권444,CS100006,제과점,골목상권,목구19,11000048,목48동,일반 주거·생활형,36.379832879159885,40.76756585077839,0.14583687365235942,7.222599998229153,75,689755933,49184,0.13698071891127533,0.09637211632427534,0.12073727787647533
3000445,목상권445,CS100007,커피-음료,발달상권,목구20,11000049,목49동,발달상권형,16.466811052718057,31.105449807445787,0.5494743134435225,5.273561799912042,198,306055750,27332,0.5452811744177422,0.34021855151108515,0.46325612525507937
3000446,목상권446,CS100008,치킨전문점,전통시장,목구21,11000050,목50동,전통시장형,49.820168392012846,49.22044283240715,0.3067580412327156,1.01889252573688,185,451246262,21818,0.29976092596463105,0.8725251714132903,0.5288666241440948
3000447,목상권447,CS100009,호프-간이주점,관광특구,목구22,11000051,목51동,관광특구형,27.56578174023995,53.138810312961155,0.13040694476088868,2.965576767206401,24,251858435,38930,0.12137253598830501,0.6289732425046868,0.3244128185948577
3000448,목상권448,CS100010,반찬가게,골목상권,목구23,11000052,목52동,유입 집중형,38.15599958096398,37.34665063910953,0.29159432866855484,1.0243678109274406,154,155931729,14937,0.28442203482926137,0.8718401521168486,0.5193892817442963
3000449,목상권449,CS100000,한식음식점,발달상권,목구24,11000053,목53동,청년 밀집형,2.8683367449015327,43.82591164614301,0.5501855817292304,0.4032575841550097,57,142980909,41258,0.5460006596200863,0.9495479747687093,0.7074195856795356
3000450,목상권450,CS100001,중식음식점,전통시장,목구0,11000054,목54동,가족 주거형,28.888453544181463,39.29517382099374,0.40485675789665504,5.227150236350248,196,58464970,43638,0.3989929266413017,0.34602515619218455,0.37780581846165484
3000451,목상권451,CS100002,일식음식점,관광특구,목구1,11000055,목55동,일반 주거·생활형,7.590826628654954,26.568282634217503,0.2673114641299762,7.58396027316003,89,62278173,36731,0.2598586428475036,0.05116191216506305,0.17637995057452738
3000452,목상권452,CS100003,양식음식점,골목상권,목구2,11000056,목56동,발달상권형,3.9629877417227437,45.46052198314904,0.0372868218030067,6.7010157032131135,11,16846273,11400,0.027176644149844754,0.16162813393280928,0.08095724006303057
3000453,목상권453,CS100004,분식전문점,발달상권,목구3,11000057,목57동,전통시장형,29.252144126699864,26.250117417640126,0.04635521822931985,1.0014320450425185,98,912796858,11732,0.036349803095388974,0.8747096724546986,0.3716937508391128
3000454,목상권454,CS100005,패스트푸드점,전통시장,목구4,11000058,목58동,관광특구형,45.49918277333373,46.46475559902086,0.1389822709509742,5.608742884134382,116,709657389,28514,0.1300469285108123,0.2982836563406164,0.19734161964273395
3000455,목상권455,CS100006,제과점,관광특구,목구5,11000059,목59동,유입 집중형,30.66808997848167,27.064705262059945,0.7755545328294103,5.915062701244573,114,245145014,3774,0.7739731822850482,0.25995962785626403,0.5683677605135345
3000456,목상권456,CS100007,커피-음료,골목상권,목구6,11000060,목60동,청년 밀집형,22.522795599908385,56.78335739382749,0.879484163988081,0.592150737199324,125,678402017,25171,0.8791034590122503,0.9259153327605519,0.897828208511571
3000457,목상권457,CS100008,치킨전문점,발달상권,목구7,11000061,목61동,가족 주거형,26.4361028409749,40.44434585689019,0.3400648200018477,3.0278303640081328,89,622368785,42478,0.33345248081624684,0.6211846226250115,0.4485453375397527
3000458,목상권458,CS100009,호프-간이주점,전통시장,목구8,11000062,목62동,일반 주거·생활형,49.94664848288919,50.83227660536252,0.4265688794353889,6.027820497039987,74,359257230,18108,0.420955877151699,0.24585236891799656,0.35091447385821806
3000459,목상권459,CS100010,반찬가게,관광특구,목구9,11000063,목63동,발달상권형,19.584932003827568,23.52759155506567,0.3329899851248064,7.650156689078663,86,441765999,8924,0.3262959140110874,0.04288000160125793,0.2129295490471556
3000460,목상권460,CS100000,한식음식점,골목상권,목구10,11000064,목64동,전통시장형,7.40692112331405,20.018564840792475,0.7163447384604774,6.391101832727037,12,619652644,36232,0.7140793676186298,0.20040181861391426,0.5086083480167436
3000461,목상권461,CS100001,중식음식점,발달상권,목구11,11000065,목65동,관광특구형,9.78482631276007,31.168355702519847,0.23786679922819823,4.930339261213549,107,749335642,26108,0.23007381887812306,0.38315952240106543,0.29130810028730003
3000462,목상권462,CS100002,일식음식점,전통시장,목구12,11000066,목66동,유입 집중형,6.535894769050929,48.03330350374658,0.05682135950063831,7.448735053991897,76,215374610,32993,0.04693685431314848,0.06808009656492531,0.05539415121385921
3000463,목상권463,CS100003,양식음식점,관광특구,목구13,11000067,목67동,청년 밀집형,19.865997038643805,25.989810984638197,0.14617411985082981,0.09057075552792782,162,320620261,42043,0.13732186114160097,0.9886685874670231,0.47786055167176983
3000464,목상권464,CS100004,분식전문점,골목상권,목구14,11000068,목68동,가족 주거형,13.19897433925609,38.181342817712576,0.6273265618056804,3.5004355673645264,184,62013651,44059,0.6240328097588985,0.5620564361232281,0.5992422603046303
3000465,목상권465,CS100005,패스트푸드점,발달상권,목구15,11000069,목69동,일반 주거·생활형,21.43069268692282,49.07549411369942,0.6215311477000547,4.409637180931483,75,707005407,49738,0.6181704442152071,0.44830516509845875,0.5502243325685077
3000466,목상권466,CS100006,제과점,전통시장,목구16,11000070,목70동,발달상권형,42.83250948086392,38.3609228057167,0.8132010637424963,4.143300641577589,55,824273545,29531,0.8120546242048169,0.48162683921316585,0.6798835102081564
3000467,목상권467,CS100007,커피-음료,관광특구,목구17,11000071,목71동,전통시장형,12.251525005908169,33.459541092088585,0.29395219010929424,7.950857270040593,47,663824007,41091,0.28680713543036795,0.005259002285040837,0.1741878821722371
3000468,목상권468,CS100008,치킨전문점,골목상권,목구18,11000072,목72동,관광특구형,20.109243001808586,41.403243720520166,0.4658733385617464,2.877009429774736,69,879503865,16341,0.4607144004765673,0.6400540050702161,0.5324502423140269
3000469,목상권469,CS100009,호프-간이주점,발달상권,목구19,11000073,목73동,유입 집중형,48.590264672559215,53.48282736207357,0.7712088387509534,1.6592262290100743,193,323389547,44514,0.7695772846382795,0.7924122772648031,0.7787112816888889
3000470,목상권470,CS100010,반찬가게,전통시장,목구20,11000074,목74동,청년 밀집형,21.482136631756077,41.46273424092169,0.6792760440729857,0.7359733407515261,59,416237888,14194,0.676582437672603,0.9079215196040052,0.7691180704451639
3000471,목상권471,CS100000,한식음식점,관광특구,목구21,11000075,목75동,가족 주거형,25.153843674423253,20.666348321329195,0.4352436869464309,6.069918214021273,8,849227214,37619,0.42973090025169175,0.24058547459840163,0.3540727299903757
3000472,목상권472,CS100001,중식음식점,골목상권,목구22,11000076,목76동,일반 주거·생활형,11.582272327415822,36.38947489518043,0.18932067000133898,3.386824753015019,31,685698341,34667,0.18096686119189412,0.5762704172046242,0.3390882835969862
3000473,목상권473,CS100002,일식음식점,발달상권,목구23,11000077,목77동,발달상권형,12.768429540038735,49.34859104205904,0.8471839537143434,1.1000830442568734,173,680598678,26524,0.8464301010240886,0.8623673312390118,0.8528049931100579
3000474,목상권474,CS100003,양식음식점,전통시장,목구24,11000078,목78동,전통시장형,31.992677192889495,51.97554574332489,0.18794305625461613,7.316824662753732,178,911249069,4337,0.17957333258218452,0.08458355898823622,0.1415774231446052
3000475,목상권475,CS100004,분식전문점,관광특구,목구0,11000079,목79동,관광특구형,48.54769013674457,27.1236302966463,0.39633822555862824,0.8608106485084281,11,397001416,29258,0.3903759840810118,0.8923029788790859,0.5911467820002414
3000476,목상권476,CS100005,패스트푸드점,골목상권,목구1,11000080,목80동,유입 집중형,21.895538200998338,37.62659230940633,0.3822506069179429,2.6384332466554667,134,58046157,34635,0.37612561842868475,0.6699025487387502,0.4936363905527109
3000477,목상권477,CS100006,제과점,발달상권,목구2,11000081,목81동,청년 밀집형,39.65530031226059,40.336777380553656,0.8535572372620784,2.863673426523744,191,911969448,44844,0.8528770118383046,0.6417224879430515,0.7684152022802033
3000478,목상권478,CS100007,커피-음료,전통시장,목구3,11000082,목82동,가족 주거형,4.862781567502343,57.89969530479504,0.6445502519776656,4.035920943246393,150,458537080,41677,0.6414554763637663,0.4950612381244369,0.5828977810680346
3000479,목상권479,CS100008,치킨전문점,관광특구,목구4,11000083,목83동,일반 주거·생활형,1.4937845786943593,55.52937392696177,0.8515415340180447,1.7436590014797826,137,624906407,39932,0.8508380222115477,0.7818487949290261,0.8232423312985391
3000480,목상권480,CS100009,호프-간이주점,골목상권,목구5,11000084,목84동,발달상권형,14.269893740369364,59.18299381614063,0.01042054987305759,6.909748752510513,98,11852563,37122,0.0,0.1355132994360858,0.054205319774434324
3000481,목상권481,CS100010,반찬가게,발달상권,목구6,11000085,목85동,전통시장형,42.128503664401656,23.343398817830373,0.2940337733148123,5.942689800357589,191,416532856,32829,0.2868896611246939,0.256503169363517,0.2747350644202231
3000482,목상권482,CS100000,한식음식점,전통시장,목구7,11000086,목86동,관광특구형,21.56482607162412,21.58510681742015,0.15544224188178224,7.5148766195464916,52,57008703,45676,0.14669705301895822,0.059805048393941074,0.11194025116895136
3000483,목상권483,CS100001,중식음식점,관광특구,목구8,11000087,목87동,유입 집중형,48.28015138888518,59.98782408128429,0.14237007249089156,1.4537653713803262,144,260793617,36765,0.13347386757927293,0.8181177240573279,0.4073314101704949
3000484,목상권484,CS100002,일식음식점,골목상권,목구9,11000088,목88동,청년 밀집형,36.892670573649,40.96474865551434,0.8955093897960392,5.613376839044395,136,280374743,35365,0.8953138160107701,0.2977038968538096,0.6562698483479859
3000485,목상권485,CS100003,양식음식점,발달상권,목구10,11000089,목89동,가족 주거형,5.461558676874963,50.04337666269264,0.1564679812127622,0.4049608940253888,108,751699485,19015,0.1477346421888001,0.9493348716903454,0.46837473398941826
3000486,목상권486,CS100004,분식전문점,전통시장,목구11,11000090,목90동,일반 주거·생활형,33.20777397256788,21.731941299173954,0.7923153675343699,4.84103028578934,98,708973685,36010,0.7909276462917675,0.3943330721581628,0.6322898166383256
3000487,목상권487,CS100005,패스트푸드점,관광특구,목구12,11000091,목91동,발달상권형,17.63349705485011,55.2529898747312,0.17968256161966087,4.529354703429758,174,312292185,12307,0.17121740870181806,0.43332716666014837,0.2760613118851502
3000488,목상권488,CS100006,제과점,골목상권,목구13,11000092,목92동,전통시장형,15.177748819996024,28.461303291785313,0.29450513964035696,0.39961467152489494,138,383986316,30328,0.287366472902932,0.9500037438035684,0.5524213812631866
3000489,목상권489,CS100007,커피-음료,발달상권,목구14,11000093,목93동,관광특구형,12.040402149593739,34.40282481368807,0.12387630183010517,1.4798247508729592,185,154643577,34865,0.11476644789903215,0.8148574047891136,0.3948028306550648
3000490,목상권490,CS100008,치킨전문점,전통시장,목구15,11000094,목94동,유입 집중형,18.924737069567662,48.31510035458638,0.5353652598091847,2.975464769848739,105,135041080,20688,0.5310091261443068,0.6277361429970765,0.5696999328854147
3000491,목상권491,CS100009,호프-간이주점,관광특구,목구16,11000095,목95동,청년 밀집형,33.186536788134354,37.879461992837186,0.24555158447721673,4.318122580287855,25,670096922,48677,0.23784738249815554,0.4597546631912932,0.3266102947754106
3000492,목상권492,CS100010,반찬가게,골목상권,목구17,11000096,목96동,가족 주거형,31.004195407057914,46.86396414940209,0.47922864677825716,5.532006691698017,163,775311624,9289,0.47422399569908164,0.30788421059941606,0.4076880816592154
3000493,목상권493,CS100000,한식음식점,발달상권,목구18,11000097,목97동,일반 주거·생활형,35.05040228198,59.05008486944955,0.7649759804302038,7.4596601733970385,21,265037950,30893,0.7632724213114631,0.06671324217323915,0.4846487496561735
3000494,목상권494,CS100001,중식음식점,전통시장,목구19,11000098,목98동,발달상권형,39.91387967736051,57.28386582090012,0.30827498616840054,0.16484221811564836,147,455043231,1651,0.3012953953848584,0.9793763984253901,0.5725277966010711
3000495,목상권495,CS100002,일식음식점,관광특구,목구20,11000099,목99동,전통시장형,21.021186804528803,41.18431661671546,0.32611842493707666,1.7052045268326008,140,568569489,30938,0.3193449702231628,0.7866598789641125,0.5062709337195427
3000496,목상권496,CS100003,양식음식점,골목상권,목구21,11000100,목100동,관광특구형,14.791658540215224,54.14043682581557,0.20263604633103766,4.569336920277359,77,311500826,12155,0.1944360632150485,0.42832494502202356,0.2879916159378385
3000497,목상권497,CS100004,분식전문점,발달상권,목구22,11000101,목101동,유입 집중형,2.8608515381462944,50.6803308911369,0.7576043961474115,0.8861536365464966,94,108019607,13379,0.7558156769073127,0.8891322881787185,0.809142321415875
3000498,목상권498,CS100005,패스트푸드점,전통시장,목구23,11000102,목102동,청년 밀집형,37.536964247057654,23.69915392802831,0.8890963435728104,2.7977346532226655,74,476410561,11213,0.8888266831633239,0.6499721645394068,0.7932848757137569
3000499,목상권499,CS100006,제과점,관광특구,목구24,11000103,목103동,가족 주거형,8.92934889016366,32.96964294801164,0.15141566619039998,0.3675467675845798,100,707398700,13942,0.14262396036983913,0.9540157965516936,0.46718069484258096
3000500,목상권500,CS100007,커피-음료,골목상권,목구0,11000104,목104동,일반 주거·생활형,5.633278568400337,46.378492829948364,0.2132628921370809,4.56109975019785,174,166857764,20752,0.20518567550435785,0.4293555069482342,0.2948536080819084
3000501,목상권501,CS100008,치킨전문점,발달상권,목구1,11000105,목105동,발달상권형,35.515882095449534,24.69914883719256,0.7144147361005792,4.8370053277854295,136,599093369,31198,0.7121270689342394,0.3948366393339512,0.5852108970941241
3000502,목상권502,CS100009,호프-간이주점,전통시장,목구2,11000106,목106동,전통시장형,46.082654624299956,52.79630075687286,0.8842732845306811,5.278488300512337,52,350548219,34191,0.8839479058010088,0.3396021912928171,0.6662096199977321
3000503,목상권503,CS100010,반찬가게,관광특구,목구3,11000107,목107동,관광특구형,14.74433879517634,29.60724924882551,0.17203507200015972,4.490702572671417,173,17182190,37834,0.1634815715685263,0.4381629796811215,0.2733541348135644
3000504,목상권504,CS100000,한식음식점,골목상권,목구4,11000108,목108동,유입 집중형,11.411228465140734,38.4015112182577,0.5186487828453562,6.316801543026468,127,752547414,32478,0.5140995323208849,0.20969761424915356,0.39233876509219234
3000505,목상권505,CS100001,중식음식점,발달상권,목구5,11000109,목109동,청년 밀집형,12.390903125380897,44.26059798577569,0.5999510595773545,7.456843857787073,46,134930783,40513,0.5963410524349823,0.06706559469380247,0.3846308693385103
3000506,목상권506,CS100002,일식음식점,전통시장,목구6,11000110,목110동,가족 주거형,34.369275969321436,44.57160074336048,0.7247590336100714,7.522116525240507,167,568483368,36999,0.7225908687918674,0.05889925537454377,0.45711422342493796
3000507,목상권507,CS100003,양식음식점,관광특구,목구7,11000111,목111동,일반 주거·생활형,29.89858063295431,36.043198017075454,0.6419020170137741,2.495007957625255,190,99770134,23069,0.6387766477035596,0.6878466534134831,0.6584046499875289
3000508,목상권508,CS100004,분식전문점,골목상권,목구8,11000112,목112동,발달상권형,12.017996281715298,26.39759018096096,0.53670939112758,4.95602873977871,161,527354052,17997,0.5323687855204174,0.37994548186798016,0.47139946405944255
3000509,목상권509,CS100005,패스트푸드점,발달상권,목구9,11000113,목113동,전통시장형,22.687298416820255,38.11320550848219,0.08271952681971385,3.844918339775206,37,975044927,9827,0.07313420983753247,0.5189577959282111,0.25146364427380397
3000510,목상권510,CS100006,제과점,전통시장,목구10,11000114,목114동,관광특구형,37.71979973773929,52.83545228032708,0.543365602650129,7.00577267385088,124,582506510,45695,0.5391018928308053,0.1234996349877826,0.3728609896935962
3000511,목상권511,CS100007,커피-음료,관광특구,목구11,11000115,목115동,유입 집중형,31.577025580047234,59.327616342053105,0.40710583277343326,0.4430848084410002,35,92235251,15901,0.40126798392323226,0.9445651444301815,0.618586848126012
3000512,목상권512,CS100008,치킨전문점,골목상권,목구12,11000116,목116동,청년 밀집형,30.221912411264764,49.99788153592592,0.7346153153766241,0.34024184461086726,101,857207022,41086,0.7325610151117075,0.9574319472130501,0.8225093879522445
3000513,목상권513,CS100009,호프-간이주점,발달상권,목구13,11000117,목117동,가족 주거형,47.54322676576895,33.569678036228,0.4052883566178481,4.438455128847664,104,110418192,39832,0.39942951140051114,0.4446997181273181,0.4175375940912339
3000514,목상권514,CS100010,반찬가게,전통시장,목구14,11000118,목118동,일반 주거·생활형,15.278643002040083,35.85515753683505,0.13117123233977088,1.7755421473023478,32,845686506,29461,0.12214565298844501,0.7778598574838357,0.3844313347866013
3000515,목상권515,CS100000,한식음식점,관광특구,목구15,11000119,목119동,발달상권형,13.04347144775546,53.49092805636659,0.3533032650790412,6.94615360322942,124,972408645,19990,0.34684386283970847,0.1309586462338148,0.260489776197351
3000516,목상권516,CS100001,중식음식점,골목상권,목구16,11000120,목120동,전통시장형,49.582758240101406,55.32757196024518,0.8645312422441187,5.333252606346999,197,974744406,5242,0.8639777938549964,0.33275056531401737,0.6514869024386047
3000517,목상권517,CS100002,일식음식점,발달상권,목구17,11000121,목121동,관광특구형,45.73472777596714,38.568571485717904,0.7601223613687793,4.887491227852131,137,726201427,20595,0.7583627308856696,0.3885202896753902,0.6104257544015579
3000518,목상권518,CS100003,양식음식점,전통시장,목구18,11000122,목122동,유입 집중형,5.316137134204068,23.405545234511116,0.311877513086043,4.017021868972095,75,580509412,11120,0.30493954044288063,0.49742572328131973,0.3819340135782563
3000519,목상권519,CS100004,분식전문점,관광특구,목구19,11000123,목123동,청년 밀집형,9.278777333588918,39.48116713077848,0.36378850608814256,4.557036815676547,113,933006488,15734,0.3574502344446968,0.4298638254102698,0.386415670830926
3000520,목상권520,CS100005,패스트푸드점,골목상권,목구20,11000124,목124동,가족 주거형,10.572140878595624,54.354114761712005,0.3377439931735753,3.6811566599120713,101,761911223,36768,0.3311048426694349,0.5394462101056802,0.414441389643933
3000521,목상권521,CS100006,제과점,발달상권,목구21,11000125,목125동,일반 주거·생활형,1.9697396342511853,26.843666138612477,0.3629516790607993,7.8676791232989265,172,303452258,15614,0.3566037399851611,0.015665516937197754,0.22022845076597575
3000522,목상권522,CS100007,커피-음료,전통시장,목구22,11000126,목126동,발달상권형,32.87075557833972,26.170457812980217,0.8762811224445568,2.747722884039713,169,981322950,16404,0.8758634143773826,0.6562291951318182,0.7880097266791568
3000523,목상권523,CS100008,치킨전문점,관광특구,목구23,11000127,목127동,전통시장형,35.00913784357714,31.64305342054925,0.6503968181758539,7.4281380289740415,168,146994941,22597,0.6473695849338338,0.07065701431358429,0.41668455668573395
3000524,목상권524,CS100009,호프-간이주점,골목상권,목구24,11000128,목128동,관광특구형,40.68936138324978,33.932807756575585,0.782312664596277,5.6793231902159125,79,464905986,3650,0.7808093872719098,0.2894532721812727,0.5842669412356549
3000525,목상권525,CS100010,반찬가게,발달상권,목구0,11000129,목129동,유입 집중형,30.185832599657488,25.34352960427533,0.758023605601541,5.6031963793103365,15,661289124,30908,0.7562397292726291,0.29897758600821234,0.5733348719668623
3000526,목상권526,CS100000,한식음식점,전통시장,목구1,11000130,목130동,청년 밀집형,28.16627495298089,24.362886515170775,0.5167238397973013,3.388872990544278,190,172033455,33365,0.512152351395965,0.5760141598258018,0.5376970747678997
3000527,목상권527,CS100001,중식음식점,관광특구,목구2,11000131,목131동,가족 주거형,5.045171250925268,56.22117268656376,0.3427768000737877,3.731743048369297,135,660088831,40104,0.33619579099894564,0.5331172882277403,0.41496438989046347
3000528,목상권528,CS100002,일식음식점,골목상권,목구3,11000132,목132동,일반 주거·생활형,44.68265230478337,28.663013151306117,0.5610218457186619,5.471900912355328,46,22474421,34431,0.5569621093933342,0.3154041145394697,0.4603389114517884
3000529,목상권529,CS100003,양식음식점,발달상권,목구4,11000133,목133동,발달상권형,40.150513744041056,36.98851326003809,0.27451084046815377,6.636209880216969,10,490081668,14134,0.2671411898772371,0.16973606579920475,0.22817914024602418
3000530,목상권530,CS100004,분식전문점,전통시장,목구5,11000134,목134동,전통시장형,1.4227379733878065,20.943618077457806,0.3952418949433954,2.3637763857836607,192,356805183,29729,0.38926698812212146,0.7042651879528088,0.5152662680543963
3000531,목상권531,CS100005,패스트푸드점,관광특구,목구6,11000135,목135동,관광특구형,40.18902911676468,53.64240204838312,0.7456471042097338,3.0869545760677513,192,319040630,31815,0.7437202485265767,0.6137875237090357,0.6917471585995603
3000532,목상권532,CS100006,제과점,골목상권,목구7,11000136,목136동,유입 집중형,26.828311874379693,41.861792853992675,0.3104127741756228,2.901485570225475,126,131170391,44874,0.3034578801572737,0.6369917666794047,0.4368714347661261
3000533,목상권533,CS100007,커피-음료,발달상권,목구8,11000137,목137동,청년 밀집형,24.800262283207243,50.670455144799,0.7167443076181793,4.5598310023701245,11,419584529,23857,0.7144835527932767,0.4295142414641657,0.6004958282616323
3000534,목상권534,CS100008,치킨전문점,전통시장,목구9,11000138,목138동,가족 주거형,13.122833244158766,36.09959829125038,0.11426724526614686,1.7758496649958149,162,192172689,14721,0.1050463828473821,0.7778213835876475,0.37415638314348826
3000535,목상권535,CS100009,호프-간이주점,관광특구,목구10,11000139,목139동,일반 주거·생활형,45.04530614774223,51.10261013978501,0.48858940900358977,6.861198803856643,45,420910820,49903,0.48369289799533166,0.1415874399624084,0.34685071478216234
3000536,목상권536,CS100010,반찬가게,골목상권,목구11,11000140,목140동,발달상권형,24.416157622996934,58.26229506849594,0.21730224867794432,5.98900088028956,85,370265990,5455,0.20927169665353784,0.25070913630617964,0.22584667251459456
3000537,목상권537,CS100000,한식음식점,발달상권,목구12,11000141,목141동,전통시장형,48.64818521168012,40.28254554354077,0.05853029233816838,4.2313371676508496,17,95015797,3759,0.048665529572694516,0.47061248707387415,0.21744431257316638
3000538,목상권538,CS100001,중식음식점,전통시장,목구13,11000142,목142동,관광특구형,8.681011625716742,48.581233312229664,0.599340640079824,0.6103677079488277,133,415509290,27177,0.5957235810749898,0.923636186368755,0.7268886231924958
3000539,목상권539,CS100002,일식음식점,관광특구,목구14,11000143,목143동,유입 집중형,25.039291522704886,46.42993787238951,0.8878056992273462,4.387798709057401,63,551903443,43561,0.8875211286676297,0.45103740170676143,0.7129276378832824
3000540,목상권540,CS100003,양식음식점,골목상권,목구15,11000144,목144동,청년 밀집형,43.260900590875835,58.729425998559826,0.22690818903380408,5.407026533928347,172,177620479,4985,0.2189886094971401,0.3235206234555281,0.2608014150804953
3000541,목상권541,CS100004,분식전문점,발달상권,목구16,11000145,목145동,가족 주거형,35.514792684148084,24.34083694269994,0.05736382209330613,1.5516567998660022,154,781493226,28298,0.047485583697112664,0.805870413618678,0.3508395156657388
3000542,목상권542,CS100005,패스트푸드점,전통시장,목구17,11000146,목146동,일반 주거·생활형,13.064424636656312,36.273435337661184,0.5443140975678744,6.5068799387574,169,148139446,29632,0.5400613452224402,0.18591668515036197,0.3984034811936089
3000543,목상권543,CS100006,제과점,관광특구,목구18,11000147,목147동,발달상권형,35.468021080306244,59.1871964975198,0.5784176138713472,0.6716825935552659,140,269223267,14866,0.5745588419072981,0.9159650097381857,0.7111213090396531
3000544,목상권544,CS100007,커피-음료,골목상권,목구19,11000148,목148동,전통시장형,19.98543798965258,24.076548106295007,0.8846357399088446,1.2642842817007391,130,127628308,38743,0.8843145484397131,0.8418239235015329,0.867318298464441
3000545,목상권545,CS100008,치킨전문점,발달상권,목구20,11000149,목149동,관광특구형,20.72984273348842,27.01600547601626,0.5244185891116843,6.719336381298809,82,795976181,1003,0.5199359941910837,0.15933601259559826,0.3756960015528895
3000546,목상권546,CS100009,호프-간이주점,전통시장,목구21,11000150,목150동,유입 집중형,36.77790064058138,38.92078330468348,0.692808341027432,7.880523227659628,12,386318387,32590,0.6902710662929011,0.014058576106469656,0.41978607021832853
3000547,목상권547,CS100010,반찬가게,관광특구,목구22,11000151,목151동,청년 밀집형,1.5523723202136153,57.406967286255586,0.7586548010636014,1.4547594620568924,163,740063383,33482,0.7568782166111827,0.8179933522169286,0.7813242708534811
3000548,목상권548,CS100000,한식음식점,골목상권,목구23,11000152,목152동,가족 주거형,26.15291499886963,34.88683286441902,0.49311993382937375,1.740562288399139,114,396994406,28333,0.4882757616439764,0.7822362283031711,0.6058599483076543
3000549,목상권549,CS100001,중식음식점,발달상권,목구24,11000153,목153동,일반 주거·생활형,47.45194365450968,49.91884184221641,0.01110599703778281,3.2973459502264655,46,578466634,16217,0.000693365783232903,0.5874652142607374,0.2354021051742347
3000550,목상권550,CS100002,일식음식점,전통시장,목구0,11000154,목154동,발달상권형,6.574424085406189,20.192511768487797,0.3768870146149072,1.989220696564435,171,860580978,16432,0.37070006330274424,0.7511262857362738,0.5228705522761561
3000551,목상권551,CS100003,양식음식점,관광특구,목구1,11000155,목155동,전통시장형,15.253289595997922,27.08594428433708,0.58844924566398,7.224790653264065,64,470980237,47135,0.5847063639818716,0.09609804092572827,0.38926303475941426
3000552,목상권552,CS100004,분식전문점,골목상권,목구2,11000156,목156동,관광특구형,7.647489914483732,39.87404926014103,0.6230097267716264,5.733786342722264,30,945741126,31984,0.619666104550228,0.28263932384553636,0.4848553922683513
3000553,목상권553,CS100005,패스트푸드점,발달상권,목구3,11000157,목157동,유입 집중형,45.53531910829135,55.811507620160775,0.7355402864962758,6.894115966053261,12,987908544,14872,0.7334966719469096,0.1374691355263835,0.49508565737869914
3000554,목상권554,CS100006,제과점,전통시장,목구4,11000158,목158동,청년 밀집형,40.94519680091976,48.13000235536453,0.8622829360814398,1.8926474509754305,106,387220484,45911,0.8617035141677237,0.763208676780037,0.822305579212649
3000555,목상권555,CS100007,커피-음료,관광특구,목구5,11000159,목159동,가족 주거형,34.993908082119276,56.5910718364865,0.44846329419764047,6.593503988937753,85,685208219,18466,0.4431032268254558,0.17507904951235298,0.3358935559002147
3000556,목상권556,CS100008,치킨전문점,골목상권,목구6,11000160,목160동,일반 주거·생활형,31.498874320696128,33.79117165435989,0.09446257359764966,2.3273866265290275,13,843882343,18522,0.08501291799440129,0.7088179530444372,0.33453493201441564
3000557,목상권557,CS100009,호프-간이주점,발달상권,목구7,11000161,목161동,발달상권형,28.324456563984153,37.36755356863209,0.29921409956398815,1.1073241881275706,102,906528312,17463,0.29212983301832435,0.8614613833098902,0.5198624531349507
3000558,목상권558,CS100010,반찬가게,전통시장,목구8,11000162,목162동,전통시장형,25.64970084603252,32.12766817435005,0.7373816388726404,3.650904806669696,158,56366268,40330,0.7353592965201072,0.5432310546394186,0.6585079997678318
3000559,목상권559,CS100000,한식음식점,관광특구,목구9,11000163,목163동,관광특구형,46.84578170469464,21.43904182508966,0.36198912865621763,3.2873461032300284,132,289061087,11803,0.3556300697308805,0.5887163067455332,0.4488645645367416
3000560,목상권560,CS100001,중식음식점,골목상권,목구10,11000164,목164동,유입 집중형,27.75623657306211,44.06284495868594,0.2275021948094812,2.4846307866732094,138,855044557,28528,0.21958947751599367,0.6891449533370892,0.40741166784443195
3000561,목상권561,CS100002,일식음식점,발달상권,목구11,11000165,목165동,청년 밀집형,39.7057116159148,23.208399717074577,0.5564810800336294,6.298940597053354,49,416829995,47910,0.5523688865780618,0.2119322179672174,0.41619421913372406
3000562,목상권562,CS100003,양식음식점,전통시장,목구12,11000166,목166동,가족 주거형,19.422565905974054,39.19848853523536,0.5547638218092198,5.364922379005914,136,866572203,46872,0.5506317897527241,0.32878832323342555,0.4618944031450047
3000563,목상권563,CS100004,분식전문점,관광특구,목구13,11000167,목167동,일반 주거·생활형,19.690610964572485,35.532751955667294,0.08674280170606931,7.26466946830818,182,596476930,49665,0.07720396354912219,0.09110875600746549,0.08276588053245951
3000564,목상권564,CS100005,패스트푸드점,골목상권,목구14,11000168,목168동,발달상권형,23.974046086854717,33.590744887279,0.08343547144723401,6.591509956306553,165,290520127,14506,0.07385842540506042,0.17532852525335396,0.11444646534437784
3000565,목상권565,CS100006,제과점,발달상권,목구15,11000169,목169동,전통시장형,41.60910894469108,39.137384403778995,0.5414128236040283,6.734681470511153,134,870349465,2042,0.5371265543328728,0.15741617064212376,0.38524240085657324
3000566,목상권566,CS100007,커피-음료,전통시장,목구16,11000170,목170동,관광특구형,12.771266689061296,25.084466889510487,0.09807671966039,1.6200653071867626,141,147367375,45943,0.08866881642752798,0.7973117457274989,0.37212598814751635
3000567,목상권567,CS100008,치킨전문점,관광특구,목구17,11000171,목171동,유입 집중형,3.127293882724225,54.198607636876496,0.23024121835209901,7.2796277154545335,62,801900532,43417,0.22236014358867615,0.08923731231465792,0.16911101107906887
3000568,목상권568,CS100009,호프-간이주점,골목상권,목구18,11000172,목172동,청년 밀집형,38.80044630537767,54.9641546019422,0.05718013316369326,1.320525751390857,99,542706871,47090,0.04729977270378353,0.8347874878352418,0.36229485875636686
3000569,목상권569,CS100010,반찬가게,발달상권,목구19,11000173,목173동,가족 주거형,39.21941040001691,32.514493179373325,0.3077718164992264,3.329329448199891,141,471029840,32410,0.30078641285532115,0.5834637216412708,0.413857336369701
3000570,목상권570,CS100000,한식음식점,전통시장,목구20,11000174,목174동,일반 주거·생활형,48.229806262648005,44.91787544762834,0.7692340871527282,0.5177642481175146,84,263600690,46422,0.7675797197506302,0.9352219129006044,0.83463659701062
3000571,목상권571,CS100001,중식음식점,관광특구,목구21,11000175,목175동,발달상권형,6.891566644069568,22.41790342398746,0.14862101136658346,2.8219325918806684,12,174671748,29370,0.13979702033638236,0.6469447322983568,0.3426561051211721
3000572,목상권572,CS100002,일식음식점,골목상권,목구22,11000176,목176동,전통시장형,11.630862330372334,26.6552613685251,0.14314442510733086,2.2806810265803534,69,490311590,294,0.1342571658931716,0.7146613449597825,0.36641883751981597
3000573,목상권573,CS100003,양식음식점,발달상권,목구23,11000177,목177동,관광특구형,28.06891957999615,44.17788041969417,0.46131681691414234,0.7876247513993526,165,892485804,35431,0.45610523967819244,0.9014593515614715,0.6342468844315041
3000574,목상권574,CS100004,분식전문점,전통시장,목구24,11000178,목178동,유입 집중형,7.567487727025149,31.0560295331838,0.5613954390137645,6.391497312967946,66,612509486,25752,0.5573400186196029,0.2003523396211393,0.41454494702021744
3000575,목상권575,CS100005,패스트푸드점,관광특구,목구0,11000179,목179동,청년 밀집형,20.694649013948766,28.806972937909997,0.8481907337413046,5.05624614871612,7,471302934,37278,0.8474485118628249,0.3674071653105383,0.6554319732419103
3000576,목상권576,CS100006,제과점,골목상권,목구1,11000180,목180동,가족 주거형,35.07280725251932,41.1716689071686,0.6733575352085952,1.2021578880926844,185,911802907,17996,0.6705955553197172,0.849596628841745,0.7421959847285282
3000577,목상권577,CS100007,커피-음료,발달상권,목구2,11000181,목181동,일반 주거·생활형,9.453847695405221,42.15886386134468,0.8631363749075394,5.0306500114511925,163,343679278,39330,0.8625668123335818,0.370609527805021,0.6657838985221574
3000578,목상권578,CS100008,치킨전문점,전통시장,목구3,11000182,목182동,발달상권형,6.718158094504338,50.2708836627489,0.6167986086027719,2.9837801515471396,190,400378962,29529,0.6133832325280988,0.6266957959242878,0.6187082578865744
3000579,목상권579,CS100009,호프-간이주점,관광특구,목구4,11000183,목183동,전통시장형,25.82031835415989,42.157262022924876,0.11632483693050331,4.386133609987774,75,51229718,1543,0.10712774480983464,0.4512457241874147,0.24477493656086668
3000580,목상권580,CS100010,반찬가게,골목상권,목구5,11000184,목184동,관광특구형,3.90534502207941,31.954646615271166,0.6270796950010259,6.845894628311779,189,785802706,35257,0.6237830910290354,0.14350216315937325,0.43167071988117056
3000581,목상권581,CS100000,한식음식점,발달상권,목구6,11000185,목185동,유입 집중형,35.71863313782115,42.75624140923968,0.8519131236762342,7.1980640924035075,84,512924080,4583,0.8512139046539168,0.09944183203063195,0.5505050756046028
3000582,목상권582,CS100001,중식음식점,전통시장,목구7,11000186,목186동,청년 밀집형,45.929005122079154,58.336701285798156,0.22871308894479025,6.888546313037003,31,734149962,41004,0.2208143604883775,0.13816596129122205,0.18775500080951532
3000583,목상권583,CS100002,일식음식점,관광특구,목구8,11000187,목187동,가족 주거형,12.732521518916462,29.50378188598821,0.7082861351879267,2.343901739923891,76,836248936,8771,0.7059276674477271,0.7067517280050712,0.7062572916706648
3000584,목상권584,CS100003,양식음식점,골목상권,목구9,11000188,목188동,일반 주거·생활형,29.687601294673353,53.372739428128774,0.5630747808919626,5.31660897248661,149,807191426,12867,0.5590387610706851,0.3348328696982592,0.4693564045217147
3000585,목상권585,CS100004,분식전문점,발달상권,목구10,11000189,목189동,발달상권형,15.859859362175753,40.64564532393753,0.10519470538606038,2.007131342682083,23,762061135,42457,0.09586903258087445,0.7488854639753397,0.3570756051386606
3000586,목상권586,CS100005,패스트푸드점,전통시장,목구11,11000190,목190동,전통시장형,4.089038043675135,55.45942396443597,0.29045242151276857,4.406770712462619,159,50624561,16984,0.28326693580748863,0.44866379230151276,0.3494256784050983
3000587,목상권587,CS100006,제과점,관광특구,목구12,11000191,목191동,관광특구형,38.22748055665412,51.487927238157596,0.48393510928867733,6.088350290495964,47,140975508,12004,0.47898482954993277,0.23827941607921777,0.3827026641616467
3000588,목상권588,CS100007,커피-음료,골목상권,목구13,11000192,목192동,유입 집중형,8.854442734926604,23.180267806701643,0.047671292740495794,7.818918278757807,127,915752159,48978,0.03768108153841847,0.021766042893188065,0.031315066080326304
3000589,목상권589,CS100008,치킨전문점,발달상권,목구14,11000193,목193동,청년 밀집형,39.1199955117596,38.66099217997135,0.32492158655323294,3.12257563637281,132,790797861,23698,0.31813430538111087,0.609330931436774,0.4346129558033761
3000590,목상권590,CS100009,호프-간이주점,전통시장,목구15,11000194,목194동,가족 주거형,13.70944502259589,44.119178451584375,0.6875272580850356,5.974153982274504,72,397139787,40614,0.6849289737158014,0.25256664897970227,0.5119840438213618
3000591,목상권591,CS100010,반찬가게,관광특구,목구16,11000195,목195동,일반 주거·생활형,20.95487425344281,42.391332624052524,0.5119015596676112,4.845491317467855,76,466487897,42520,0.5072743619444638,0.39377494729791096,0.4618745960858427
3000592,목상권592,CS100000,한식음식점,골목상권,목구17,11000196,목196동,발달상권형,48.48994561933054,35.72908592504902,0.06653039783654592,5.860796934373347,136,302193432,16209,0.05675805617472964,0.2667488810456846,0.14075438612311164
3000593,목상권593,CS100001,중식음식점,발달상권,목구18,11000197,목197동,전통시장형,28.841037730870095,39.66610150711084,0.7111698784714883,6.114021501276484,178,804457524,737,0.7088447251340783,0.2350676610499095,0.5193338995004108
3000594,목상권594,CS100002,일식음식점,전통시장,목구19,11000198,목198동,관광특구형,15.90120158923662,43.66029490905756,0.02773088613838439,7.914577250940585,100,251398444,21353,0.01751031367595594,0.00979803765832643,0.014425403268904135
3000595,목상권595,CS100003,양식음식점,관광특구,목구20,11000199,목199동,유입 집중형,36.3980356390836,55.07980685134408,0.18490675248579722,3.7823693743527915,11,227049385,40489,0.1765019519577653,0.5267833697194526,0.31661451906244026
3000596,목상권596,CS100004,분식전문점,골목상권,목구21,11000200,목200동,청년 밀집형,49.91191616351733,22.22181906150937,0.06689339287934865,7.934091144457842,70,53185809,26885,0.05712524471254126,0.007356631751091469,0.037217799527961344
3000597,목상권597,CS100005,패스트푸드점,발달상권,목구22,11000201,목201동,가족 주거형,48.45773828959144,51.50758717571803,0.8009016073366338,5.610962075697603,134,799434806,2094,0.7996130785058009,0.2980060107038325,0.5989702513850135
3000598,목상권598,CS100006,제과점,전통시장,목구23,11000202,목202동,일반 주거·생활형,24.614891743265648,33.553838611414605,0.3226937441277208,5.931443928475322,6,421049707,39923,0.3158807258380341,0.25791015347056334,0.2926924968910458
3000599,목상권599,CS100007,커피-음료,관광특구,목구24,11000203,목203동,발달상권형,9.02180609246009,46.23825030113784,0.3431533793077884,1.4644732729929197,91,45992006,9381,0.3365767206591286,0.8167780460362318,0.5286572508099698
3000600,목상권600,CS100008,치킨전문점,골목상권,목구0,11000204,목204동,전통시장형,16.338640293020312,46.20690198729019,0.2825468129855094,1.4569395776924416,49,791239673,28285,0.275269997851471,0.8177205954148902,0.49225023687683866
3000601,목상권601,CS100009,호프-간이주점,발달상권,목구1,11000205,목205동,관광특구형,1.377019929613008,25.871271592488696,0.33253267253023217,6.118697524216235,198,802650703,18213,0.32583331831934453,0.23448263838298866,0.2892930463448022
3000602,목상권602,CS100010,반찬가게,전통시장,목구2,11000206,목206동,유입 집중형,34.465502262193965,52.93012197464524,0.20862141725208336,1.4757480834075176,138,720910496,48867,0.2004905800475369,0.815367441395758,0.44644132458682534
3000603,목상권603,CS100000,한식음식점,관광특구,목구3,11000207,목207동,청년 밀집형,21.70550737808469,39.54343834198724,0.21420671822001344,3.070079268905756,117,924970693,27982,0.20614040512453288,0.6158988130094136,0.3700437682784852
3000604,목상권604,CS100001,중식음식점,골목상권,목구4,11000208,목208동,가족 주거형,9.114221390969421,44.37151148213156,0.6097359710757144,2.9499838586422857,167,475352302,47004,0.6062390039826332,0.6309240894254072,0.6161130381597428
3000605,목상권605,CS100002,일식음식점,발달상권,목구5,11000209,목209동,일반 주거·생활형,47.86941685571231,29.034027044630225,0.18485894458967164,0.5600527869933929,146,984272164,45643,0.17645359176160763,0.9299311446319037,0.4778446129097261
3000606,목상권606,CS100003,양식음식점,전통시장,목구6,11000210,목210동,발달상권형,16.112497433573992,36.502965832420976,0.349163382213998,0.23509837536210476,9,926904824,22476,0.3426561540374351,0.9705865689036985,0.5938283199839405
3000607,목상권607,CS100004,분식전문점,관광특구,목구7,11000211,목211동,전통시장형,40.37837203080954,28.13564384636207,0.5246894969805708,7.640458226643114,143,877191822,45918,0.5202100317192274,0.0440933875132139,0.329763374036822
3000608,목상권608,CS100005,패스트푸드점,골목상권,목구8,11000212,목212동,관광특구형,2.599149349264618,21.587501826800356,0.0646928762886332,0.3288549782018162,150,426265026,33359,0.0548993066855745,0.9588565713092803,0.4164822125350568
3000609,목상권609,CS100006,제과점,발달상권,목구9,11000213,목213동,유입 집중형,34.1716951405084,35.45841702512691,0.6226270242339107,1.1219214489755807,100,479091000,41500,0.619278980846952,0.8596351030325962,0.7154214297212096
3000610,목상권610,CS100007,커피-음료,전통시장,목구10,11000214,목214동,청년 밀집형,46.22868947206698,53.65840342016841,0.4938540618992082,5.852407604948769,132,781166550,4230,0.4890183707177744,0.26779847980447635,0.4005304143524552
3000611,목상권611,CS100008,치킨전문점,관광특구,목구11,11000215,목215동,가족 주거형,15.694457372028195,36.88192398971604,0.142012077211317,7.722460746155627,77,754472969,40701,0.13311173656438224,0.03383395695062741,0.0934006247188803
3000612,목상권612,CS100009,호프-간이주점,골목상권,목구12,11000216,목216동,일반 주거·생활형,15.207056633689145,31.94042441382949,0.4402559071695498,4.709325478203977,48,442094098,12391,0.4348010240768181,0.4108108137716344,0.4252049399547446
3000613,목상권613,CS100010,반찬가게,발달상권,목구13,11000217,목217동,발달상권형,25.044621916207802,30.116187453421254,0.2806099311520504,3.8396533400474615,146,402161199,31780,0.2733107402185005,0.5196165061658958,0.37183304659745864
3000614,목상권614,CS100000,한식음식점,전통시장,목구14,11000218,목218동,전통시장형,45.63759102040082,33.03095595693923,0.8337310830440114,6.751300432287942,46,43623092,16967,0.8328218162589092,0.15533695301094796,0.5618278709597246
3000615,목상권615,CS100001,중식음식점,관광특구,목구15,11000219,목219동,관광특구형,12.144643727480354,42.18549205267845,0.6917360870100316,3.415331255680824,93,423058070,29716,0.6891864250763933,0.5727039355108833,0.6425934292501893
3000616,목상권616,CS100002,일식음식점,골목상권,목구16,11000220,목220동,유입 집중형,31.433171045191447,33.239288251601444,0.04472838958421646,3.9367771241996197,95,469112414,2919,0.03470418053577125,0.5074652366023715,0.2238086029624114
3000617,목상권617,CS100003,양식음식점,발달상권,목구17,11000221,목221동,청년 밀집형,20.683498893948773,52.40898326118002,0.20025657366596736,7.2281545446962205,92,603239877,24422,0.1920291017262529,0.09567718055737073,0.15348833325870004
3000618,목상권618,CS100004,분식전문점,전통시장,목구18,11000222,목222동,가족 주거형,29.420733156016755,22.481995851315983,0.47350403502814825,4.351007787807545,44,192169030,41655,0.4684332504541002,0.4556403566420534,0.46331609292928144
3000619,목상권619,CS100005,패스트푸드점,관광특구,목구19,11000223,목223동,일반 주거·생활형,21.986265705771448,49.46088753919224,0.5286799308190143,6.227349333254406,114,574523949,23139,0.5242465649871718,0.220889084222053,0.4029035726811243
3000620,목상권620,CS100006,제과점,골목상권,목구20,11000224,목224동,발달상권형,5.748376142741522,22.39790696125172,0.2888686535764918,5.134248423821134,86,770086050,1589,0.28166487141491664,0.357648209976958,0.3120582068397332
3000621,목상권621,CS100007,커피-음료,발달상권,목구21,11000225,목225동,전통시장형,38.07286071903925,25.5203401707627,0.14747126858102266,2.0974511943931775,43,281645786,18555,0.13863399516383487,0.737585442310619,0.37821457402254854
3000622,목상권622,CS100008,치킨전문점,전통시장,목구22,11000226,목226동,관광특구형,21.744438880560274,58.80032598681182,0.15562987337344317,3.621591221181503,81,77439401,47189,0.14688685212072677,0.5468985114034838,0.30689151583382956
3000623,목상권623,CS100009,호프-간이주점,관광특구,목구23,11000227,목227동,유입 집중형,42.72655200793841,28.680324669009796,0.24994914417181827,2.5150361836438524,30,636358105,48419,0.24229574493785308,0.6853408987689782,0.4195138064703031
3000624,목상권624,CS100010,반찬가게,골목상권,목구24,11000228,목228동,청년 밀집형,38.898753804453754,24.74538705225425,0.8773295058471104,0.6467824988732414,166,340410733,21267,0.8769239092141092,0.9190802895358153,0.8937864613427917
3000625,목상권625,CS100000,한식음식점,발달상권,목구0,11000229,목229동,가족 주거형,32.96896245384013,47.616187429758185,0.43842192656967366,4.612273395385073,25,802018539,32720,0.43294585644245076,0.4229531126979863,0.42894875894466494
3000626,목상권626,CS100001,중식음식점,전통시장,목구1,11000230,목230동,일반 주거·생활형,25.266954462092407,39.03942265773195,0.7574063731044152,1.671740680021629,95,375297408,30275,0.7556153662059614,0.790846579747883,0.76970785162273
3000627,목상권627,CS100002,일식음식점,관광특구,목구2,11000231,목231동,발달상권형,23.539430039620328,52.95721649937082,0.6585640085937177,7.10192272849865,118,790262089,17764,0.6556311267014833,0.1114701898547319,0.4379667519627827
3000628,목상권628,CS100003,양식음식점,골목상권,목구3,11000232,목232동,전통시장형,38.877226233924816,38.94963261536563,0.36935796615338123,6.780142463138782,57,999200093,30493,0.36308403561720093,0.15172849299585034,0.27854181856866067
3000629,목상권629,CS100004,분식전문점,발달상권,목구4,11000233,목233동,관광특구형,43.28834798234747,59.36431336441463,0.09681982185704337,4.141884087640391,122,59724352,20994,0.08739739833039352,0.48180406592331126,0.24516006536756063
3000630,목상권630,CS100005,패스트푸드점,전통시장,목구5,11000234,목234동,유입 집중형,9.366290297016885,20.998262658746928,0.7208352291362546,3.203854073112943,148,388676483,7875,0.7186217346233259,0.5991620917117491,0.6708378774586952
3000631,목상권631,CS100006,제과점,관광특구,목구6,11000235,목235동,청년 밀집형,19.50638293573269,30.77869226003643,0.4298206206411221,0.9504777249935739,155,483518958,23841,0.4242451840509226,0.8810846266818817,0.6069809611033062
3000632,목상권632,CS100007,커피-음료,골목상권,목구7,11000236,목236동,가족 주거형,29.99943390215788,24.342535640895054,0.17524339703680294,2.4689312570307136,179,53945461,36943,0.1667269607339912,0.6911091397448967,0.37647983233835347
3000633,목상권633,CS100008,치킨전문점,발달상권,목구8,11000237,목237동,일반 주거·생활형,17.389660366959788,44.4160231531409,0.2316274795591936,0.3720111144649483,54,164147710,36446,0.22376241955841897,0.9534572569226831,0.5156403545041246
3000634,목상권634,CS100009,호프-간이주점,전통시장,목구9,11000238,목238동,발달상권형,24.756888877908303,49.702372586513434,0.07480489474984123,0.3737969097693048,194,575199778,10859,0.0651281440945552,0.9532338339957663,0.42037042005503966
3000635,목상권635,CS100010,반찬가게,관광특구,목구10,11000239,목239동,전통시장형,48.95319663971297,26.351881348483666,0.8382086237277985,3.851616297748439,134,112250558,36810,0.8373510836670189,0.518119806618297,0.7096585728475302
3000636,목상권636,CS100000,한식음식점,골목상권,목구11,11000240,목240동,관광특구형,31.93948156163222,27.660193494604822,0.8672629064289248,2.880970175868959,97,927890624,897,0.8667410155509919,0.6395584715211096,0.775867997939039
3000637,목상권637,CS100001,중식음식점,발달상권,목구12,11000241,목241동,유입 집중형,29.052599286145664,35.00189537628706,0.46730169723030923,3.3796725233448948,152,410198188,3590,0.4621592602380963,0.5771652409747294,0.5081616525327496
3000638,목상권638,CS100002,일식음식점,전통시장,목구13,11000242,목242동,청년 밀집형,2.464233132284623,26.11930919548999,0.23003573033276695,3.551603568170602,17,833681658,7951,0.2221522816719575,0.5556547480480685,0.35555326822240185
3000639,목상권639,CS100003,양식음식점,관광특구,목구14,11000243,목243동,가족 주거형,48.713001217224075,21.34705516810483,0.3966267278148031,5.546802608063686,115,972089188,44051,0.39066781925534994,0.3060330762993261,0.3568139220729404
3000640,목상권640,CS100004,분식전문점,골목상권,목구15,11000244,목244동,일반 주거·생활형,48.0715333607681,52.405524448745076,0.8053936680711065,0.9268167040706468,12,740668747,49339,0.8041570337072729,0.8840448845208086,0.8361121740326872
3000641,목상권641,CS100005,패스트푸드점,발달상권,목구16,11000245,목245동,발달상권형,39.336075686067694,28.2134563678146,0.2554094420593951,2.8305619758210634,13,758822359,9199,0.24781912283820864,0.645865100039974,0.4070375137189148
3000642,목상권642,CS100006,제과점,전통시장,목구17,11000246,목246동,전통시장형,16.227544261250184,26.326726264667233,0.2775484808875395,6.8856132646066515,36,270436529,3408,0.2702139225938596,0.13853291839067206,0.2175415209125846
3000643,목상권643,CS100007,커피-음료,관광특구,목구18,11000247,목247동,관광특구형,28.09177735956453,36.75796936855557,0.2584406435339837,2.475209768808014,121,543556298,35260,0.25088534222421693,0.6903236278362563,0.42666065646903273
3000644,목상권644,CS100008,치킨전문점,골목상권,목구19,11000248,목248동,유입 집중형,9.072308860415292,44.78269631722592,0.7553600251709727,7.495279953378078,162,1768929,30425,0.7535453778674625,0.062256810083804126,0.4770299507539991
3000645,목상권645,CS100009,호프-간이주점,발달상권,목구20,11000249,목249동,청년 밀집형,2.5154315244423273,28.807859902842146,0.3995261386834392,1.372632999880171,134,126102957,21698,0.39360072552632674,0.8282682893903455,0.5674677510719343
3000646,목상권646,CS100010,반찬가게,전통시장,목구21,11000250,목250동,가족 주거형,27.220593972526007,27.711432694952904,0.0670591380472997,5.401624218056487,86,583198976,14917,0.05729290464916018,0.32419651347566414,0.16405434817976178
3000647,목상권647,CS100000,한식음식점,관광특구,목구22,11000251,목251동,일반 주거·생활형,38.09100277557807,42.09379276885703,0.8534234915334642,2.876838760216266,52,73337459,2359,0.852741721014085,0.640075357737118,0.7676751757032982
3000648,목상권648,CS100001,중식음식점,골목상권,목구23,11000252,목252동,발달상권형,15.243517089489186,41.51903595380574,0.732551642150241,0.5293659171213418,67,197404257,45193,0.7304735013300705,0.9337704146019855,0.8117922666388365
3000649,목상권649,CS100002,일식음식점,발달상권,목구24,11000253,목253동,전통시장형,43.75659954044011,32.87886483257502,0.7070926427431133,7.863073001645833,197,651022384,38283,0.704720387198618,0.016241794172868973,0.4293289499883184
3000650,목상권650,CS100003,양식음식점,전통시장,목구0,11000254,목254동,관광특구형,14.356769826710263,55.304574403732694,0.20730571583705867,0.29754150971256,162,278737322,23647,0.1991596790108466,0.9627742357609224,0.5046055017108769
3000651,목상권651,CS100004,분식전문점,관광특구,목구1,11000255,목255동,유입 집중형,19.763990864530832,45.04665023907582,0.24892484625781788,6.151608207375118,132,172678006,14328,0.24125961383693967,0.23036514454690804,0.23690182612092703
3000652,목상권652,CS100005,패스트푸드점,골목상권,목구2,11000256,목256동,청년 밀집형,23.578147363910105,45.98785560048982,0.3388604570476939,0.6453479504425061,89,659326823,31239,0.3322342044763946,0.9192597675579699,0.5670444297090248
3000653,목상권653,CS100006,제과점,발달상권,목구3,11000257,목257동,가족 주거형,48.16770285296241,28.86211410651712,0.7878583447142732,2.0312737546926742,53,41759671,47934,0.7864191337796731,0.7458649787377096,0.7701974717628877
3000654,목상권654,CS100007,커피-음료,전통시장,목구4,11000258,목258동,일반 주거·생활형,21.627909969481575,55.006494440393645,0.7888240006903399,3.9706894142208116,23,873264415,30895,0.7873959454825086,0.5032224305671542,0.6737265395163669
3000655,목상권655,CS100008,치킨전문점,관광특구,목구5,11000259,목259동,발달상권형,38.57554602877605,59.956432098359336,0.6435106369977022,7.521378194631578,27,641752884,2791,0.6404038512467057,0.05899162877550235,0.4078389622582244
3000656,목상권656,CS100009,호프-간이주점,골목상권,목구6,11000260,목260동,전통시장형,46.043872542595224,38.7594652336414,0.6000915214267574,6.86451286770441,23,339270264,30782,0.5964831369678792,0.1411728135810696,0.41435900761315536
3000657,목상권657,CS100010,반찬가게,발달상권,목구7,11000261,목261동,관광특구형,7.053136707744004,59.688767548837454,0.6727649715516497,3.4998216954096586,94,757707688,6243,0.6699961460796512,0.5621332383572659,0.6268509829906971
3000658,목상권658,CS100000,한식음식점,전통시장,목구8,11000262,목262동,유입 집중형,38.85231966991144,54.364575618931745,0.13252340323581566,1.5212825582477052,137,558857581,47519,0.12351344481931015,0.8096705703044318,0.39797629501335885
3000659,목상권659,CS100001,중식음식점,관광특구,목구9,11000263,목263동,청년 밀집형,28.161952924102795,56.58580459018838,0.06042524123835491,3.480658367498778,116,5039146,43170,0.05058236984278429,0.5645307845938758,0.25616173574322093
3000660,목상권660,CS100002,일식음식점,골목상권,목구10,11000264,목264동,가족 주거형,14.754637201718833,20.345757356885898,0.5213422089957486,4.93785728210066,199,96164751,18748,0.5168240742381243,0.3822189340664883,0.4629820181694699
3000661,목상권661,CS100003,양식음식점,발달상권,목구11,11000265,목265동,일반 주거·생활형,44.088806530904655,53.29481486255632,0.4616008016797735,6.155131458353186,167,447533697,21316,0.45639250517374236,0.2299243465204701,0.36580524171243345
3000662,목상권662,CS100004,분식전문점,전통시장,목구12,11000266,목266동,발달상권형,5.211608567351885,22.55124157704332,0.1150747038537383,3.748432996915156,112,79740163,34832,0.10586316958868829,0.5310291893593482,0.27592957749695224
3000663,목상권663,CS100005,패스트푸드점,관광특구,목구13,11000267,목267동,전통시장형,20.02274065209175,50.13308071317285,0.4379460830318917,2.7853952645081126,65,230511064,4099,0.43246451572904543,0.6515159598087997,0.5200850933609471
3000664,목상권664,CS100006,제과점,골목상권,목구14,11000268,목268동,관광특구형,20.960647481690547,55.00601957695103,0.5111741039514482,7.8529145929937405,30,703428263,4377,0.5065385023066071,0.017512724490767462,0.31092819118027126
3000665,목상권665,CS100007,커피-음료,발달상권,목구15,11000269,목269동,유입 집중형,49.384818002927986,41.953630594650015,0.4515383513802933,6.842608719941228,185,102195730,2558,0.44621380856196463,0.14391326697622053,0.325293591927667
3000666,목상권666,CS100008,치킨전문점,전통시장,목구16,11000270,목270동,청년 밀집형,41.446222242454446,28.658496626794143,0.6746639440925065,0.19084688885242773,131,320051076,7101,0.6719170564734621,0.9761229238332321,0.7935994034173701
3000667,목상권667,CS100009,호프-간이주점,관광특구,목구17,11000271,목271동,가족 주거형,31.700924920375936,51.483264805666195,0.2081384884748666,2.161827361591837,58,743330101,651,0.20000207224257016,0.7295312651806183,0.4118137494177894
3000668,목상권668,CS100010,반찬가게,골목상권,목구18,11000272,목272동,일반 주거·생활형,11.080791831845042,23.426948106637894,0.5018967609656403,4.0607351184272416,92,906685670,46063,0.4971539829494461,0.49195670781550016,0.4950750728958677
3000669,목상권669,CS100000,한식음식점,발달상권,목구19,11000273,목273동,발달상권형,49.29821368064916,44.840527431871486,0.6552439080731538,5.782824182118315,74,696644735,5910,0.6522726707674281,0.27650414274117674,0.5019652595569276
3000670,목상권670,CS100001,중식음식점,전통시장,목구20,11000274,목274동,전통시장형,4.143507332977983,49.64132054622378,0.18258923990625353,7.807084409886135,92,307515827,28156,0.1741576663474928,0.023246591987257648,0.11379323660339874
3000671,목상권671,CS100002,일식음식점,관광특구,목구21,11000275,목275동,관광특구형,47.791735722719885,47.304391716962996,0.5308597006050303,2.5483185737647265,98,951745885,44832,0.5264515165322764,0.68117690024269,0.5883416700164419
3000672,목상권672,CS100003,양식음식점,골목상권,목구22,11000276,목276동,유입 집중형,3.1702127051368483,55.58298018974763,0.7857933849966628,2.1858220279229457,23,218473207,4702,0.7843303186446375,0.726529264576736,0.7612098970174769
3000673,목상권673,CS100004,분식전문점,발달상권,목구23,11000277,목277동,청년 밀집형,21.220784297951337,50.992308429066945,0.6479806797098495,6.850305067428364,128,489723458,8586,0.6449255340629664,0.1429503679933697,0.4441354676351277
3000674,목상권674,CS100005,패스트푸드점,전통시장,목구24,11000278,목278동,가족 주거형,24.32817228038828,27.387050901095154,0.4254434642206888,0.21639453642108641,57,48965090,29832,0.41981746059392455,0.9729266279410297,0.6410611275327667
3000675,목상권675,CS100006,제과점,관광특구,목구0,11000279,목279동,일반 주거·생활형,16.650931633784502,22.277190096686535,0.807028198316837,4.834706905469439,145,338560526,8669,0.8058104468401481,0.39512419762233775,0.641535947153024
3000676,목상권676,CS100007,커피-음료,골목상권,목구1,11000280,목280동,발달상권형,44.97144424976309,22.32863282014624,0.524947456655693,3.6021065934009773,155,660159227,14518,0.5204709714697848,0.5493362558403683,0.5320170852180182
3000677,목상권677,CS100008,치킨전문점,발달상권,목구2,11000281,목281동,전통시장형,6.480925906761464,53.77561482291221,0.7979627890107482,2.1010727578077875,28,859917030,25529,0.7966403095234917,0.7371323443009349,0.772837123434469
3000678,목상권678,CS100009,호프-간이주점,전통시장,목구3,11000282,목282동,관광특구형,15.26796359354436,28.39127372525722,0.5461791892533278,4.018093792500705,199,481851537,3261,0.5419479833527533,0.497291613682303,0.5240854354845732
3000679,목상권679,CS100010,반찬가게,관광특구,목구4,11000283,목283동,유입 집중형,7.866196524521122,38.974049407382786,0.6726416892759213,6.450913755111716,23,151416169,9647,0.6698714395872063,0.192918679459552,0.47909033553614455
3000680,목상권680,CS100000,한식음식점,골목상권,목구5,11000284,목284동,청년 밀집형,1.976884725898168,52.753538014668635,0.6073538735160464,2.0590268100126226,195,126405588,33724,0.6038293872751829,0.7423927617174608,0.659254737052094
3000681,목상권681,CS100001,중식음식점,발달상권,목구6,11000285,목285동,가족 주거형,20.5845100309295,23.361842686495944,0.23296783577303012,2.5459595119587535,68,538523651,44058,0.22511826021812964,0.6814720452081753,0.4076597742141479
3000682,목상권682,CS100002,일식음식점,전통시장,목구7,11000286,목286동,일반 주거·생활형,7.970126602878008,20.322227964391452,0.2694369867242134,7.354939950041142,44,349190216,38660,0.2620087205109269,0.07981491107811267,0.18913119673780118
3000683,목상권683,CS100003,양식음식점,관광특구,목구8,11000287,목287동,발달상권형,4.433384375281608,58.22072010092348,0.4221355854876221,1.9174429703150953,71,732902224,16246,0.4164713676393907,0.7601064805250825,0.5539254127936674
3000684,목상권684,CS100004,분식전문점,골목상권,목구9,11000288,목288동,전통시장형,1.762712497755778,55.6962220508168,0.61413142916544,3.7532818721729626,136,560233870,8761,0.6106852405386947,0.5304225409379357,0.5785801606983911
3000685,목상권685,CS100005,패스트푸드점,발달상권,목구10,11000289,목289동,관광특구형,25.84361670401764,25.30108096158648,0.13651752664947084,5.796034491520336,119,88208338,37048,0.1275537102862307,0.27485138557193345,0.1864727804005118
3000686,목상권686,CS100006,제과점,전통시장,목구11,11000290,목290동,유입 집중형,31.38180357598728,23.69851567649587,0.3656451375824697,2.6683618343438695,7,828771198,1989,0.3593283146476473,0.6661581483343383,0.48206024812232373
3000687,목상권687,CS100007,커피-음료,관광특구,목구12,11000291,목291동,청년 밀집형,35.57884184158829,47.267585367355565,0.6179716528732844,4.184539794850077,60,383738901,42892,0.6145698283756675,0.4764673607974521,0.5593288413443813
3000688,목상권688,CS100008,치킨전문점,골목상권,목구13,11000292,목292동,가족 주거형,9.120774180446745,43.229099795733156,0.34872144193718085,4.804474106664734,118,779172379,10451,0.342209108251929,0.39890665823322413,0.36488812824444705
3000689,목상권689,CS100009,호프-간이주점,발달상권,목구14,11000293,목293동,일반 주거·생활형,39.485325090909804,27.0678904681953,0.8314448903814559,5.2727073310302135,76,187759369,7248,0.830509212388515,0.3403254551064031,0.6344357094756703
3000690,목상권690,CS100010,반찬가게,전통시장,목구15,11000294,목294동,발달상권형,21.161751730160674,55.85682325267818,0.5960308531197234,7.840402646279787,43,530174693,42471,0.5923755578486567,0.019078108692102913,0.3630565781860352
3000691,목상권691,CS100000,한식음식점,관광특구,목구16,11000295,목295동,전통시장형,34.588885036410694,42.00176968599578,0.36279580675470335,2.003040273667123,77,166037039,23913,0.35644606696649184,0.7493973023765894,0.5136265611305308
3000692,목상권692,CS100001,중식음식점,골목상권,목구17,11000296,목296동,관광특구형,23.352407677498597,42.85468399957354,0.30420448439955744,1.469155440332007,143,549447119,46557,0.29717786920290057,0.8161922546363658,0.5047836233762867
3000693,목상권693,CS100002,일식음식점,발달상권,목구18,11000297,목297동,유입 집중형,28.00568799799199,42.83211982855339,0.12608332723476062,6.457773640001655,55,870851466,12868,0.1169989699329183,0.19206043128481243,0.14702355447367596
3000694,목상권694,CS100003,양식음식점,전통시장,목구19,11000298,목298동,청년 밀집형,5.371970837075843,33.04596949362411,0.10814735834963857,1.4842738723299922,111,513666711,22855,0.09885579602532907,0.8143007700305197,0.38503378562740537
3000695,목상권695,CS100004,분식전문점,관광특구,목구20,11000299,목299동,가족 주거형,31.34772439267537,21.87731193193364,0.7549616589521104,0.5175978297323693,17,617199310,25719,0.7531424095285888,0.9352427336982687,0.8259825391964608
3000696,목상권696,CS100005,패스트푸드점,골목상권,목구21,11000300,목300동,일반 주거·생활형,32.52281030002184,36.79061397853482,0.0378208810778375,4.021732220996466,127,983914703,30379,0.02771687313676353,0.4968364056627068,0.21536468614714085
3000697,목상권697,CS100006,제과점,발달상권,목구22,11000301,목301동,발달상권형,36.104801923140464,49.84345395054255,0.09591858046387522,0.204797314085976,68,672006416,29313,0.08648574535899864,0.9743775699117553,0.4416424751801013
3000698,목상권698,CS100007,커피-음료,전통시장,목구23,11000302,목302동,전통시장형,39.37353459244391,50.36402239052775,0.41190407668226303,0.8396513838028188,132,215364994,44153,0.4061216594757775,0.8949502390888099,0.6016530913209904
3000699,목상권699,CS100008,치킨전문점,관광특구,목구24,11000303,목303동,관광특구형,30.814141776834077,20.154951914874477,0.26816560211530316,5.753694503066309,134,353618163,43043,0.260722648249616,0.28014859075717813,0.26849302525264085
3000700,목상권700,CS100009,호프-간이주점,골목상권,목구0,11000304,목304동,유입 집중형,39.01441457218785,39.61417604802256,0.3323550390850827,4.116071030420884,91,133279756,39721,0.3256536327663759,0.4850335675255296,0.3894056066700374
3000701,목상권701,CS100010,반찬가게,발달상권,목구1,11000305,목305동,청년 밀집형,39.020856407619775,58.475183745598514,0.7604368848306928,7.701101635263381,176,870858609,7507,0.7586808878753513,0.03650622014912752,0.46981102078486175
3000702,목상권702,CS100000,한식음식점,전통시장,목구2,11000306,목306동,가족 주거형,7.425445742674542,22.009590542628942,0.608762491918722,0.3702512978958561,65,77557308,18752,0.6052542787216869,0.9536774296198248,0.7446235390809421
3000703,목상권703,CS100001,중식음식점,관광특구,목구3,11000307,목307동,일반 주거·생활형,31.8541508471182,56.257593708773825,0.8815986460466952,4.103015642815775,140,999715384,38752,0.8812423685944216,0.48666694224862983,0.7234121980561048
3000704,목상권704,CS100002,일식음식점,골목상권,목구4,11000308,목308동,발달상권형,4.789293037760918,20.61184153137645,0.8129347914067464,2.781520527784785,115,988518252,9151,0.8117852757617395,0.6520007326255084,0.747871458507247
3000705,목상권705,CS100003,양식음식점,발달상권,목구5,11000309,목309동,전통시장형,3.6972964144856078,26.279510429110452,0.04166841711553999,6.278010285021596,182,155736440,19150,0.031608857779179905,0.2145508336417069,0.10478564812419072
3000706,목상권706,CS100004,분식전문점,전통시장,목구6,11000310,목310동,관광특구형,1.7959340962265342,57.29847672492791,0.33359104847633764,6.957583137734715,137,566251360,29192,0.32690392113833855,0.1295286838824523,0.24795382623598405
3000707,목상권707,CS100005,패스트푸드점,관광특구,목구7,11000311,목311동,유입 집중형,1.0856154139154848,30.662991110860723,0.6094679217723636,6.103933414295702,43,872426786,21283,0.6059678580435625,0.23632979334174553,0.4581126321628357
3000708,목상권708,CS100006,제과점,골목상권,목구8,11000312,목312동,청년 밀집형,33.41234195389851,29.540614513048737,0.6563586618535057,7.5909060610092265,131,967495301,11165,0.6534003027247874,0.050292916571209156,0.41215734826335615
3000709,목상권709,CS100007,커피-음료,발달상권,목구9,11000313,목313동,가족 주거형,4.542943710225865,20.8505506567826,0.03709499301671226,4.397167689909102,34,947835433,31085,0.02698259926425685,0.4498652376188573,0.19613565460609705
3000710,목상권710,CS100008,치킨전문점,전통시장,목구10,11000314,목314동,일반 주거·생활형,18.811937621281633,26.321302494958097,0.7600252562216446,6.016458951224894,189,270712989,8797,0.7582645039327199,0.24727382512527574,0.5538682324097423
3000711,목상권711,CS100009,호프-간이주점,관광특구,목구11,11000315,목315동,발달상권형,5.463029347332983,59.53423705145988,0.6021557569907852,5.188506619591884,80,750774746,9044,0.5985712195835585,0.3508599040167212,0.4994866933568236
3000712,목상권712,CS100010,반찬가게,골목상권,목구12,11000316,목316동,전통시장형,39.257692477896995,50.39268369313692,0.6845006574912488,5.789758171967443,39,352564834,20163,0.6818674083622043,0.2756366232088293,0.5193750943008543
3000713,목상권713,CS100000,한식음식점,발달상권,목구13,11000317,목317동,관광특구형,43.512647242649265,21.77282569269896,0.7478001235344364,1.9385921477029617,60,131274498,1165,0.7458981405760484,0.7574604823514101,0.750523077286193
3000714,목상권714,CS100001,중식음식점,전통시장,목구14,11000318,목318동,유입 집중형,40.77975378129737,52.09032249019264,0.5214608625083652,5.078839513262342,87,423201343,15943,0.5169440984937381,0.36458048320229164,0.45599865237715953
3000715,목상권715,CS100002,일식음식점,관광특구,목구15,11000319,목319동,청년 밀집형,2.3652482420101233,58.89735516873643,0.6600619780843345,7.5435367374443985,155,887924211,26318,0.6571464014630864,0.05621934771989956,0.41677557996581166
3000716,목상권716,CS100003,양식음식점,골목상권,목구16,11000320,목320동,가족 주거형,35.47531944024433,45.89683315347886,0.8127382367761783,6.7265193884559435,40,608740502,31238,0.81158645043663,0.1584373382183074,0.5503268055493009
3000717,목상권717,CS100004,분식전문점,발달상권,목구17,11000321,목321동,일반 주거·생활형,46.57786256220962,35.11784929109553,0.8228843456818599,4.510931503682235,197,969198224,33714,0.8218497721194535,0.43563211460167517,0.6673627091123422
3000718,목상권718,CS100005,패스트푸드점,전통시장,목구18,11000322,목322동,발달상권형,10.326778256418683,30.726294091947985,0.07757776253553281,5.174726959217592,66,582568744,37036,0.06793304539544257,0.3525838933481038,0.18179338457650707
3000719,목상권719,CS100006,제과점,관광특구,목구19,11000323,목323동,전통시장형,35.63834968069372,55.09961627061249,0.21321432850508423,7.334910827895129,119,853790611,47809,0.2051365508417013,0.0823207778381605,0.15601024164028496
3000720,목상권720,CS100007,커피-음료,골목상권,목구20,11000324,목324동,관광특구형,44.599131191027176,37.4679945693038,0.2741505745652145,1.9908320037161449,117,596627827,271,0.266776762007638,0.7509246932250164,0.4604359344945894
3000721,목상권721,CS100008,치킨전문점,발달상권,목구21,11000325,목325동,유입 집중형,31.538255238300604,32.16668380397676,0.04350569187903716,1.331526900574695,37,471485748,48098,0.033467357632946095,0.8334111212695412,0.35344486308758416
3000722,목상권722,CS100009,호프-간이주점,전통시장,목구22,11000326,목326동,청년 밀집형,2.5367173508016387,37.28259587395456,0.3021358452592824,0.9249950631056709,127,468463258,29588,0.2950853321387229,0.8842727921400042,0.5307603161392355
3000723,목상권723,CS100010,반찬가게,관광특구,목구23,11000327,목327동,가족 주거형,37.937796083592936,55.532566367019584,0.5657735449987589,5.730088234500714,69,853577916,5983,0.561768702610993,0.28310199846501727,0.4503020209526027
3000724,목상권724,CS100000,한식음식점,골목상권,목구24,11000328,목328동,일반 주거·생활형,17.65218810447942,58.29135339688247,0.27070443189147525,1.7811955999948532,41,990414595,33069,0.26329080782024644,0.7771525474440658,0.4688355036697742
3000725,목상권725,CS100001,중식음식점,발달상권,목구0,11000329,목329동,발달상권형,9.748082294788086,26.61208464147718,0.25439411905536247,3.6275204278105626,103,606476644,10365,0.2467920703297813,0.5461567014680856,0.366537922785103
3000726,목상권726,CS100002,일식음식점,전통시장,목구1,11000330,목330동,전통시장형,2.513255686728248,45.56288800468046,0.5309506663326243,5.125837709199701,8,442720152,10323,0.5265435331401295,0.35870048426259327,0.459406313589115
3000727,목상권727,CS100003,양식음식점,관광특구,목구2,11000331,목331동,관광특구형,13.4923366092086,59.7321229063685,0.1270523157713937,7.63226527212119,100,248188980,9888,0.11797915269567819,0.04511841757960444,0.08883485864924869
3000728,목상권728,CS100004,분식전문점,골목상권,목구3,11000332,목332동,유입 집중형,9.279372917122354,40.74093412374401,0.2934870320176829,3.7758912829796953,152,777528009,45858,0.2863366036065964,0.5275938512633791,0.3828395026693095
3000729,목상권729,CS100005,패스트푸드점,발달상권,목구4,11000333,목333동,청년 밀집형,14.210911285587798,22.766668099521596,0.871371494144007,5.749424631734393,10,973432827,5647,0.8708970676665347,0.28068279932420004,0.6348113603296008
3000730,목상권730,CS100006,제과점,전통시장,목구5,11000334,목334동,가족 주거형,33.39139567386608,55.23642817761108,0.24500659206993497,2.811434646227158,127,473824849,992,0.23729609407393046,0.6482581424852909,0.4016809134384747
3000731,목상권731,CS100007,커피-음료,관광특구,목구6,11000335,목335동,일반 주거·생활형,28.28835320820572,52.29536571091068,0.4939191221522608,4.247055908565702,117,549337347,3772,0.4890841825784642,0.46864589712144455,0.4809088683956564
3000732,목상권732,CS100008,치킨전문점,골목상권,목구7,11000336,목336동,발달상권형,11.776098882249483,23.114219700493493,0.7881883308522721,5.782281710183024,101,50788745,28650,0.7867529320777832,0.27657201203574666,0.5826805640609686
3000733,목상권733,CS100009,호프-간이주점,발달상권,목구8,11000337,목337동,전통시장형,39.73743693666984,22.2128629074725,0.7868861129653872,6.990214691367272,95,963628723,47134,0.7854356703374975,0.12544611226596136,0.521439847108883
3000734,목상권734,CS100010,반찬가게,전통시장,목구9,11000338,목338동,관광특구형,11.13434277607673,47.8020542788495,0.2984595291937125,6.965458208434103,38,39688461,25207,0.2913665454847035,0.12854342463071067,0.22623729714310634
3000735,목상권735,CS100000,한식음식점,관광특구,목구10,11000339,목339동,유입 집중형,4.866728383592639,56.748814819448214,0.8352690673170885,5.2851627399600325,174,186645493,23015,0.8343775680731711,0.3387671444129786,0.6361333986090941
3000736,목상권736,CS100001,중식음식점,골목상권,목구11,11000340,목340동,청년 밀집형,43.09286041893723,57.306300176611195,0.07275731914146057,4.5095131770769505,91,275648712,16883,0.063056913898421,0.43580956309238594,0.212157973576007
3000737,목상권737,CS100002,일식음식점,발달상권,목구12,11000341,목341동,가족 주거형,35.88563084465435,23.11770085345037,0.40291821662652655,2.154929276471379,71,287089536,38605,0.3970319904010434,0.7303942926306146,0.5303769112928719
3000738,목상권738,CS100003,양식음식점,전통시장,목구13,11000342,목342동,일반 주거·생활형,35.15960966193625,39.14185831380908,0.5129983126893135,3.077405128635837,178,642118289,23447,0.5083837851896683,0.6149822661806233,0.5510231775860504
3000739,목상권739,CS100004,분식전문점,관광특구,목구14,11000343,목343동,발달상권형,30.553079229271617,29.62582966407604,0.026532092193818545,1.0287165243622685,116,231308777,3584,0.016297670681594777,0.8712960795226596,0.3582970342180207
3000740,목상권740,CS100005,패스트푸드점,골목상권,목구15,11000344,목344동,전통시장형,5.085395048111885,58.65750739323442,0.08875572432098701,4.916516101712094,191,113994866,31118,0.07924014042358507,0.38488895395882494,0.20149966583768103
3000741,목상권741,CS100006,제과점,발달상권,목구16,11000345,목345동,관광특구형,29.845088354391088,30.235064453518493,0.10619186741229703,6.895931377319784,58,820968646,14775,0.09687771430707118,0.13724200731200475,0.1130234315090446
3000742,목상권742,CS100007,커피-음료,전통시장,목구17,11000346,목346동,유입 집중형,29.859186073570996,37.68777820044307,0.7422235680240793,2.446794749370608,69,595252448,23973,0.7402571619883983,0.6938786639569225,0.721705762775808
3000743,목상권743,CS100008,치킨전문점,관광특구,목구18,11000347,목347동,청년 밀집형,6.150974457551292,27.92328922972707,0.022151341991797094,1.7605993953402619,17,670420102,42007,0.011866311925898487,0.7797293625561229,0.3190115321779883
3000744,목상권744,CS100009,호프-간이주점,골목상권,목구19,11000348,목348동,가족 주거형,1.2002314727807872,46.906233783288705,0.11995901402850698,0.7975055232697636,58,934655286,44990,0.1108039056864713,0.9002231567041443,0.4265716060935405
3000745,목상권745,CS100010,반찬가게,발달상권,목구20,11000349,목349동,일반 주거·생활형,30.225861247950878,38.22698913623263,0.5234619044752055,0.770041165992267,8,151632050,39459,0.5189682574691076,0.9036592543766255,0.6728446562321148
3000746,목상권746,CS100000,한식음식점,전통시장,목구21,11000350,목350동,발달상권형,34.13762058518603,45.22059016394671,0.49370577672069116,3.6715391162352287,30,41947076,43638,0.48886837247686615,0.540649472177648,0.5095808123571789
3000747,목상권747,CS100001,중식음식점,관광특구,목구22,11000351,목351동,전통시장형,48.71188155765065,27.13213149618896,0.2544574026877319,2.1088767594274618,111,451933665,34840,0.2468560850454031,0.7361559765843899,0.44257604166099784
3000748,목상권748,CS100002,일식음식점,골목상권,목구23,11000352,목352동,관광특구형,19.004680354875383,49.47702911691208,0.18235616158069234,4.828328345727661,32,794055175,11860,0.1739218953879293,0.39592222664814225,0.2627220278920145
3000749,목상권749,CS100003,양식음식점,발달상권,목구24,11000353,목353동,유입 집중형,21.659224039899104,54.806594012923696,0.20175068201802934,6.631476589550585,149,537082979,277,0.19354047074355354,0.17032825329799117,0.18425558376532858
3000750,목상권750,CS100004,분식전문점,전통시장,목구0,11000354,목354동,청년 밀집형,22.80922764439189,39.58793560749599,0.6659631292729437,7.477446797990242,130,256286544,24564,0.6631157256158912,0.06448793688943111,0.4236646101253071
3000751,목상권751,CS100005,패스트푸드점,관광특구,목구1,11000355,목355동,가족 주거형,22.27579370243217,48.30859851875239,0.26219676071683573,3.7480429572712923,196,915760208,25171,0.2546848518967776,0.5310779876727008,0.36524210620714687
3000752,목상권752,CS100006,제과점,골목상권,목구2,11000356,목356동,일반 주거·생활형,14.588113625448418,45.30307046308716,0.6209613521224092,2.4572232536122955,191,747254410,31856,0.6175940660823495,0.6925739416657628,0.6475860163157148
3000753,목상권753,CS100007,커피-음료,발달상권,목구3,11000357,목357동,발달상권형,17.840360250476614,52.98454885740612,0.6404518382525102,6.224012816584096,176,674579910,36099,0.6373097157730225,0.22130651970212667,0.47090843734466414
3000754,목상권754,CS100008,치킨전문점,전통시장,목구4,11000358,목358동,전통시장형,27.938061618189376,51.436064128281274,0.8489014253762236,4.043163381992541,127,743895714,12014,0.8481674137526302,0.4941551281919421,0.7065624995283549
3000755,목상권755,CS100009,호프-간이주점,관광특구,목구5,11000359,목359동,관광특구형,49.91804801258641,33.811477580748324,0.4456170496045403,4.555287241665941,79,900063761,30988,0.44022410103264803,0.43008271664901,0.4361675472791928
3000756,목상권756,CS100010,반찬가게,골목상권,목구6,11000360,목360동,유입 집중형,4.514131199970273,31.068638996700287,0.28473366629032787,7.3478254317306035,59,173257184,35818,0.2774821147476271,0.08070501673617203,0.19877127554304505
3000757,목상권757,CS100000,한식음식점,발달상권,목구7,11000361,목361동,청년 밀집형,48.806555228564804,43.48498565369447,0.022156905104984227,5.103328505518428,11,887942840,9530,0.011871939306870668,0.3615166369071702,0.15172981834699048
3000758,목상권758,CS100001,중식음식점,전통시장,목구8,11000362,목362동,가족 주거형,27.463670419534456,45.43185663711931,0.18270411658261027,3.4426063704208563,192,593793931,41691,0.1742738701350002,0.5692915141923013,0.3322809277579207
3000759,목상권759,CS100002,일식음식점,관광특구,목구9,11000363,목363동,일반 주거·생활형,3.8362984046251363,55.72355004807229,0.3415964117457413,3.6897379620264523,176,264487990,37476,0.3350017662517239,0.5383725934204557,0.41635009711921667
3000760,목상권760,CS100003,양식음식점,골목상권,목구10,11000364,목364동,발달상권형,13.798434904656123,37.887788253704024,0.479665630973453,3.387953417085419,24,535496256,36308,0.47466602814790476,0.5761292087304506,0.5152513003809231
3000761,목상권761,CS100004,분식전문점,발달상권,목구11,11000365,목365동,전통시장형,35.52393331672156,49.93928143845588,0.16332574368282063,2.0502031883531586,39,124002528,47975,0.1546716288611185,0.7434966952827216,0.3902016554297597
3000762,목상권762,CS100005,패스트푸드점,전통시장,목구12,11000366,목366동,관광특구형,28.8771734755511,39.221492841324086,0.533637039438525,7.915510882345141,110,76222804,39972,0.5292609405326822,0.009681229947745895,0.32142905629870766
3000763,목상권763,CS100006,제과점,관광특구,목구13,11000367,목367동,유입 집중형,37.94347419454628,47.19619297861731,0.7341039829490085,4.4282804210808875,178,574066009,26052,0.7320437755235792,0.4459726876464062,0.61761534037271
3000764,목상권764,CS100007,커피-음료,골목상권,목구14,11000368,목368동,청년 밀집형,45.68594803910871,21.079268486504347,0.043808536626766516,0.6418840316740297,14,339316784,45442,0.03377370099026599,0.9196931424626787,0.3881414775792311
3000765,목상권765,CS100008,치킨전문점,발달상권,목구15,11000369,목369동,가족 주거형,15.30721847595696,30.19230660123414,0.11249374670308471,6.974740224297495,21,188647852,19183,0.1032523959676888,0.1273821408336102,0.11290429391405737
3000766,목상권766,CS100009,호프-간이주점,전통시장,목구16,11000370,목370동,일반 주거·생활형,37.96205266478124,36.685388474529915,0.017017847452360176,2.879207506775228,124,439341005,28625,0.006673512764659871,0.6397790011009256,0.2599157080991662
3000767,목상권767,CS100010,반찬가게,관광특구,목구17,11000371,목371동,발달상권형,21.980917725665456,58.23894110375888,0.7289400090215128,0.5689572053809568,143,767592210,3946,0.72682014486159,0.9288171024940461,0.8076189279145725
3000768,목상권768,CS100000,한식음식점,골목상권,목구18,11000372,목372동,전통시장형,12.06012379306036,56.245684411336896,0.528654701828815,5.137466107103844,134,594629985,28232,0.5242210445394263,0.3572456418801775,0.4574308834757268
3000769,목상권769,CS100001,중식음식점,발달상권,목구19,11000373,목373동,관광특구형,29.966621054782948,36.45411636675681,0.32390738103623556,2.6354985206287456,15,415131743,45045,0.31710838326947166,0.6702697157242326,0.458372916251376
3000770,목상권770,CS100002,일식음식점,전통시장,목구20,11000374,목374동,유입 집중형,12.532080928552315,52.32049763913538,0.2837929360517606,1.571679047335687,171,849956365,25836,0.2765305167365148,0.8033654069573788,0.4872644728248604
3000771,목상권771,CS100003,양식음식점,관광특구,목구21,11000375,목375동,청년 밀집형,6.812772596380934,56.98295136667618,0.8753908460968359,2.2851183666652837,115,553723276,29558,0.8749628531249648,0.7141061841823508,0.8106201855479191
3000772,목상권772,CS100004,분식전문점,골목상권,목구22,11000376,목376동,가족 주거형,45.48542197293814,39.27990789933455,0.21833784992927874,4.281779788723603,176,465626631,17965,0.21031926167342718,0.46430155210056756,0.3119121778442833
3000773,목상권773,CS100005,패스트푸드점,발달상권,목구23,11000377,목377동,일반 주거·생활형,11.567015376407086,36.477063237235086,0.17026078599608618,6.010224890161924,123,937494351,10939,0.1616867881509207,0.2480537757533623,0.19623358319189732
3000774,목상권774,CS100006,제과점,전통시장,목구24,11000378,목378동,발달상권형,18.701346209763784,38.14657864290979,0.6042192066041415,4.713455879852746,38,282671672,45350,0.6006585071688825,0.4102940544188358,0.5245127260688638
3000775,목상권775,CS100007,커피-음료,관광특구,목구0,11000379,목379동,전통시장형,28.865391761534788,39.562906769541925,0.25213094318574564,2.224885328043685,78,601595646,553,0.24450274915349524,0.7216420096787562,0.43535845336359963
3000776,목상권776,CS100008,치킨전문점,골목상권,목구1,11000380,목380동,관광특구형,6.801289757229946,50.62364550413687,0.30099506183353175,5.836628921735813,50,865640948,9669,0.2939313698288608,0.269772569207518,0.2842678495803237
3000777,목상권777,CS100009,호프-간이주점,발달상권,목구2,11000381,목381동,유입 집중형,34.107173526145104,52.01388492770805,0.507765569876332,3.5557735658227836,60,887834875,38580,0.5030905911906332,0.5551330347932437,0.5239075686316774
3000778,목상권778,CS100010,반찬가게,전통시장,목구3,11000382,목382동,청년 밀집형,21.506602965657933,55.042024212571356,0.7377835929143668,0.7324734135798749,159,54699673,2754,0.7357658941301171,0.9083593995619033,0.8048032963028315
3000779,목상권779,CS100000,한식음식점,관광특구,목구4,11000383,목383동,가족 주거형,14.07651550798067,34.43879272169375,0.700977780603281,4.758112821884701,188,430612320,36655,0.6985348832019012,0.4047069724774769,0.5810037189121314
3000780,목상권780,CS100001,중식음식점,골목상권,목구5,11000384,목384동,일반 주거·생활형,7.0984616041140685,38.89144687497376,0.8667487143132945,1.050760430470838,44,160883378,7912,0.8662208832383443,0.8685381407984167,0.8671477862623733
3000781,목상권781,CS100002,일식음식점,발달상권,목구6,11000385,목385동,발달상권형,41.23138475405724,55.9136448432761,0.20521050182908973,5.192474898862823,90,37905018,33932,0.19704026007319833,0.3503634279831166,0.2583695272371656
3000782,목상권782,CS100003,양식음식점,전통시장,목구7,11000386,목386동,전통시장형,13.031290031401216,34.38626615488289,0.5236255519822942,4.84183892640632,13,223671136,11868,0.5191337955116673,0.3942319021903459,0.4691730381831387
3000783,목상권783,CS100004,분식전문점,관광특구,목구8,11000387,목387동,관광특구형,46.288576133693994,32.829700195990796,0.7512198897977108,1.190514922108731,11,953379314,9482,0.7493574136398728,0.8510532938535645,0.7900357657253496
3000784,목상권784,CS100005,패스트푸드점,골목상권,목구9,11000388,목388동,유입 집중형,9.35939199937301,21.482265820105,0.6267954517351583,0.5712476860546145,194,222747807,8657,0.6234955640469287,0.9285305377937657,0.7455095535456635
3000785,목상권785,CS100006,제과점,발달상권,목구10,11000389,목389동,청년 밀집형,17.405663480570496,50.32092711300612,0.10519013053226771,2.91924491284262,21,199135074,24951,0.09586440487614917,0.6347698746753428,0.31142659279582663
3000786,목상권786,CS100007,커피-음료,전통시장,목구11,11000390,목390동,가족 주거형,2.2389200534205145,44.798087419761956,0.8599205552982265,1.275523325421955,152,44537570,13467,0.8593138420145043,0.840417793673655,0.8517554226781646
3000787,목상권787,CS100008,치킨전문점,관광특구,목구12,11000391,목391동,일반 주거·생활형,12.204559047091744,24.365794811971288,0.3594096512055111,4.839158087459905,182,231292690,21210,0.3530207929040405,0.3945673050680101,0.36963939776962834
3000788,목상권788,CS100009,호프-간이주점,골목상권,목구13,11000392,목392동,발달상권형,16.655393434355474,47.09801345784293,0.5302600743069069,1.2311774569128682,74,253067355,44673,0.5258449630599719,0.845965956844875,0.6538933605739331
3000789,목상권789,CS100010,반찬가게,발달상권,목구14,11000393,목393동,전통시장형,37.72704588204476,25.267259668797625,0.3115459050031957,5.0004412062831,8,729214073,22545,0.30460410146242767,0.3743889865441328,0.3325180554951097
3000790,목상권790,CS100000,한식음식점,전통시장,목구15,11000394,목394동,관광특구형,33.43290566316034,37.16335726519702,0.3533222786877924,7.427563070775025,116,505447294,18732,0.3468630961029012,0.0707289480023815,0.23640943686269333
3000791,목상권791,CS100001,중식음식점,관광특구,목구16,11000395,목395동,유입 집중형,47.20128333659543,23.614974705627162,0.043328783044580585,3.6918046568994463,25,967996005,29953,0.03328840506172497,0.5381140268218978,0.23521865376579412
3000792,목상권792,CS100002,일식음식점,골목상권,목구17,11000000,목0동,청년 밀집형,5.739947780223444,27.547839331336608,0.3736717502274995,6.046743643479054,175,364123950,21209,0.367447654619765,0.24348487206459024,0.3178625415976951
3000793,목상권793,CS100003,양식음식점,발달상권,목구18,11000001,목1동,가족 주거형,15.929893427611985,23.32046409479817,0.42758743076138533,2.3328492108570194,77,291395172,10551,0.42198619527723324,0.708134522767679,0.5364455262734116
3000794,목상권794,CS100004,분식전문점,전통시장,목구19,11000002,목2동,일반 주거·생활형,5.391559390936122,23.392893101519505,0.47018929149944955,7.273880075741667,99,516563091,43158,0.4650802133984816,0.0899564062020588,0.3150306905199125
3000795,목상권795,CS100005,패스트푸드점,관광특구,목구20,11000003,목3동,발달상권형,36.541610968873435,37.18636826633191,0.773619848137055,3.6626936310747205,50,680616467,45831,0.7720161471756224,0.5417561411109455,0.6799121447497516
3000796,목상권796,CS100006,제과점,골목상권,목구21,11000004,목4동,전통시장형,28.11543556078498,53.81486118590802,0.09789182824439219,6.644898321355132,37,698619087,31099,0.08848178905610724,0.16864904482614174,0.12054869136412104
3000797,목상권797,CS100007,커피-음료,발달상권,목구22,11000005,목5동,관광특구형,17.718739971579506,41.4501834053636,0.20966227859534192,7.381079538193295,47,213899108,25778,0.20154346592648664,0.07654455681124517,0.15154390228039005
3000798,목상권798,CS100008,치킨전문점,전통시장,목구23,11000006,목6동,유입 집중형,18.983751737554524,44.43793524673518,0.7149651975542711,6.743651021104179,103,552655142,46584,0.7126838895859546,0.15629397973830994,0.4901279256468967
3000799,목상권799,CS100009,호프-간이주점,관광특구,목구24,11000007,목7동,청년 밀집형,49.47678947508474,36.254436015833576,0.14356281842606414,2.535506221003974,77,315944363,7850,0.13468039269469934,0.68277986859383,0.35392018305435163
3000800,목상권800,CS100010,반찬가게,골목상권,목구0,11000008,목8동,가족 주거형,11.065292603827679,48.006867521423125,0.06677692062885848,0.7608959013822627,20,398872023,34293,0.05700742691805321,0.9048034290654106,0.3961258277769961
3000801,목상권801,CS100000,한식음식점,발달상권,목구1,11000009,목9동,일반 주거·생활형,2.9943384596708396,50.01732706717601,0.8731539556385284,5.18652529576376,193,564342883,8092,0.8727001210218239,0.35110778974459245,0.6640631885109313
3000802,목상권802,CS100001,중식음식점,전통시장,목구2,11000010,목10동,발달상권형,45.84914073739932,39.114040269637755,0.8037014125603432,2.88875462795185,66,227812874,24125,0.8024452284390712,0.6385845496698423,0.7369009569313796
3000803,목상권803,CS100002,일식음식점,관광특구,목구3,11000011,목11동,전통시장형,44.606228147170334,34.97778550804717,0.044758099879816125,6.2051989200083515,150,902485133,34872,0.03473423405913332,0.2236603481781052,0.11030467970672207
3000804,목상권804,CS100003,양식음식점,골목상권,목구4,11000012,목12동,관광특구형,38.00131260356821,42.71316593209658,0.21627599526929783,1.6297534305455939,161,488381019,41387,0.2082335874671546,0.7960996533494527,0.44338001382007386
3000805,목상권805,CS100004,분식전문점,발달상권,목구5,11000013,목13동,유입 집중형,40.807263988850856,24.00264529737815,0.6449292909137923,7.522331599875167,60,729470399,39410,0.6418388941417487,0.05887234713692879,0.4086522753398207
3000806,목상권806,CS100005,패스트푸드점,전통시장,목구6,11000014,목14동,청년 밀집형,21.96585142732788,46.67526331681348,0.6234926494999059,4.176790661866222,182,15885746,18841,0.6201546062363772,0.4774368638351726,0.5630675092758953
3000807,목상권807,CS100006,제과점,관광특구,목구7,11000015,목15동,가족 주거형,23.438452714487436,24.1618781478659,0.5290142211013107,6.872937672317738,46,723999734,43723,0.5245847171531444,0.14011877648016557,0.37079834088395286
3000808,목상권808,CS100007,커피-음료,골목상권,목구8,11000016,목16동,일반 주거·생활형,6.142578458157889,24.49721848115082,0.17669471933519362,6.960355530670277,45,541253411,48743,0.16819504941235117,0.12918182657875366,0.15258976027891216
3000809,목상권809,CS100008,치킨전문점,발달상권,목구9,11000017,목17동,발달상권형,27.326602836890853,54.09388103383688,0.8643881396025002,6.158813676438804,59,638177796,1947,0.8638330380221696,0.22946365993437168,0.6100852867870504
3000810,목상권810,CS100009,호프-간이주점,전통시장,목구10,11000018,목18동,전통시장형,12.657689312772447,48.66812226794154,0.309984298186713,6.144644680476421,115,713242645,14429,0.30302445420566737,0.23123635949387056,0.2743092163209486
3000811,목상권811,CS100010,반찬가게,관광특구,목구11,11000019,목19동,관광특구형,5.800778544129413,57.770786721884484,0.06772223818633266,5.386306292187408,99,166307379,39375,0.05796366524300807,0.3261129569916792,0.16522338194247654
3000812,목상권812,CS100000,한식음식점,골목상권,목구12,11000020,목20동,유입 집중형,39.4173120395335,24.26053414171591,0.10349500203042673,0.6567845012052089,65,931553561,40421,0.09414969342668165,0.9178289273944851,0.42362138701380303
3000813,목상권813,CS100001,중식음식점,발달상권,목구13,11000021,목21동,청년 밀집형,17.4909725924684,49.232320305146736,0.37788554297778915,0.8950839407907107,55,823882836,33629,0.3717101271501707,0.8880150074312373,0.5782320792625973
3000814,목상권814,CS100002,일식음식점,전통시장,목구14,11000022,목22동,가족 주거형,26.511054341805398,23.325418507162922,0.17509154485325007,5.1989149278132,119,715607895,2226,0.1665733542802728,0.3495577084731526,0.23976709595742474
3000815,목상권815,CS100003,양식음식점,관광특구,목구15,11000023,목23동,일반 주거·생활형,33.808444920823426,39.46936664840763,0.5469045231653271,5.700910926618416,93,237383401,46800,0.5426816966743343,0.28675240537935565,0.4403099801563428
3000816,목상권816,CS100004,분식전문점,골목상권,목구16,11000024,목24동,발달상권형,47.486173960763985,20.861987788662315,0.6734169538074603,4.867636352681292,135,483880532,12488,0.6706556603510907,0.3910043561937727,0.5587951386881636
3000817,목상권817,CS100005,패스트푸드점,발달상권,목구17,11000025,목25동,전통시장형,5.420234660737406,56.64039369365203,0.7067645197900603,4.9991311479141505,125,384485801,32310,0.7043884736098711,0.3745528894699096,0.5724542399538866
3000818,목상권818,CS100006,제과점,전통시장,목구18,11000026,목26동,관광특구형,21.57046574779571,29.36109247814805,0.6598128018469386,2.162028543326815,76,66811910,33369,0.6568943466207934,0.7295060950998362,0.6859390460124105
3000819,목상권819,CS100007,커피-음료,관광특구,목구19,11000027,목27동,유입 집중형,4.5249377779258495,57.33664995481005,0.14122052465023152,0.8843685148242084,12,986701117,37703,0.13231103960372437,0.8893556268329995,0.4351288744954344
3000820,목상권820,CS100008,치킨전문점,골목상권,목구20,11000028,목28동,청년 밀집형,28.170763228885335,30.616226923726,0.19730947500424437,0.5782112947681668,61,795426190,16278,0.18904795674964575,0.9276593126108515,0.4844924990941281
3000821,목상권821,CS100009,호프-간이주점,발달상권,목구21,11000029,목29동,가족 주거형,41.27343972401154,41.1018494076059,0.7899246126295407,0.1915683644647741,116,235152733,19011,0.7885092722253005,0.9760326591804938,0.8635186270073778
3000822,목상권822,CS100010,반찬가게,전통시장,목구22,11000030,목30동,일반 주거·생활형,9.595474933777115,39.72674186083256,0.861023051681308,4.27158417030989,165,677379778,9816,0.8604290749711877,0.4655771377750072,0.7024883000927156
3000823,목상권823,CS100000,한식음식점,관광특구,목구23,11000031,목31동,발달상권형,12.346920035122757,22.410772705669405,0.12708224404879892,1.0145129599056215,21,223146244,8862,0.11800942671907749,0.8730731039866696,0.42003489762611435
3000824,목상권824,CS100001,중식음식점,골목상권,목구24,11000032,목32동,전통시장형,44.98283712096228,45.59298105804746,0.45079106162901134,1.1852493695967636,85,299662856,34817,0.4454578857565836,0.8517120732507262,0.6079595607542406
3000825,목상권825,CS100002,일식음식점,발달상권,목구0,11000033,목33동,관광특구형,3.3227066610696174,37.107523998952935,0.43576932694015025,1.796133934345347,28,143839875,29403,0.43026261269387517,0.7752835950643013,0.5682710056420457
3000826,목상권826,CS100003,양식음식점,전통시장,목구1,11000034,목34동,유입 집중형,1.7972629298921179,56.75774983265669,0.3951615746710807,6.27287249408523,186,706878210,21429,0.3891857399510166,0.21519362863959335,0.3195888954264473
3000827,목상권827,CS100004,분식전문점,관광특구,목구2,11000035,목35동,청년 밀집형,37.69643630589944,41.50099977822181,0.27325617824984444,4.16873796487912,61,473571495,14248,0.26587203319170394,0.47844434611830067,0.35090095836234264
3000828,목상권828,CS100005,패스트푸드점,골목상권,목구3,11000036,목36동,가족 주거형,42.18719071052536,33.168440355711894,0.0672927879336786,0.24452573858888105,30,849712225,49060,0.05752925377248952,0.9694071005289661,0.4222803924750802
3000829,목상권829,CS100006,제과점,발달상권,목구4,11000037,목37동,일반 주거·생활형,38.09362587651242,36.53592112179234,0.31637391129093645,5.339352262305919,163,790495507,23080,0.30948788322333803,0.33198743026477473,0.3184877020399127
3000830,목상권830,CS100007,커피-음료,전통시장,목구5,11000038,목38동,발달상권형,11.533833537415122,25.131064895074566,0.44797469194800843,0.6531882554479704,75,709462260,32092,0.4426089800053653,0.918278857882618,0.6328769311562663
3000831,목상권831,CS100008,치킨전문점,관광특구,목구6,11000039,목39동,전통시장형,47.218557728093224,56.72132649039037,0.8688877189430929,3.186949955498605,11,925473529,25659,0.8683845986883507,0.6012769855213183,0.7615415534215377
3000832,목상권832,CS100009,호프-간이주점,골목상권,목구7,11000040,목40동,관광특구형,19.002947769565754,20.056564425461367,0.6478679413088113,2.648715087141536,92,397027579,14791,0.6448114932531723,0.6686161757205855,0.6543333662401376
3000833,목상권833,CS100010,반찬가게,발달상권,목구8,11000041,목41동,유입 집중형,37.80976825093667,38.08151512556957,0.6243818106506954,4.422239776992348,84,638292949,20667,0.6210540394085672,0.446728439651931,0.5513237995059127
3000834,목상권834,CS100000,한식음식점,전통시장,목구9,11000042,목42동,청년 밀집형,5.464808274145075,59.110012318295574,0.17142119414101809,5.603270058709914,123,43280555,38050,0.16286060189424995,0.2989683678928624,0.21730370829369494
3000835,목상권835,CS100001,중식음식점,관광특구,목구10,11000043,목43동,가족 주거형,28.585738547095552,36.74655609925744,0.8750831458011185,2.0412235487057515,125,296221535,26832,0.8746515981260085,0.7446201484398597,0.8226390182515488
3000836,목상권836,CS100002,일식음식점,골목상권,목구11,11000044,목44동,일반 주거·생활형,38.330613041240376,35.2056608524456,0.7365237076805279,5.8436705853578434,130,27598409,536,0.7344914540902425,0.2688915784842477,0.5482515038478446
3000837,목상권837,CS100003,양식음식점,발달상권,목구12,11000045,목45동,발달상권형,39.0057071405445,59.297009626430686,0.8325755583076232,2.556861936568665,164,786264302,17993,0.8316529423396304,0.680108030188708,0.7710349774792614
3000838,목상권838,CS100004,분식전문점,전통시장,목구13,11000046,목46동,전통시장형,35.77716720435899,44.2609761063126,0.7524405214863101,7.837839655713115,146,161605290,4356,0.7505921466584912,0.019398767421952345,0.4581147949638756
3000839,목상권839,CS100005,패스트푸드점,관광특구,목구14,11000047,목47동,관광특구형,32.39575808604292,43.71725664973179,0.442352823004714,0.006913670249429238,191,966641685,12526,0.4369221645019958,0.999135022676397,0.6618073077717563
3000840,목상권840,CS100006,제과점,골목상권,목구15,11000048,목48동,유입 집중형,28.57933181997536,32.935488578514494,0.7161901044241171,0.6309811349362082,125,243765103,44420,0.7139229471747894,0.9210572165506178,0.7967766549251207
3000841,목상권841,CS100007,커피-음료,발달상권,목구16,11000049,목49동,청년 밀집형,14.831271841363739,48.654143262618774,0.36522965151553183,3.3615609316070882,75,453355007,11008,0.35890802868389954,0.5794312032758462,0.44711729852067816
3000842,목상권842,CS100008,치킨전문점,전통시장,목구17,11000050,목50동,가족 주거형,28.09743746195346,23.627400755781288,0.3145627221581835,2.2397208890138502,74,925236721,35417,0.3076557703541899,0.7197859153961019,0.47250782837095473
3000843,목상권843,CS100009,호프-간이주점,관광특구,목구18,11000051,목51동,일반 주거·생활형,46.790370559852725,36.79027365123183,0.8403381615720164,0.39325737981951914,41,833851839,5139,0.8395052229665405,0.9507991119606097,0.8840227785641681
3000844,목상권844,CS100010,반찬가게,골목상권,목구19,11000052,목52동,발달상권형,5.674259730456238,51.62959418297489,0.5159024325287404,3.5638330390887534,8,352518569,9575,0.5113214548317532,0.5541247047219875,0.5284427547878469
3000845,목상권845,CS100000,한식음식점,발달상권,목구20,11000053,목53동,전통시장형,9.71949841232492,38.54909065380478,0.6399939852128887,5.792979846452414,112,433405067,46217,0.6368465733927489,0.2752335557680933,0.4922013663428866
3000846,목상권846,CS100001,중식음식점,전통시장,목구21,11000054,목54동,관광특구형,3.585703574171804,48.90312835069658,0.8677983982926256,3.2462333186862518,195,866896129,23028,0.867282693676743,0.5938599750226659,0.7579136062151122
3000847,목상권847,CS100002,일식음식점,관광특구,목구22,11000055,목55동,유입 집중형,31.68926899282491,49.383278775882935,0.0609862184567371,7.880033098873729,86,129020816,30329,0.05114982774241002,0.01411989668875857,0.036337855320949436
3000848,목상권848,CS100003,양식음식점,골목상권,목구23,11000056,목56동,청년 밀집형,1.7450103772584504,46.933727527385514,0.7978304687928589,4.0358578187805945,95,383695581,36347,0.7965064606781892,0.4950691356997494,0.6759315306868132
3000849,목상권849,CS100004,분식전문점,발달상권,목구24,11000057,목57동,가족 주거형,28.952831508437654,53.084348693971044,0.01675416967382895,0.5579933615230344,111,660193075,47156,0.006406788852386187,0.9301888017470457,0.37591959401025
3000850,목상권850,CS100005,패스트푸드점,전통시장,목구0,11000058,목58동,일반 주거·생활형,33.98611886956073,46.729249832090886,0.8984276860037907,2.551164563730458,110,795244241,17996,0.8982658257934707,0.6808208351289737,0.8112878295276719
3000851,목상권851,CS100006,제과점,관광특구,목구1,11000059,목59동,발달상권형,28.500036657062797,35.9900686663007,0.6675995972477243,1.0703501036960432,60,447142882,18886,0.6647710988634036,0.8660872540038094,0.745297560919566
3000852,목상권852,CS100007,커피-음료,골목상권,목구2,11000060,목60동,전통시장형,18.817063169204676,27.610789757879537,0.4963975631989778,7.826030665115505,23,660379780,16283,0.49159125577971147,0.020876203966227358,0.3033052350543178
3000853,목상권853,CS100008,치킨전문점,발달상권,목구3,11000061,목61동,관광특구형,2.4790910075111925,56.8069242566302,0.862894149112609,5.501525020126778,71,314239421,29479,0.8623217882286408,0.31169780797149416,0.6420721961257821
3000854,목상권854,CS100009,호프-간이주점,전통시장,목구4,11000062,목62동,유입 집중형,5.413392698087906,28.658895396686546,0.6712343766609468,4.864883711575828,178,509716900,13154,0.6684478690134968,0.39134874232304184,0.5576082183373148
3000855,목상권855,CS100010,반찬가게,관광특구,목구5,11000063,목63동,청년 밀집형,15.12566210203954,40.349376990343934,0.7615669868135136,0.4346674288623493,186,102981689,47538,0.7598240453450678,0.9456182525763638,0.8341417282375863
3000856,목상권856,CS100000,한식음식점,골목상권,목구6,11000064,목64동,가족 주거형,6.063157356141871,20.247929267853976,0.49209669058743044,1.572855422614345,38,623444214,6131,0.48724069739920384,0.8032182292784651,0.6136317101509083
3000857,목상권857,CS100001,중식음식점,발달상권,목구7,11000065,목65동,일반 주거·생활형,46.46196568490496,54.15520169781068,0.4240377121157724,5.374148608853271,33,597456822,29424,0.41839546855804327,0.32763401888965493,0.3820908886906879
3000858,목상권858,CS100002,일식음식점,전통시장,목구8,11000066,목66동,발달상권형,12.048953562039209,57.16944123601666,0.2524403861544845,0.9757136450441113,88,194816155,7728,0.2448157669576779,0.8779273313819249,0.49806039272737673
3000859,목상권859,CS100003,양식음식점,관광특구,목구9,11000067,목67동,전통시장형,33.11308265796482,35.84777658629156,0.2659905010314259,0.7408733204569025,176,225000995,14718,0.25852241934176445,0.907308477445737,0.5180368425833535
3000860,목상권860,CS100004,분식전문점,골목상권,목구10,11000068,목68동,관광특구형,2.0491344340588284,57.12825272875757,0.8289499106553577,3.3525909570561687,104,989158679,17744,0.8279854094450311,0.580553447221525,0.7290126245556287
3000861,목상권861,CS100005,패스트푸드점,발달상권,목구11,11000069,목69동,유입 집중형,26.23172728039517,43.39339375982439,0.30112797342803127,7.716922449621591,94,423220528,29618,0.2940658168826434,0.034526859669516186,0.1902502339973925
3000862,목상권862,CS100006,제과점,전통시장,목구12,11000070,목70동,청년 밀집형,38.00350094709486,22.656472882460452,0.6110589123449104,7.837671126095569,144,484002805,9854,0.607577228511806,0.01941985235835708,0.3723142780504264
3000863,목상권863,CS100007,커피-음료,관광특구,목구13,11000071,목71동,가족 주거형,37.81998979248759,31.88043993124714,0.07716165150406672,4.978826208981263,38,80839415,1720,0.06751212724727282,0.37709326398886245,0.19134458194390866
3000864,목상권864,CS100008,치킨전문점,골목상권,목구14,11000072,목72동,일반 주거·생활형,41.615793562279606,24.523746037930003,0.4163891781583403,0.6075899816217776,65,237393647,36385,0.41065857502212166,0.9239837109392639,0.6159886293889786
3000865,목상권865,CS100009,호프-간이주점,발달상권,목구15,11000073,목73동,발달상권형,30.947456366971828,23.840861532204375,0.7637582788489322,1.4041933400183453,41,961868458,41027,0.7620406522501953,0.8243197385396633,0.7869522867659825
3000866,목상권866,CS100010,반찬가게,전통시장,목구16,11000074,목74동,전통시장형,32.02944816786851,51.22878733869548,0.759918636019861,2.4552116515379465,141,600512447,35693,0.7581566520025893,0.6928256155402246,0.7320242374176433
3000867,목상권867,CS100000,한식음식점,관광특구,목구17,11000075,목75동,관광특구형,33.25904173664731,25.470902729328074,0.6974454030243173,5.589647161147389,191,89430311,11032,0.6949616978817834,0.30067274444659275,0.5372461165077071
3000868,목상권868,CS100001,중식음식점,골목상권,목구18,11000076,목76동,유입 집중형,4.354658693779754,57.472058551762785,0.16842751635484826,0.459431746578022,141,529257977,35115,0.15983233968853103,0.9425199599928658,0.4729073878102649
3000869,목상권869,CS100002,일식음식점,발달상권,목구19,11000077,목77동,청년 밀집형,11.833994345426925,42.849547042874235,0.03600482838428556,7.721517526068764,82,288770928,44327,0.025879840520600262,0.03395196431240033,0.02910869003732029
3000870,목상권870,CS100003,양식음식점,전통시장,목구20,11000078,목78동,가족 주거형,23.133793925412196,33.0998200690959,0.5502213608703431,1.37231602243466,125,778845134,40974,0.5460368520992119,0.828307946807111,0.6589452899823716
3000871,목상권871,CS100004,분식전문점,관광특구,목구21,11000079,목79동,일반 주거·생활형,24.43245782255463,25.207720306794208,0.8551913237880532,3.590115523505264,27,624968545,1972,0.854529976125358,0.5508364725373373,0.7330525746901497
3000872,목상권872,CS100005,패스트푸드점,골목상권,목구22,11000080,목80동,발달상권형,17.79025579505638,33.82959929104871,0.3806284837623931,6.1962029230943765,106,527309041,47859,0.374484755718721,0.2247858478118827,0.3146051925559857
3000873,목상권873,CS100006,제과점,발달상권,목구23,11000081,목81동,전통시장형,3.950383416322362,47.407416450939294,0.7151040020620024,5.500358436326295,107,257008990,28672,0.7128242976307642,0.31184376062718855,0.5524320828293339
3000874,목상권874,CS100007,커피-음료,전통시장,목구24,11000082,목82동,관광특구형,37.26349862747347,59.33669945703136,0.7050798136641285,6.431717715333087,128,95095148,29096,0.7026843049406606,0.19532031831597085,0.4997387102907847
3000875,목상권875,CS100008,치킨전문점,관광특구,목구0,11000083,목83동,유입 집중형,8.241460737381876,28.476716180416368,0.5404176478240098,0.8620540893910622,149,499975387,48428,0.5361198817989752,0.8921474105444799,0.678530893297177
3000876,목상권876,CS100009,호프-간이주점,골목상권,목구1,11000084,목84동,청년 밀집형,44.04709454020478,49.92525433244682,0.8882584779577657,3.554516764009019,24,102809290,17893,0.8879791381178174,0.5552902747294786,0.7549035927624819
3000877,목상권877,CS100010,반찬가게,발달상권,목구2,11000085,목85동,가족 주거형,33.57112186849264,29.562391757325553,0.09336853945815587,0.06268976757669531,48,343784102,24950,0.08390624504125291,0.9921568102875223,0.4472064711397607
3000878,목상권878,CS100000,한식음식점,전통시장,목구3,11000086,목86동,일반 주거·생활형,27.35820722466896,31.99619019552529,0.6749948216314825,4.693832766576395,9,449788446,47607,0.6722517564704462,0.4127491249371237,0.5684507038571172
3000879,목상권879,CS100001,중식음식점,관광특구,목구4,11000087,목87동,발달상권형,43.18560194274643,42.865077598887254,0.6267001079774059,5.1327974804038385,184,112229987,38117,0.6233991188317869,0.357829739194944,0.5171713669770497
3000880,목상권880,CS100002,일식음식점,골목상권,목구5,11000088,목88동,전통시장형,9.985437308395497,40.02030674842006,0.8902490230796977,5.928908380367142,198,224025577,4359,0.8899926789836288,0.2582273788425228,0.6372865589271863
3000881,목상권881,CS100003,양식음식점,발달상권,목구6,11000089,목89동,관광특구형,10.157169580559534,23.336312680209296,0.8030152792717614,5.732374400701599,6,316320786,26729,0.8017511686055456,0.282815973553442,0.5941770905847041
3000882,목상권882,CS100004,분식전문점,전통시장,목구7,11000090,목90동,유입 집중형,12.22434816336354,56.34758046664855,0.4014764279886323,0.6742962800500703,85,916237058,22521,0.3955735455206556,0.9156380083818222,0.6035993306651222
3000883,목상권883,CS100005,패스트푸드점,관광특구,목구8,11000091,목91동,청년 밀집형,48.4506127653423,25.548940636465733,0.042066621205319905,3.132761496815938,113,561735578,13201,0.0320116621159773,0.60805656659338,0.2624296239069384
3000884,목상권884,CS100006,제과점,골목상권,목구9,11000092,목92동,가족 주거형,47.79318350654006,57.788811176697735,0.03177669602965112,1.3559644952298537,159,388121906,26346,0.021602862727776926,0.830353705388033,0.34510319979187937
3000885,목상권885,CS100007,커피-음료,발달상권,목구10,11000093,목93동,일반 주거·생활형,11.86257185985244,34.611096425223245,0.19079449831654688,1.2046816866174446,30,491656472,19293,0.18245771588750673,0.8492808734738287,0.4491869789220356
3000886,목상권886,CS100008,치킨전문점,전통시장,목구11,11000094,목94동,발달상권형,8.041193573257003,56.45300511838499,0.5641543140176093,6.893342027728833,39,236134470,27407,0.5601307654872325,0.13756596385003006,0.39110484483235153
3000887,목상권887,CS100009,호프-간이주점,관광특구,목구12,11000095,목95동,전통시장형,27.77536153077443,36.14699721248115,0.7776079536914544,2.9290835227427756,84,734411191,35946,0.7760503252620546,0.6335389547511372,0.7190457770576877
3000888,목상권888,CS100010,반찬가게,골목상권,목구13,11000096,목96동,관광특구형,8.46400485726209,59.163818879542625,0.2588234371463479,2.49610385220297,63,634182642,30056,0.25127255805428,0.6877095447686412,0.4258473527400245
3000889,목상권889,CS100000,한식음식점,발달상권,목구14,11000097,목97동,유입 집중형,36.261135528616265,32.61512015051568,0.7669797095793448,1.0312714144800594,171,518258659,9817,0.7652992985127682,0.8709764342493883,0.8075701528074163
3000890,목상권890,CS100001,중식음식점,전통시장,목구15,11000098,목98동,청년 밀집형,18.335672397939295,54.9322239818187,0.5774931283069777,3.541661426287078,153,394740107,2786,0.5736236762367486,0.5568986209790927,0.5669336541336862
3000891,목상권891,CS100002,일식음식점,관광특구,목구16,11000099,목99동,가족 주거형,32.488408483380994,44.20222038966813,0.1091190558479624,4.478887432652867,176,541347485,22840,0.09983871904502066,0.4396411855866005,0.2357597056616526
3000892,목상권892,CS100003,양식음식점,골목상권,목구17,11000100,목100동,일반 주거·생활형,23.816928669936466,41.01656947535801,0.5578811844429205,4.890278460133559,125,61494881,1274,0.5537851656733953,0.3881715758038762,0.4875397297255876
3000893,목상권893,CS100004,분식전문점,발달상권,목구18,11000101,목101동,발달상권형,35.60805882628335,26.169912161109572,0.10141594127397548,1.3840614187732019,62,977396934,41545,0.09204661435075681,0.8268384666145305,0.38596335525626635
3000894,목상권894,CS100005,패스트푸드점,전통시장,목구19,11000102,목102동,전통시장형,44.48820533427159,35.35743527399564,0.5799635289233728,7.064449434891713,190,177279630,709,0.5761226161207182,0.11615851718902959,0.3921369765480428
3000895,목상권895,CS100006,제과점,관광특구,목구20,11000103,목103동,관광특구형,16.10897058030986,51.87999243746196,0.6222850839622255,3.7497382596779962,115,137743231,35430,0.6189330903151983,0.5308658864174276,0.58370620875609
3000896,목상권896,CS100007,커피-음료,골목상권,목구21,11000104,목104동,유입 집중형,13.879050094530522,52.334758595717936,0.14636294673843703,1.4315014432569253,138,159778348,35925,0.13751286944911026,0.8209031899916714,0.4108689976661347
3000897,목상권897,CS100008,치킨전문점,발달상권,목구22,11000105,목105동,청년 밀집형,13.348523652134272,51.43617569717449,0.07744989697947814,2.4789006904180857,94,593031959,41280,0.06780370267439141,0.6898618523420936,0.3166269625414723
3000898,목상권898,CS100009,호프-간이주점,전통시장,목구23,11000106,목106동,가족 주거형,2.2584156305300347,23.86262872982479,0.01934039700698756,5.698537714656233,16,663698439,40756,0.00902289353959824,0.28704932068733713,0.12023346439869381
3000899,목상권899,CS100010,반찬가게,관광특구,목구24,11000107,목107동,일반 주거·생활형,27.75208261514035,29.286652669032907,0.8669489475499583,6.897099215108946,6,736614541,4371,0.8664234296665937,0.13709589776832865,0.5746924169072877
3000900,목상권900,CS100000,한식음식점,골목상권,목구0,11000108,목108동,발달상권형,31.861719374309843,35.86434370166519,0.40351978466742394,4.891034037027728,66,168363235,18751,0.39764050804807743,0.3880770447001186,0.3938151227088939
3000901,목상권901,CS100001,중식음식점,발달상권,목구1,11000109,목109동,전통시장형,31.271205451583292,20.65611637590535,0.8912661389512923,5.762480381757366,153,927219581,17445,0.8910215450716947,0.27904937925857953,0.6462326787464486
3000902,목상권902,CS100002,일식음식점,전통시장,목구2,11000110,목110동,관광특구형,2.811833580569015,51.53060611628817,0.6093326208927335,1.096796163087114,82,817525060,15906,0.6058309941024672,0.8627785567638991,0.7086100191670399
3000903,목상권903,CS100003,양식음식점,관광특구,목구3,11000111,목111동,유입 집중형,39.386903822367415,42.627260805585955,0.16574681887506096,1.288764333214547,175,499384501,17190,0.15712067348968067,0.8387611957930736,0.42977688241103784
3000904,목상권904,CS100004,분식전문점,골목상권,목구4,11000112,목112동,청년 밀집형,21.85756603817524,45.68019360856049,0.4722210743563694,2.5851676660469236,179,237424454,20430,0.467135468397621,0.676566667461905,0.5509079480233345
3000905,목상권905,CS100005,패스트푸드점,발달상권,목구5,11000113,목113동,가족 주거형,45.782943369971676,29.762240542023267,0.3625225781656946,1.1506530085921955,56,48725190,33870,0.35616968190814,0.85604046420206,0.556117994825708
3000906,목상권906,CS100006,제과점,전통시장,목구6,11000114,목114동,일반 주거·생활형,31.150058440376313,59.97660703430163,0.0894718978805119,6.350136315251658,128,124546584,33408,0.07996458756785144,0.20552706213688843,0.13018957739546624
3000907,목상권907,CS100007,커피-음료,관광특구,목구7,11000115,목115동,발달상권형,1.7152375546588676,42.3961318734321,0.5963992861502415,0.2642744268561854,23,446293397,6111,0.5927482471964586,0.966936319177551,0.7424234759888955
3000908,목상권908,CS100008,치킨전문점,골목상권,목구8,11000116,목116동,전통시장형,44.836754064891565,52.33118502473169,0.439808807083196,5.620290522464409,156,113527586,40794,0.4343487588731499,0.29683891788241945,0.3793448224768577
3000909,목상권909,CS100009,호프-간이주점,발달상권,목구9,11000117,목117동,관광특구형,46.545425007859045,41.52586285288387,0.3904549720925388,1.4525602492095766,153,247643959,41706,0.3844247644139087,0.8182684982933359,0.5579622579656796
3000910,목상권910,CS100010,반찬가게,전통시장,목구10,11000118,목118동,유입 집중형,38.86241922691194,25.969565705568822,0.22175409039498664,0.948567104977303,13,341685418,18710,0.21377496820795935,0.8813236665736429,0.4807944475542328
3000911,목상권911,CS100000,한식음식점,관광특구,목구11,11000119,목119동,청년 밀집형,24.30516841698227,23.610794459382095,0.20045169566945806,3.935038025870621,194,318519278,1274,0.19222647787388134,0.5076828172164056,0.318409013610891
3000912,목상권912,CS100001,중식음식점,골목상권,목구12,11000120,목120동,가족 주거형,8.425967208274075,31.263604869906956,0.5730181411056287,4.014781352993581,141,379605116,48688,0.5690969918101458,0.4977060368404954,0.5405406098222857
3000913,목상권913,CS100002,일식음식점,발달상권,목구13,11000121,목121동,일반 주거·생활형,3.7249034051573213,56.28482035799111,0.10293649891892483,1.152719566258079,141,363859359,9891,0.09358473821602034,0.8557819147696432,0.3984636088374695
3000914,목상권914,CS100003,양식음식점,전통시장,목구14,11000122,목122동,발달상권형,8.24347638886437,35.06556949866314,0.6098376138084451,3.4458331554758415,189,913621241,6180,0.6063418209415713,0.5688878073622086,0.5913602155098262
3000915,목상권915,CS100004,분식전문점,관광특구,목구15,11000123,목123동,전통시장형,48.164527010891845,28.17054750333934,0.1617050439623897,3.7934785234097808,60,12899547,45277,0.1530322060304873,0.5253934911640478,0.3019767200839115
3000916,목상권916,CS100005,패스트푸드점,골목상권,목구16,11000124,목124동,관광특구형,48.10103271046928,44.940563884776914,0.26806870731464866,0.5749305269453044,62,498588373,24598,0.26062463407317116,0.9280697732878005,0.5276026897590229
3000917,목상권917,CS100006,제과점,발달상권,목구17,11000125,목125동,유입 집중형,13.002462786497485,32.07601450217877,0.18754167565472407,5.113426967803536,81,214294940,29465,0.17916731503868763,0.3602532065489463,0.2516016716427911
3000918,목상권918,CS100007,커피-음료,전통시장,목구18,11000126,목126동,청년 밀집형,2.0787042278844527,38.392237115693355,0.062408164156725454,1.8591118939921616,7,183633273,44522,0.0525882004496373,0.7674043493068429,0.33851465999251956
3000919,목상권919,CS100008,치킨전문점,관광특구,목구19,11000127,목127동,가족 주거형,26.155280814827172,39.11219833381206,0.17974641327833782,6.839785338171197,139,582184468,28101,0.17128199800586313,0.14426650355228554,0.16047580022443209
3000920,목상권920,CS100009,호프-간이주점,골목상권,목구20,11000128,목128동,일반 주거·생활형,27.766473031852748,59.862305301599285,0.4619538481665501,0.8058365680681971,111,698541276,41101,0.4567496302249775,0.8991808500026985,0.6337221181360659
3000921,목상권921,CS100010,반찬가게,발달상권,목구21,11000129,목129동,발달상권형,8.60547381197577,59.22207807861837,0.7185137822034103,4.4325383931996765,175,339388900,37492,0.7162734692081929,0.44543996780377404,0.6079400686464254
3000922,목상권922,CS100000,한식음식점,전통시장,목구22,11000130,목130동,전통시장형,49.709626203660655,41.52977108775744,0.6935056410271295,1.556243096761861,13,395254973,36947,0.6909764218408118,0.8052966166814352,0.7367044997770611
3000923,목상권923,CS100001,중식음식점,관광특구,목구23,11000131,목131동,관광특구형,26.6070457531728,45.8156899119538,0.49308758778688827,3.7688728163650165,142,763355867,13503,0.4882430419243005,0.5284719397820878,0.5043346010674155
3000924,목상권924,CS100002,일식음식점,골목상권,목구24,11000132,목132동,유입 집중형,42.72670430125064,39.99414010779241,0.5153988061424266,4.6776725572571,52,577051992,7481,0.5108120103088581,0.41477094751493926,0.4723955851912906
3000925,목상권925,CS100003,양식음식점,발달상권,목구0,11000133,목133동,청년 밀집형,37.035299037428835,23.820928754875027,0.498871606234691,0.10067806263902579,67,131124639,38647,0.49409388016199607,0.9874040505223354,0.6914179483061318
3000926,목상권926,CS100004,분식전문점,전통시장,목구1,11000134,목134동,가족 주거형,4.826541257285713,47.172868010878304,0.863023113656186,2.4431008901927482,197,663668203,23336,0.8624522426332518,0.6943408069736068,0.7952076683693938
3000927,목상권927,CS100005,패스트푸드점,관광특구,목구2,11000135,목135동,일반 주거·생활형,36.410048142186774,44.01823410757679,0.7244194534174149,6.510200188623917,143,252682488,14464,0.7222473656039213,0.18550128482902473,0.5075489332939627
3000928,목상권928,CS100006,제과점,골목상권,목구3,11000136,목136동,발달상권형,11.236715367311596,39.44586790166451,0.6764921363593202,0.39395062335969033,10,241020722,31435,0.6737663689051325,0.9507123794552473,0.7845447731251785
3000929,목상권929,CS100007,커피-음료,발달상권,목구4,11000137,목137동,전통시장형,38.187486609057586,24.47367783240413,0.4633420697926175,5.155360735223924,153,634173646,15881,0.4581538892614051,0.35500682414954354,0.4168950632166605
3000930,목상권930,CS100008,치킨전문점,전통시장,목구5,11000138,목138동,관광특구형,30.598506377258307,26.90221692168032,0.7404501046819426,7.066416215052876,108,403672468,14297,0.7384632107365197,0.11591245103624204,0.4894429068564086
3000931,목상권931,CS100009,호프-간이주점,관광특구,목구6,11000139,목139동,유입 집중형,25.208656338926207,28.472961706470052,0.8164222071273818,5.116029296596865,120,153374626,43904,0.8153129798023077,0.35992762616782026,0.6331588383485127
3000932,목상권932,CS100010,반찬가게,골목상권,목구7,11000140,목140동,청년 밀집형,44.75114990401756,44.08122446824662,0.3615266900378561,2.141842274711771,118,803354780,8627,0.3551622887970343,0.7320316226373427,0.5059100223331576
3000933,목상권933,CS100000,한식음식점,발달상권,목구8,11000141,목141동,가족 주거형,42.52603817528492,52.839645421012534,0.6820734957965033,4.007466095551008,23,720980923,1653,0.6794122069169044,0.49862125720476813,0.6070958270320499
3000934,목상권934,CS100001,중식음식점,전통시장,목구9,11000142,목142동,일반 주거·생활형,2.8021248340803293,24.51190544865848,0.020284347533715302,5.465878085230197,7,596117590,11552,0.009977749041203632,0.3161576374439862,0.13244970440231665
3000935,목상권935,CS100002,일식음식점,관광특구,목구10,11000143,목143동,발달상권형,13.1849704722739,37.63796055443858,0.6861705678236032,6.453201890121996,120,839730453,8309,0.6835566103096451,0.19263240822794425,0.4871869294769648
3000936,목상권936,CS100003,양식음식점,골목상권,목구11,11000144,목144동,전통시장형,23.73412768096925,46.95828202260087,0.3553785115315937,1.855166229895345,89,383783483,17930,0.3489430835470437,0.7678979959297177,0.5165250485001133
3000937,목상권937,CS100004,분식전문점,발달상권,목구12,11000145,목145동,관광특구형,17.419161937136302,36.05754040051088,0.35066035798732637,7.688200123050233,56,357912576,42560,0.344170423601845,0.03812034334302472,0.2217503914983169
3000938,목상권938,CS100005,패스트푸드점,전통시장,목구13,11000146,목146동,유입 집중형,34.69025144237704,42.34684949003091,0.6553474184228552,3.2713740612755906,23,106049838,35584,0.6523773769189549,0.5907145874855448,0.627712261145591
3000939,목상권939,CS100006,제과점,관광특구,목구14,11000147,목147동,청년 밀집형,7.099841666804783,45.516842408805985,0.5668601458195717,7.807484644189762,20,998289105,23398,0.5628678563721533,0.023196518208168593,0.34699932110655946
3000940,목상권940,CS100007,커피-음료,골목상권,목구15,11000148,목148동,가족 주거형,43.23222144880424,22.85126674659809,0.4259093841265279,0.8142041267753477,135,952105023,37796,0.4202887630327718,0.8981339750036776,0.6114268478211341
3000941,목상권941,CS100008,치킨전문점,발달상권,목구16,11000149,목149동,일반 주거·생활형,34.85022290272063,28.756540267291474,0.5837925019033775,5.3387170598894835,199,540902609,6170,0.5799958232559799,0.3320669011776607,0.4808242544246522
3000942,목상권942,CS100009,호프-간이주점,전통시장,목구17,11000150,목150동,발달상권형,42.35402623566633,55.81666566353624,0.4617537137132117,5.5892919693540515,63,649592077,21728,0.45654718372124664,0.3007171829048476,0.39421518339468703
3000943,목상권943,CS100010,반찬가게,관광특구,목구18,11000151,목151동,전통시장형,19.64721799418647,50.45748195226567,0.6297961907675069,6.072562006175093,81,408127662,21819,0.6265309690737715,0.24025470668803417,0.47202046411947657
3000944,목상권944,CS100000,한식음식점,골목상권,목구19,11000152,목152동,관광특구형,39.00986593868599,51.62194013625803,0.7389230603670239,0.19130762135222756,75,98719501,38913,0.7369185252641254,0.9760652810544769,0.832577227580266
3000945,목상권945,CS100001,중식음식점,발달상권,목구20,11000153,목153동,유입 집중형,30.482897098815844,55.214471523566246,0.09018431147924179,5.202474804095801,107,260118255,36483,0.08068523131442984,0.34911232821227933,0.18805607007356964
3000946,목상권946,CS100002,일식음식점,전통시장,목구21,11000154,목154동,청년 밀집형,10.572554937609446,24.056483747089487,0.591568595786642,0.4634280170408278,98,476973007,13221,0.5878617503519417,0.9420199819487006,0.7295250429906452
3000947,목상권947,CS100003,양식음식점,관광특구,목구22,11000155,목155동,가족 주거형,7.203202354096399,56.664502564637736,0.5401720441136919,5.894265058140304,97,15844570,28049,0.5358714407553278,0.2625616451669779,0.42654752251998784
3000948,목상권948,CS100004,분식전문점,골목상권,목구23,11000156,목156동,일반 주거·생활형,47.68862605243813,41.127521624250576,0.2787272375975523,4.122294698649982,148,804567147,14751,0.2714062968738039,0.4842549171569728,0.3565457449870715
3000949,목상권949,CS100005,패스트푸드점,발달상권,목구24,11000157,목157동,발달상권형,2.467577619899271,46.702288615819285,0.563019408621765,5.591684592508931,31,782356032,16185,0.5589827491131328,0.300417839039978,0.4555567850838709
3000950,목상권950,CS100006,제과점,전통시장,목구0,11000158,목158동,전통시장형,28.804684462874384,42.10277042007787,0.1294207678663879,5.575359879309134,138,809509739,27703,0.12037496629942047,0.3024602428895561,0.19320907693547473
3000951,목상권951,CS100007,커피-음료,관광특구,목구1,11000159,목159동,관광특구형,1.4656298873259375,20.450746496188557,0.40374629090539305,7.798286154663936,49,363801132,11843,0.3978696309961015,0.024347351928057925,0.24846071936888406
3000952,목상권952,CS100008,치킨전문점,골목상권,목구2,11000160,목160동,유입 집중형,30.828071136543972,45.313172701309874,0.7920350000737146,5.527789335061343,189,230822365,46924,0.7906440398900572,0.30841184899185614,0.5977511635307767
3000953,목상권953,CS100009,호프-간이주점,발달상권,목구3,11000161,목161동,청년 밀집형,29.251628128349765,30.80407393155697,0.8369691381984987,5.358292670084919,168,963067195,16112,0.8360972789989767,0.3296177738250592,0.6335054769294096
3000954,목상권954,CS100010,반찬가게,전통시장,목구4,11000162,목162동,가족 주거형,34.95341250888201,24.102504620183186,0.24530553166668081,0.5481710508185014,38,586951044,29033,0.23759848716606632,0.9314176824599356,0.5151261652836141
3000955,목상권955,CS100000,한식음식점,관광특구,목구5,11000163,목163동,일반 주거·생활형,32.85210953719557,56.17033101277669,0.759036856656559,7.818557270081898,188,573026458,32411,0.7572646858958806,0.021811209108384855,0.46308329518088226
3000956,목상권956,CS100001,중식음식점,골목상권,목구6,11000164,목164동,발달상권형,35.97267185738928,34.929420775541175,0.35185770940155714,2.5735796654393575,170,201063813,46784,0.34538160740106016,0.6780164556915751,0.4784355467172661
3000957,목상권957,CS100002,일식음식점,발달상권,목구7,11000165,목165동,전통시장형,22.11222227105893,30.025031968605354,0.27244759935636337,6.518348072171148,78,470093837,44630,0.26505411320219047,0.18448189364468315,0.23282522537918754
3000958,목상권958,CS100003,양식음식점,전통시장,목구8,11000166,목166동,관광특구형,3.436225620794426,27.425725941672123,0.47518231089065954,4.8340410679804275,19,357211672,46498,0.4701309145743647,0.3952075013247739,0.44016154927452833
3000959,목상권959,CS100004,분식전문점,관광특구,목구9,11000167,목167동,유입 집중형,3.840908281245265,38.98637455809504,0.48713208213199094,4.072133970715032,109,712564660,19876,0.48221873537601795,0.49053058415204476,0.4855434748864287
3000960,목상권960,CS100005,패스트푸드점,골목상권,목구10,11000168,목168동,청년 밀집형,30.355819831919344,57.78557598637305,0.19648352168074157,4.753155970133542,163,932237189,38974,0.18821246161225771,0.4053271299635196,0.2750583289527625
3000961,목상권961,CS100006,제과점,발달상권,목구11,11000169,목169동,가족 주거형,30.80041738988655,55.72595339446689,0.8034267850280463,7.249383485884735,117,887058265,48783,0.802167428276159,0.0930212030418559,0.5185089381824377
3000962,목상권962,CS100007,커피-음료,전통시장,목구12,11000170,목170동,일반 주거·생활형,4.879499008115914,28.190880778664493,0.8576359561500079,7.417968225759975,177,381585293,12899,0.8570028500674987,0.0719293702183802,0.5429734581278512
3000963,목상권963,CS100008,치킨전문점,관광특구,목구13,11000171,목171동,발달상권형,42.61399409126294,42.59588601900103,0.12929362453974105,6.799391009109502,51,613876193,33300,0.120246354151322,0.14932028502868877,0.1318759265022687
3000964,목상권964,CS100009,호프-간이주점,골목상권,목구14,11000172,목172동,전통시장형,47.14208395645113,27.006344652809524,0.8223473697307002,2.5806554189786164,99,865835284,15086,0.8213065927613445,0.6771311999391232,0.763636435632456
3000965,목상권965,CS100010,반찬가게,발달상권,목구15,11000173,목173동,관광특구형,36.6754677402694,56.71318710056592,0.4731189162705651,4.8016630237581905,60,988832202,26046,0.46804368261761153,0.39925835608417803,0.44052955200423816
3000966,목상권966,CS100000,한식음식점,전통시장,목구16,11000174,목174동,유입 집중형,35.36128201509315,34.47674336263516,0.5643944238380602,0.23316236819430447,132,610426566,43260,0.5603736491729293,0.9708287850115059,0.7245557035083601
3000967,목상권967,CS100001,중식음식점,관광특구,목구17,11000175,목175동,청년 밀집형,31.472692889837436,29.869568554915947,0.8827490823101312,7.043927208355989,33,97602564,22165,0.8824060952562375,0.11872607681261882,0.57693408787879
3000968,목상권968,CS100002,일식음식점,골목상권,목구18,11000176,목176동,가족 주거형,21.745981265734176,53.595209213975835,0.02827171293556685,7.921846864438359,199,131461645,35716,0.01805738836693097,0.00888852786105887,0.014389844164582128
3000969,목상권969,CS100003,양식음식점,발달상권,목구19,11000177,목177동,일반 주거·생활형,41.942726492642656,32.05898035937293,0.8792134666910411,6.31370832173589,186,624690886,25144,0.8788296344885813,0.2100846107613834,0.6113316249977022
3000970,목상권970,CS100004,분식전문점,전통시장,목구20,11000178,목178동,발달상권형,16.73124771873574,22.31634255268085,0.6702211560260625,7.649890357766508,151,793654936,36401,0.6674229431618072,0.0429133226213918,0.41761909494564103
3000971,목상권971,CS100005,패스트푸드점,관광특구,목구21,11000179,목179동,전통시장형,38.305719357887845,27.302589901105637,0.08940891092744872,5.867001679009262,91,995236458,47616,0.07990087295891932,0.26597259822987385,0.1543295630673011
3000972,목상권972,CS100006,제과점,골목상권,목구22,11000180,목180동,관광특구형,36.0371723210871,35.12739021585565,0.6976845805367563,3.4322402288254663,14,646054890,25404,0.6952036384889934,0.5705884342202721,0.6453575567815049
3000973,목상권973,CS100007,커피-음료,발달상권,목구23,11000181,목181동,유입 집중형,25.409130623102268,50.55927027102305,0.6484730401961725,1.1766557273259526,44,934833441,8292,0.645423582536723,0.8527872338272696,0.7283690430529417
3000974,목상권974,CS100008,치킨전문점,전통시장,목구24,11000182,목182동,청년 밀집형,33.89895586620019,24.958937307206934,0.7884883075519957,7.773952834677033,147,164317837,39723,0.787056374254014,0.027391721884577835,0.4831905133062395
3000975,목상권975,CS100009,호프-간이주점,관광특구,목구0,11000183,목183동,가족 주거형,2.197402024371256,53.56833012368761,0.15340450298530967,0.285765542227316,128,26515774,19660,0.1446357731732049,0.9642475407452126,0.472480480202008
3000976,목상권976,CS100010,반찬가게,골목상권,목구1,11000184,목184동,일반 주거·생활형,8.916478600273159,26.810707530017297,0.20167988127236408,5.2095594895112605,156,276858357,43757,0.19346885207329273,0.3482259549824106,0.25537169323693987
3000977,목상권977,CS100000,한식음식점,발달상권,목구2,11000185,목185동,발달상권형,34.90524604195236,45.4666683782916,0.23645385121643325,2.79754458337918,168,458774865,49188,0.22864454780478288,0.6499959443985243,0.39718510644227945
3000978,목상권978,CS100001,중식음식점,전통시장,목구3,11000186,목186동,전통시장형,19.509052948160427,57.97185255020833,0.3092616179303813,4.8000241433319335,68,682326253,42011,0.3022934251960729,0.3994633983198742,0.34116141444559345
3000979,목상권979,CS100002,일식음식점,관광특구,목구4,11000187,목187동,관광특구형,27.4596468296763,48.28124130191426,0.6683213772095687,0.13692398310982679,120,517799987,20063,0.6655012171778716,0.9828692812681972,0.7924484428140017
3000980,목상권980,CS100003,양식음식점,골목상권,목구5,11000188,목188동,유입 집중형,28.16398302530516,32.358221543162216,0.48007179022640417,4.928878078845574,57,798161706,2669,0.47507687954978145,0.383342332626076,0.43838306078029926
3000981,목상권981,CS100004,분식전문점,발달상권,목구6,11000189,목189동,청년 밀집형,25.66209858849045,39.61291027186361,0.025576915909206147,3.6846270004075903,26,928638555,38598,0.015331459736698295,0.5390120317712342,0.2248036885505127
3000982,목상권982,CS100005,패스트푸드점,전통시장,목구7,11000190,목190동,가족 주거형,40.501682550732305,40.65347992732111,0.2559035819830674,6.514430089001963,5,753993851,37003,0.24831897130623906,0.18497207707451668,0.2229802136135501
3000983,목상권983,CS100006,제과점,관광특구,목구8,11000191,목191동,일반 주거·생활형,22.258203962930022,23.956116111382766,0.6023220851480088,2.349360200775463,42,372343075,38431,0.5987394692444251,0.7060688136212425,0.641671206995152
3000984,목상권984,CS100007,커피-음료,골목상권,목구9,11000192,목192동,발달상권형,23.033602405665608,38.48946665706822,0.5453152661252622,0.5785581795494377,116,519014731,29320,0.5410740797651815,0.9276159134525351,0.6956908132401229
3000985,목상권985,CS100008,치킨전문점,발달상권,목구10,11000193,목193동,전통시장형,44.27645730417414,33.982921146587046,0.6660940353185214,6.806320178557845,190,121885699,49904,0.6632481439516769,0.1484533685822883,0.45733023380392146
3000986,목상권986,CS100009,호프-간이주점,전통시장,목구11,11000194,목194동,관광특구형,36.689016327455725,36.94347096673698,0.04133064814576134,6.818068092938972,104,754453905,46108,0.031267186738238,0.1469835733544722,0.07755374138473169
3000987,목상권987,CS100010,반찬가게,관광특구,목구12,11000195,목195동,유입 집중형,12.47886109221314,36.49272249486132,0.18270055220150952,7.789671100980462,42,728836526,34320,0.17427026457643807,0.02542519131133536,0.114732235270397
3000988,목상권988,CS100000,한식음식점,골목상권,목구13,11000196,목196동,청년 밀집형,12.458099743358979,51.837089128028026,0.09728262151042559,5.710129546181509,164,340876289,47975,0.08786554447011229,0.285599053167098,0.1669589479489066
3000989,목상권989,CS100001,중식음식점,발달상권,목구14,11000197,목197동,가족 주거형,25.071058932542858,30.463172829982632,0.24064303275356988,2.22154230872565,53,203922390,32951,0.23288212480134973,0.7220602587126477,0.42855337836586893
3000990,목상권990,CS100002,일식음식점,전통시장,목구15,11000198,목198동,일반 주거·생활형,1.2994042153983436,47.9654175006978,0.048838072670027134,4.792309200743009,108,856870311,37217,0.038861340676297075,0.40042862375753074,0.18348825390879056
3000991,목상권991,CS100003,양식음식점,관광특구,목구16,11000199,목199동,발달상권형,26.72439706970552,33.72618739069917,0.18972956903862698,3.965039394086954,101,353895795,6679,0.18138048402942678,0.5039293111555205,0.3104000148798643
3000992,목상권992,CS100004,분식전문점,골목상권,목구17,11000200,목200동,전통시장형,12.437753602068138,34.38830379905481,0.09275881168721938,3.72042511141111,126,782896578,47836,0.08328947339901596,0.5345332884802267,0.2637869994315003
3000993,목상권993,CS100005,패스트푸드점,발달상권,목구18,11000201,목201동,관광특구형,18.129473791289993,40.69325689504561,0.5965918764189244,6.998814018254479,118,521816619,49893,0.5929430623614492,0.12437024048045087,0.40551393360904986
3000994,목상권994,CS100006,제과점,전통시장,목구19,11000202,목202동,유입 집중형,26.435994450722273,37.42030518600399,0.8649980538817127,6.333479597681637,6,254475772,40222,0.8644499983273167,0.20761100343925487,0.601714400372092
3000995,목상권995,CS100007,커피-음료,관광특구,목구20,11000203,목203동,청년 밀집형,7.699313088347282,28.316097669707556,0.858180512775405,7.60991735710601,50,958423214,21456,0.8575536976754751,0.04791439121163221,0.5336979750899379
3000996,목상권996,CS100008,치킨전문점,골목상권,목구21,11000204,목204동,가족 주거형,1.803616282238742,22.196634196627997,0.5994704106308552,3.3275152840042646,57,47701260,46437,0.5958548507984445,0.5836906938331596,0.5909891880123306
3000997,목상권997,CS100009,호프-간이주점,발달상권,목구22,11000205,목205동,일반 주거·생활형,43.98291218504267,54.95455862993326,0.5934150961011376,1.6686790136270462,110,242080521,4410,0.5897295823347515,0.7912296283903852,0.670329600757005
3000998,목상권998,CS100010,반찬가게,전통시장,목구23,11000206,목206동,발달상권형,8.77336570943821,54.138706774125026,0.07798297716935987,7.139557023853503,101,586432347,45805,0.06834294126549634,0.10676171940455181,0.08371045252111853
3000999,목상권999,CS100000,한식음식점,관광특구,목구24,11000207,목207동,전통시장형,15.105878553922672,21.385837771060782,0.7251751506792135,3.6470899143175606,121,414164456,28005,0.7230117930474632,0.5437083402572647,0.6512904119313838
3001000,목상권1000,CS100001,중식음식점,골목상권,목구0,11000208,목208동,관광특구형,4.52749356775426,56.12471422191962,0.8310625426644195,1.58238198582667,89,429243758,19899,0.8301224476049792,0.8020263498781983,0.8188840085142668
3001001,목상권1001,CS100002,일식음식점,발달상권,목구1,11000209,목209동,유입 집중형,49.89865238951336,26.046300274444967,0.3658255563028179,2.913415415677248,66,418765042,48902,0.3595108176526663,0.6354992098438044,0.46990617452912153
3001002,목상권1002,CS100003,양식음식점,전통시장,목구2,11000210,목210동,청년 밀집형,17.92543603926135,36.14594900078295,0.7511414066256109,7.269835871081922,76,662718734,16638,0.7492780237920565,0.09046238134933726,0.48575176681496884
3001003,목상권1003,CS100004,분식전문점,관광특구,목구3,11000211,목211동,가족 주거형,29.44129210870021,56.74392633268211,0.44938414102622215,2.2958742457810404,109,121615065,45270,0.44403471172377473,0.7127605036400494,0.5515250284902846
3001004,목상권1004,CS100005,패스트푸드점,골목상권,목구4,11000212,목212동,일반 주거·생활형,33.99928742239533,41.78823440495807,0.17148204830182254,5.440088920441439,144,224097322,9175,0.16292215907187146,0.3193841498364133,0.22550695537768817
3001005,목상권1005,CS100006,제과점,발달상권,목구5,11000213,목213동,발달상권형,28.099940800787227,52.576632952651295,0.7552507073666391,6.62804558840318,124,710707365,37120,0.7534347971707673,0.1707575098408537,0.5203638822388019
3001006,목상권1006,CS100007,커피-음료,전통시장,목구6,11000214,목214동,전통시장형,39.5787968920797,55.8559493274768,0.14051791210277617,0.973651696847976,59,487207060,23884,0.13160031013492432,0.8781853041182219,0.43023430772824334
3001007,목상권1007,CS100008,치킨전문점,관광특구,목구7,11000215,목215동,관광특구형,46.16833806966929,35.27778323303979,0.6050768540948402,7.725598200474849,150,100746145,42126,0.601526062619877,0.03344142639275305,0.3742922081290274
3001008,목상권1008,CS100009,호프-간이주점,골목상권,목구8,11000216,목216동,유입 집중형,42.406241821471866,27.877962819116604,0.5009667401899793,3.77869116204647,98,574747940,32120,0.49621321812215624,0.5272435551378457,0.508625352928432
3001009,목상권1009,CS100010,반찬가게,발달상권,목구9,11000217,목217동,청년 밀집형,5.896143941815852,32.96570998536936,0.804316673337977,1.24727621356047,84,625161828,13067,0.8030675970079856,0.8439518226822673,0.8194212872776983
3001010,목상권1010,CS100000,한식음식점,전통시장,목구10,11000218,목218동,가족 주거형,8.980275625093938,31.985087619154264,0.13208510356817504,5.507793596900171,198,880497413,4546,0.12307008170106576,0.3109135390427443,0.1982074646377372
3001011,목상권1011,CS100001,중식음식점,관광특구,목구11,11000219,목219동,일반 주거·생활형,26.69680984271239,47.122950402931686,0.817474891107455,0.5673231045620293,24,385249013,30192,0.8163778248989136,0.9290215467475119,0.861435313638353
3001012,목상권1012,CS100002,일식음식점,골목상권,목구12,11000220,목220동,발달상권형,44.733240005406415,30.748888205262823,0.41100398058883764,4.936045577231409,99,520604981,27803,0.4052111650351842,0.3824455985691948,0.39610493844878847
3001013,목상권1013,CS100003,양식음식점,발달상권,목구13,11000221,목221동,전통시장형,42.53105952274574,51.25644682166342,0.28739886062538106,1.1991316116455417,36,819633354,17174,0.28017809870188687,0.8499752498067742,0.5080969591438418
3001014,목상권1014,CS100004,분식전문점,전통시장,목구14,11000222,목222동,관광특구형,7.272736845669713,54.92015580441378,0.14322970348401476,5.760335816521033,106,341701978,33178,0.13434342944707509,0.27931768830883663,0.1923331329917797
3001015,목상권1015,CS100005,패스트푸드점,관광특구,목구15,11000223,목223동,유입 집중형,20.008813583399917,46.31975757168291,0.6849762000892153,0.983741531429585,145,162468438,47229,0.6823484446591913,0.8769229531820144,0.7601782480683206
3001016,목상권1016,CS100006,제과점,골목상권,목구16,11000224,목224동,청년 밀집형,39.945115964683836,47.450123341631695,0.8718717828421545,4.250546043636008,163,881985949,45861,0.8714031359426689,0.4682092422647316,0.7101255784714939
3001017,목상권1017,CS100007,커피-음료,발달상권,목구17,11000225,목225동,가족 주거형,37.5546792237399,55.0567163930889,0.36420334885020583,5.20126432065413,197,826656081,36613,0.3578698696717997,0.34926377320312607,0.3544274310843303
3001018,목상권1018,CS100008,치킨전문점,전통시장,목구18,11000226,목226동,일반 주거·생활형,35.32787078061735,42.25580078306706,0.17239828891355422,5.794996503776659,75,610145308,9010,0.16384898454008653,0.2749812494254392,0.2083018904942276
3001019,목상권1019,CS100009,호프-간이주점,관광특구,목구19,11000227,목227동,발달상권형,21.425939184928165,54.033314235049744,0.5189440673111763,3.628697462267069,13,72201033,24485,0.5143982280562475,0.5460094413186647,0.5270427133612143
3001020,목상권1020,CS100010,반찬가게,골목상권,목구20,11000228,목228동,전통시장형,12.986126085171659,32.835394015867195,0.49013437363679574,2.9076652787919217,83,731872658,9205,0.48525571081023244,0.6362186161553552,0.5456408729482816
3001021,목상권1021,CS100000,한식음식점,발달상권,목구21,11000229,목229동,관광특구형,43.12018913330718,51.422383266264866,0.5978960291368698,6.5893193848874665,117,393503004,1447,0.5942622812849034,0.17560259019062796,0.4267984048471933
3001022,목상권1022,CS100001,중식음식점,전통시장,목구22,11000230,목230동,유입 집중형,21.5701326294995,29.236000059205878,0.8947963422335719,6.695679102728029,121,86789187,35973,0.8945925309765973,0.1622958022244968,0.6016738394757571
3001023,목상권1023,CS100002,일식음식점,관광특구,목구23,11000231,목231동,청년 밀집형,1.1900797404015675,28.013344412933627,0.2755778367145094,7.729625345690697,172,996483327,45000,0.26822051258237595,0.03293758557233606,0.17410734177836
3001024,목상권1024,CS100003,양식음식점,골목상권,목구24,11000232,목232동,가족 주거형,28.041095081980696,55.249700157644675,0.4660572603044162,4.802309188705945,90,234199498,16307,0.46090044697252286,0.3991775136362523,0.4362112736380146
3001025,목상권1025,CS100004,분식전문점,발달상권,목구0,11000233,목233동,일반 주거·생활형,27.759859076410578,26.282313028761294,0.43750808233603283,7.23057374611869,187,650006096,5086,0.43202145503644995,0.09537451145453968,0.29736267760368584
3001026,목상권1026,CS100005,패스트푸드점,전통시장,목구1,11000234,목234동,발달상권형,43.19300391481739,53.411174950408395,0.018750714041390257,2.459776725044173,7,57924891,48185,0.008426398270025743,0.6922544738859358,0.2819576285163898
3001027,목상권1027,CS100006,제과점,관광특구,목구2,11000235,목235동,전통시장형,14.385484402976662,51.850135266847275,0.3201331828616767,5.066501951675427,167,298021738,3103,0.3132905837248076,0.36612404987762137,0.3344239701859331
3001028,목상권1028,CS100007,커피-음료,골목상권,목구3,11000236,목236동,관광특구형,1.2416952959728778,55.41030822233074,0.3672460012929157,4.640804544665805,173,743051121,1800,0.3609476723130736,0.41938354743759465,0.38432202236288204
3001029,목상권1029,CS100008,치킨전문점,발달상권,목구4,11000237,목237동,유입 집중형,33.66446687242869,22.951654433742164,0.5382763709836624,1.6255297220313478,162,387570784,12867,0.5339538678887402,0.7966280864326812,0.6390235553063166
3001030,목상권1030,CS100009,호프-간이주점,전통시장,목구5,11000238,목238동,청년 밀집형,19.949498465570425,48.67016964678221,0.3604066098544029,4.750416451939066,53,105656485,46999,0.3540292689033785,0.4056698742701367,0.37468551105008174
3001031,목상권1031,CS100010,반찬가게,관광특구,목구6,11000239,목239동,가족 주거형,18.698003007147957,27.029011047249828,0.05738422058472686,6.709379504779718,139,182422000,13291,0.04750621784181202,0.16058172899401058,0.09273642230269144
3001032,목상권1032,CS100000,한식음식점,골목상권,목구7,11000240,목240동,일반 주거·생활형,37.02601000824852,50.55035076017132,0.7103722776500703,4.054433311951091,93,778671748,4889,0.7080379100406473,0.4927451341509991,0.621920799684788
3001033,목상권1033,CS100001,중식음식점,발달상권,목구8,11000241,목241동,발달상권형,22.240880046679084,43.66359976626396,0.7032277769572283,4.576238989924725,13,113642519,8660,0.7008108726063526,0.427461419063233,0.5914710911891047
3001034,목상권1034,CS100002,일식음식점,전통시장,목구9,11000242,목242동,전통시장형,3.2507396667566155,59.08741221304621,0.4965628134144542,2.3066463548991933,98,726605931,20062,0.4917584150459244,0.7114127925432772,0.5796201660448654
3001035,목상권1035,CS100003,양식음식점,관광특구,목구10,11000243,목243동,관광특구형,4.837860249859403,46.57587345846306,0.5281066594337283,3.4328452596839645,123,423100431,49255,0.523666670892456,0.5705127381060808,0.5424050977779059
3001036,목상권1036,CS100004,분식전문점,골목상권,목구11,11000244,목244동,유입 집중형,7.206241564927322,23.36186359041296,0.5601673002232583,3.6726887532791626,150,288796414,4573,0.556097691773391,0.5405056397503698,0.5498608709641825
3001037,목상권1037,CS100005,패스트푸드점,발달상권,목구12,11000245,목245동,청년 밀집형,19.998398077843692,43.48933392393194,0.7044573782007946,1.3081881208275536,92,782504519,38869,0.7020546788005926,0.8363310631402877,0.7557652325364707
3001038,목상권1038,CS100006,제과점,전통시장,목구13,11000246,목246동,가족 주거형,6.961714331643313,28.851947979764063,0.16650516952025177,2.0076006606339183,170,840740263,28661,0.15788778496978823,0.7488267470606979,0.39426336980615206
3001039,목상권1039,CS100007,커피-음료,관광특구,목구14,11000247,목247동,일반 주거·생활형,42.53366225162233,42.485670380562205,0.811328214214154,7.558145058569074,164,98329633,3222,0.8101601386092466,0.054391683678531866,0.5078527566369607
3001040,목상권1040,CS100008,치킨전문점,골목상권,목구15,11000248,목248동,발달상권형,5.177989914686846,51.56432926225838,0.7069058935907528,5.464824068779264,147,163649454,6326,0.704531480629362,0.3162895066676936,0.5492346910446946
3001041,목상권1041,CS100009,호프-간이주점,발달상권,목구16,11000249,목249동,전통시장형,17.00800523528494,32.419479664272885,0.3924342722497021,0.6712871585806361,55,490565530,13826,0.3864269304076578,0.9160144830676438,0.5982619514716522
3001042,목상권1042,CS100010,반찬가게,전통시장,목구17,11000250,목250동,관광특구형,20.077534113818412,43.23326368970092,0.02425622877266257,3.2172302673342017,44,198129243,14811,0.013995515381012985,0.5974885804998924,0.24739274142856477
3001043,목상권1043,CS100000,한식음식점,관광특구,목구18,11000251,목251동,유입 집중형,2.6626881611623556,30.213010296139203,0.34151661957827023,0.1407681350273302,73,476998988,49109,0.3349210522863863,0.9823883349521069,0.5939079653526745
3001044,목상권1044,CS100001,중식음식점,골목상권,목구19,11000252,목252동,청년 밀집형,11.584577995265304,36.64143629881695,0.5008343941381671,3.795259835245905,79,657309569,40435,0.49607934314448476,0.5251706291690545,0.5077158575543127
3001045,목상권1045,CS100002,일식음식점,발달상권,목구20,11000253,목253동,가족 주거형,1.5016790183569269,21.436850045984585,0.8131752395331833,3.7109925869659346,107,828118311,16137,0.8120285016616973,0.5357134025809943,0.701502462029416
3001046,목상권1046,CS100003,양식음식점,전통시장,목구21,11000254,목254동,일반 주거·생활형,15.514463127464856,24.231720537867677,0.8949563894767201,2.622375208072496,12,547229152,9860,0.8947544271632191,0.6719115886169479,0.8056172917447106
3001047,목상권1047,CS100004,분식전문점,관광특구,목구22,11000255,목255동,발달상권형,11.13610832798845,25.78708703399427,0.2235947657163519,6.287467797300546,165,925635307,27621,0.21563690790448944,0.2133675932840019,0.21472918205629443
3001048,목상권1048,CS100005,패스트푸드점,골목상권,목구23,11000256,목256동,전통시장형,40.480948068701004,50.004495560412906,0.266633817739208,2.3278264496587973,195,283369973,17033,0.25917316795655665,0.7087629262612783,0.43900907127844535
3001049,목상권1049,CS100006,제과점,발달상권,목구24,11000257,목257동,관광특구형,49.58287181582269,52.28178190027584,0.8727323700054379,6.236341809526817,177,385326169,22668,0.8722736650267733,0.21976402505983517,0.611269809039998
3001050,목상권1050,CS100007,커피-음료,전통시장,목구0,11000258,목258동,유입 집중형,43.12337765019944,22.974339517812115,0.5780937325670827,6.762760715552444,10,517601644,39744,0.5742312189689264,0.15390314364656876,0.40609998883998333
3001051,목상권1051,CS100008,치킨전문점,관광특구,목구1,11000259,목259동,청년 밀집형,35.30619289349342,50.31437369068588,0.6175744942639342,2.9897758240491843,29,331121689,4553,0.6141680815971975,0.6259456703662389,0.618879117104814
3001052,목상권1052,CS100009,호프-간이주점,골목상권,목구2,11000260,목260동,가족 주거형,9.936717112891753,51.36505290927721,0.06622568054207062,1.82526712802777,100,800954268,10461,0.05644981863809445,0.771638707328802,0.3425253741143775
3001053,목상권1053,CS100010,반찬가게,발달상권,목구3,11000261,목261동,일반 주거·생활형,16.697664898171663,36.700983039181864,0.6958729942422521,1.8443169325601971,65,684317498,27036,0.6933711238698885,0.7692553641340669,0.7237248199755599
3001054,목상권1054,CS100000,한식음식점,전통시장,목구4,11000262,목262동,발달상권형,36.68436848323135,27.831219210617924,0.7100379348113257,7.155830692207141,23,95131874,12779,0.707699704711069,0.10472570183502772,0.4665101035606525
3001055,목상권1055,CS100001,중식음식점,관광특구,목구5,11000263,목263동,전통시장형,28.373233108581264,27.937038607367928,0.7186654099488649,1.9678123540942636,26,132359915,15092,0.716426848630995,0.7538047083547311,0.7313779925204895
3001056,목상권1056,CS100002,일식음식점,골목상권,목구6,11000264,목264동,관광특구형,37.82673281335296,59.85069075391088,0.1700855060627831,5.051662796866108,40,76340151,15552,0.1615094832987102,0.36798059378967096,0.2440979274950945
3001057,목상권1057,CS100003,양식음식점,발달상권,목구7,11000265,목265동,유입 집중형,2.1997659406587813,46.555508158819876,0.6720396227293802,4.96941308200649,164,311751254,33842,0.6692624176755493,0.3782709512495539,0.5528658311051511
3001058,목상권1058,CS100004,분식전문점,전통시장,목구8,11000266,목266동,청년 밀집형,44.35794755349537,56.630559142983316,0.6247928109756063,5.613160123528753,145,935729339,39091,0.6214697878088179,0.2977310103839521,0.49197427683887157
3001059,목상권1059,CS100005,패스트푸드점,관광특구,목구9,11000267,목267동,가족 주거형,24.61725789283134,57.70938195275197,0.20218649558331925,5.607086017692646,196,708208849,35658,0.1939813190387856,0.29849094882762195,0.23578517095432014
3001060,목상권1060,CS100006,제과점,골목상권,목구10,11000268,목268동,일반 주거·생활형,19.878905807623962,27.10695938382265,0.14906911739264775,5.112627137315307,139,990077310,1999,0.14025030310086503,0.3603532742713115,0.2282914915690436
3001061,목상권1061,CS100007,커피-음료,발달상권,목구11,11000269,목269동,발달상권형,24.12554033888529,40.98976630356077,0.25300387226958615,2.6842386879423348,69,50965060,27319,0.24538576273801635,0.6641717767202204,0.412900168330898
3001062,목상권1062,CS100008,치킨전문점,전통시장,목구12,11000270,목270동,전통시장형,45.22442262273801,34.9333531983696,0.5454944513259683,2.457405820651089,47,108933269,42390,0.5412553350003406,0.6925511004912641,0.6017736411967101
3001063,목상권1063,CS100009,호프-간이주점,관광특구,목구13,11000271,목271동,관광특구형,44.34790034065997,29.016193453869136,0.635322138824794,6.310511676618255,21,273636630,47355,0.6321207555664783,0.21048454674886974,0.46346627203943486
3001064,목상권1064,CS100010,반찬가게,골목상권,목구14,11000272,목272동,유입 집중형,36.273020487310575,51.214638057610216,0.5957038451530274,7.150076969261508,198,106428679,3305,0.5920447721271307,0.10544555680275325,0.39740508599737967
3001065,목상권1065,CS100000,한식음식점,발달상권,목구15,11000273,목273동,청년 밀집형,8.111173137896717,21.23335543074695,0.2188002050924568,2.010627710918068,13,714334135,22504,0.21078695818797508,0.748448029280021,0.4258513866247934
3001066,목상권1066,CS100001,중식음식점,전통시장,목구16,11000274,목274동,가족 주거형,7.922618947031726,59.025026956323,0.29275762792012056,4.968166474897958,159,371613601,2385,0.28559877307869225,0.3784269157143635,0.32273003013296075
3001067,목상권1067,CS100002,일식음식점,관광특구,목구17,11000275,목275동,일반 주거·생활형,13.935343520866223,49.033147206975656,0.31875264782382745,1.180675182840881,159,221677803,16161,0.31189410007579793,0.8522843550742757,0.528050202075189
3001068,목상권1068,CS100003,양식음식점,골목상권,목구18,11000276,목276동,발달상권형,48.439911296385056,21.44702151354209,0.5580250868340013,4.360157960966479,155,645330958,17036,0.5539307304947786,0.45449556783900436,0.5141566654324689
3001069,목상권1069,CS100004,분식전문점,발달상권,목구19,11000277,목277동,전통시장형,22.298859428198636,35.26007585446389,0.2093346848177247,6.74825483969868,48,757456302,48685,0.2012120876264672,0.15571799064097713,0.18301444883227116
3001070,목상권1070,CS100005,패스트푸드점,전통시장,목구20,11000278,목278동,관광특구형,18.35189724573128,23.39502026633065,0.31278902914009293,4.953615932455788,104,681159139,18377,0.30586158677302927,0.3802473509975822,0.33561589246285045
3001071,목상권1071,CS100006,제과점,관광특구,목구21,11000279,목279동,유입 집중형,8.62682033232796,20.603652060495424,0.34137464001767787,1.203135393235308,189,524926147,2646,0.3347774325089631,0.8494743320367818,0.5406561923200905
3001072,목상권1072,CS100007,커피-음료,골목상권,목구22,11000280,목280동,청년 밀집형,17.23122647964645,42.9439736202866,0.2588567561848141,4.4340184587537115,30,823784595,27711,0.2513062620104586,0.44525479508139953,0.32888567523883494
3001073,목상권1073,CS100008,치킨전문점,발달상권,목구23,11000281,목281동,가족 주거형,34.3168211294087,38.777437536911116,0.5125770724748301,7.052657975546427,12,906303018,27480,0.5079576786036683,0.11763376037794238,0.3518281113133779
3001074,목상권1074,CS100009,호프-간이주점,전통시장,목구24,11000282,목282동,일반 주거·생활형,49.64919450580752,55.20691317306405,0.49827664644218284,4.196900388679704,162,703478978,5467,0.49349204710504574,0.47492091253145663,0.4860635932756101
3001075,목상권1075,CS100010,반찬가게,관광특구,목구0,11000283,목283동,발달상권형,1.225682129550808,35.736995641304816,0.6696757620898415,5.611127932555408,109,939262559,7487,0.6668712485699856,0.29798526015950655,0.519316853205794
3001076,목상권1076,CS100000,한식음식점,골목상권,목구1,11000284,목284동,전통시장형,29.375696112766438,23.232389538501216,0.46444773568540243,4.279635231767465,67,6933630,22847,0.4592723283435072,0.4645698601148799,0.46139134105205626
3001077,목상권1077,CS100001,중식음식점,발달상권,목구2,11000285,목285동,관광특구형,23.555483160978202,28.874968995186855,0.8947625793591784,6.401675765876042,53,825211010,15163,0.8945583780570832,0.19907890154306618,0.6163665874514763
3001078,목상권1078,CS100002,일식음식점,전통시장,목구3,11000286,목286동,유입 집중형,10.596467206110963,56.85154175565478,0.5060260572296639,0.2818621506073189,49,698867620,7079,0.5013309828491439,0.9647358986093613,0.6866929491532308
3001079,목상권1079,CS100003,양식음식점,관광특구,목구4,11000287,목287동,청년 밀집형,37.081671524313535,40.63806443118392,0.38868948217198745,4.7272554119090975,45,593575512,40039,0.3826388786964536,0.4085675789182054,0.39301035878515433
3001080,목상권1080,CS100004,분식전문점,골목상권,목구5,11000288,목288동,가족 주거형,3.7881947403680827,45.14372418569566,0.6358806496777372,0.9655927999849538,144,341820658,26715,0.6326857186080137,0.8791935620750352,0.7312888559948223
3001081,목상권1081,CS100005,패스트푸드점,발달상권,목구6,11000289,목289동,일반 주거·생활형,35.53889605780136,52.884025135143624,0.2288496503431707,6.05216865470249,159,216193243,18130,0.22095249951034776,0.24280614260263012,0.2296939567472607
3001082,목상권1082,CS100006,제과점,전통시장,목구7,11000290,목290동,발달상권형,16.491845390901815,29.407374242212924,0.8808841652741471,4.654734190720415,91,698611108,22970,0.8805196337930292,0.41764079322335523,0.6953680975651596
3001083,목상권1083,CS100007,커피-음료,관광특구,목구8,11000291,목291동,전통시장형,10.308171600078127,27.30367671997575,0.8992050343916222,0.2738742061465551,58,280990675,45601,0.8990521544873675,0.9657352796286298,0.9257254045438725
3001084,목상권1084,CS100008,치킨전문점,골목상권,목구9,11000292,목292동,관광특구형,37.28056044340049,33.3850978726714,0.028165029153030353,5.893391499229843,152,167273075,5867,0.017949472121531775,0.2626709371379745,0.11583805812810888
3001085,목상권1085,CS100009,호프-간이주점,발달상권,목구10,11000293,목293동,유입 집중형,11.061881761088335,34.77453791541764,0.12130847314355456,3.022909145679505,191,979834325,37333,0.1121689544085283,0.6218003219721295,0.3160215014339688
3001086,목상권1086,CS100010,반찬가게,전통시장,목구11,11000294,목294동,청년 밀집형,38.013877373005464,56.98200174315258,0.15658855378066097,1.0382935202961843,83,739425396,44233,0.14785660766955463,0.8700978904259552,0.4367531207721149
3001087,목상권1087,CS100000,한식음식점,관광특구,목구12,11000295,목295동,가족 주거형,6.510562992688663,31.576310772681015,0.13996488693430403,2.013604883954165,162,545482669,18091,0.1310408961511508,0.7480755516998415,0.3778547583706271
3001088,목상권1088,CS100001,중식음식점,골목상권,목구13,11000296,목296동,일반 주거·생활형,15.514777368824085,21.60351240837416,0.01914985590057066,6.534748690153967,8,565672699,30335,0.00883015120979113,0.18242999325944476,0.07827008802965257
3001089,목상권1089,CS100002,일식음식점,발달상권,목구14,11000297,목297동,발달상권형,23.28341855700522,30.518618918801025,0.6870964903624229,4.710984471109481,173,311127981,19629,0.6844932295552716,0.4106032552402743,0.5749372398292727
3001090,목상권1090,CS100003,양식음식점,전통시장,목구15,11000298,목298동,전통시장형,41.81070201245533,42.90567210964066,0.3326445828937169,1.5109853484466678,139,878628098,29849,0.32594652152569314,0.8109588661954625,0.5199514593936009
3001091,목상권1091,CS100004,분식전문점,관광특구,목구16,11000299,목299동,관광특구형,47.31891349105855,30.846469433797502,0.5980167432228837,0.5731302883872207,177,874539742,4683,0.594384389918659,0.9282950032269847,0.7279486352419893
3001092,목상권1092,CS100005,패스트푸드점,골목상권,목구17,11000300,목300동,유입 집중형,28.064872421998356,20.86743688339538,0.3417504911874608,7.587706023528243,107,775526058,42576,0.3351576256939769,0.050693276981218505,0.22137188620887352
3001093,목상권1093,CS100006,제과점,발달상권,목구18,11000301,목301동,청년 밀집형,45.024416290724176,34.86980180993962,0.17761046403962072,7.480805053783333,184,221937672,6651,0.16912137324429963,0.06406778160242976,0.1270999365875517
3001094,목상권1094,CS100007,커피-음료,전통시장,목구19,11000302,목302동,가족 주거형,45.17675543185113,39.42891420050533,0.6676398898734222,0.23561172896757476,195,856488567,26585,0.66481185696908,0.9705223426372291,0.7870960512363396
3001095,목상권1095,CS100008,치킨전문점,관광특구,목구20,11000303,목303동,일반 주거·생활형,42.82623644461334,49.24012071766473,0.3823547347473877,6.162536402578228,127,713747932,44678,0.3762309491933809,0.22899790533856168,0.3173377316514532
3001096,목상권1096,CS100009,호프-간이주점,골목상권,목구21,11000304,목304동,발달상권형,13.15898784703693,38.433811579811824,0.7407506385022888,2.4787836195566326,90,748695308,29233,0.7387672164695012,0.6898764992136912,0.7192109295671771
3001097,목상권1097,CS100010,반찬가게,발달상권,목구22,11000305,목305동,전통시장형,9.989022010175812,33.35992493252279,0.8050940831678421,5.732918582490989,73,588399166,14583,0.8038539878537242,0.2827478903370376,0.5954115488470495
3001098,목상권1098,CS100000,한식음식점,전통시장,목구23,11000306,목306동,관광특구형,18.194583312238134,56.357026717013106,0.09278190540277412,0.9623532006128865,74,84997526,16212,0.08331283390438736,0.8795988721192376,0.4018272491903275
3001099,목상권1099,CS100001,중식음식점,관광특구,목구24,11000307,목307동,유입 집중형,29.27424590235276,30.052392507801624,0.06355544172838436,5.597360745808844,141,447251770,7514,0.05374873192893478,0.2997076889008208,0.15213231471768918
3001100,목상권1100,CS100002,일식음식점,골목상권,목구0,11000308,목308동,청년 밀집형,18.36563149430709,32.75727272929856,0.23596218361344412,2.2536445881078686,198,403156178,5369,0.22814720021888477,0.7180439052130169,0.4241058822165376
3001101,목상권1101,CS100003,양식음식점,발달상권,목구1,11000309,목309동,가족 주거형,9.847845645372846,52.91085486448104,0.44837698767214945,7.964155879039749,132,716880568,6024,0.4430159232450709,0.0035951978505317506,0.26724763308725524
3001102,목상권1102,CS100004,분식전문점,전통시장,목구2,11000310,목310동,일반 주거·생활형,28.79855329869684,54.96736436408115,0.8792289230853122,6.155813389435696,61,112220593,36243,0.8788452694426249,0.22983902932983902,0.6192427733975105
3001103,목상권1103,CS100005,패스트푸드점,관광특구,목구3,11000311,목311동,발달상권형,30.071892947154026,57.28662762700901,0.5399899874743779,6.464934512290865,155,519890645,47338,0.5356872809093076,0.19116452622658442,0.39787817903621836
3001104,목상권1104,CS100006,제과점,골목상권,목구4,11000312,목312동,전통시장형,4.575284639078188,20.407584017913692,0.6967074839644005,3.0802956322806727,102,452080998,43059,0.6942152540225447,0.6146206319087573,0.6623774051770297
3001105,목상권1105,CS100007,커피-음료,발달상권,목구5,11000313,목313동,관광특구형,43.18133235642616,33.49427021159555,0.28108604237314405,6.160468713916692,87,302143848,49901,0.27379235170762517,0.22925659627115968,0.255978049533039
3001106,목상권1106,CS100008,치킨전문점,전통시장,목구6,11000314,목314동,유입 집중형,23.733027737625758,53.071529290583015,0.879446103047933,5.178235373465413,133,202603833,40723,0.8790649583736388,0.35214495156223813,0.6682969556490785
3001107,목상권1107,CS100009,호프-간이주점,관광특구,목구7,11000315,목315동,청년 밀집형,28.208251318308214,52.99672016813693,0.5211103363757211,3.467512824561007,128,507476524,8265,0.5165895229129903,0.5661754387554712,0.5364238892499826
3001108,목상권1108,CS100010,반찬가게,골목상권,목구8,11000316,목316동,가족 주거형,40.721183334330156,21.63280786360523,0.18657489029433746,2.976381308391759,117,101106005,3498,0.1781893609043361,0.6276214737942769,0.3579622060603124
3001109,목상권1109,CS100000,한식음식점,발달상권,목구9,11000317,목317동,일반 주거·생활형,32.08055661040766,56.087610594926346,0.39497598192582706,7.689271907968768,25,9747313,26491,0.38899800314824384,0.03798625108567566,0.24859330232321655
3001110,목상권1110,CS100001,중식음식점,전통시장,목구10,11000318,목318동,발달상권형,45.23434647813838,47.186827304887814,0.4542465922112305,1.697020621903171,29,878369168,9687,0.4489533363061327,0.787683776825464,0.5844455125138652
3001111,목상권1111,CS100002,일식음식점,관광특구,목구11,11000319,목319동,전통시장형,12.95773108234535,56.17204368759942,0.8660234867612916,5.6801605433046065,109,323037427,23832,0.8654872775054822,0.28934850996273487,0.6350317704883832
3001112,목상권1112,CS100003,양식음식점,골목상권,목구12,11000320,목320동,관광특구형,36.445068093879605,23.18728688330352,0.3141098459305656,2.3517520403780843,149,14443359,27876,0.30719766228046885,0.7057695677875069,0.46662642448328406
3001113,목상권1113,CS100004,분식전문점,발달상권,목구13,11000321,목321동,유입 집중형,30.2563080482976,56.87575024977049,0.5100862621270441,6.07107031239165,39,882016741,30170,0.5054380932051794,0.24044133423171032,0.3994393896157918
3001114,목상권1114,CS100005,패스트푸드점,전통시장,목구14,11000322,목322동,청년 밀집형,30.64126122569586,47.42155872343304,0.8541357356160942,7.489735203160696,46,9524546,10866,0.8534621932862312,0.06295052023052028,0.5372575240639468
3001115,목상권1115,CS100006,제과점,관광특구,목구15,11000323,목323동,가족 주거형,36.41189806649014,29.285679236984116,0.4023771842705067,3.1083708421475844,133,821130657,5516,0.3964847077765155,0.6111081097585607,0.4823340685693336
3001116,목상권1116,CS100007,커피-음료,골목상권,목구16,11000324,목324동,일반 주거·생활형,45.49036906515627,37.20164573116365,0.22181576894378421,2.409802060378066,132,664041298,47188,0.21383735929730444,0.6985068622891022,0.4077051604940235
3001117,목상권1117,CS100008,치킨전문점,발달상권,목구17,11000325,목325동,발달상권형,10.070797816010773,24.063525875188482,0.7395520809156002,5.071318107859257,23,903801405,33359,0.7375548125635382,0.36552149497759734,0.5887414855291618
3001118,목상권1118,CS100009,호프-간이주점,전통시장,목구18,11000326,목326동,전통시장형,22.28780656962128,28.186590476046725,0.6025244916148922,1.887924296375859,99,739583868,8360,0.5989442140091048,0.7637995961437192,0.6648863668629506
3001119,목상권1119,CS100010,반찬가게,관광특구,목구19,11000327,목327동,관광특구형,38.0681616271619,55.69559279091718,0.4103584790742286,1.8827727204249456,100,665125632,6236,0.40455820637361567,0.764444115800804,0.5485125701444911
3001120,목상권1120,CS100000,한식음식점,골목상권,목구20,11000328,목328동,유입 집중형,17.741738059261838,32.19045720859762,0.8445489512418808,1.2778440199865377,75,954067196,40805,0.8437646577234775,0.8401274488783506,0.8423097741854267
3001121,목상권1121,CS100001,중식음식점,발달상권,목구21,11000329,목329동,청년 밀집형,42.16599687067572,30.09033353589634,0.6590372910555878,5.467446398096859,110,246953050,18272,0.6561098767521842,0.31596142399772154,0.5200504956503991
3001122,목상권1122,CS100002,일식음식점,전통시장,목구22,11000330,목330동,가족 주거형,19.38191582370624,56.84130173936623,0.04946726791120263,1.3412115953889003,171,847583328,44255,0.039497804686442844,0.8321994578406996,0.3565784659481456
3001123,목상권1123,CS100003,양식음식점,관광특구,목구23,11000331,목331동,일반 주거·생활형,39.09868524417733,40.95865528079074,0.4372589018589766,7.618865600842883,134,290349353,49971,0.43176939590551794,0.04679486603336569,0.27777958395665703
3001124,목상권1124,CS100004,분식전문점,골목상권,목구24,11000332,목332동,발달상권형,18.349587968211637,57.89323402131107,0.23153520438587974,0.579900051981566,85,785521184,40699,0.22366907837749314,0.927448030232323,0.5051806591194251
3001125,목상권1125,CS100005,패스트푸드점,발달상권,목구0,11000333,목333동,전통시장형,26.486100314231965,44.84418464115042,0.7956094519564948,3.027818306571705,142,275950545,20344,0.7942597855767809,0.6211861311449025,0.7250303238040295
3001126,목상권1126,CS100006,제과점,전통시장,목구1,11000334,목334동,관광특구형,5.260342329872068,21.22399310011898,0.015136450124567751,0.39028196437482165,195,607376121,6778,0.0047703806213092925,0.9511713696464856,0.3833307762313799
3001127,목상권1127,CS100007,커피-음료,관광특구,목구2,11000335,목335동,유입 집중형,31.40614332194202,34.07056793767791,0.8824242448524902,2.999449833988086,105,423007432,13103,0.8820775051185411,0.6247353437345702,0.7791406405649527
3001128,목상권1128,CS100008,치킨전문점,골목상권,목구3,11000336,목336동,청년 밀집형,6.81573467152557,34.37860438349341,0.5817726946343966,5.361871174196194,21,477827024,28987,0.5779526821925869,0.3291700630148815,0.47843963452150473
3001129,목상권1129,CS100009,호프-간이주점,발달상권,목구4,11000337,목337동,가족 주거형,31.194615981271344,59.56450137591255,0.7041969939781935,1.0696566652306556,170,908004283,5086,0.7017912864930065,0.8661740108964922,0.7675443762544008
3001130,목상권1130,CS100010,반찬가게,전통시장,목구5,11000338,목338동,일반 주거·생활형,46.272710965704796,36.2181448953653,0.39717301594548293,7.97057051441807,10,580012121,49921,0.39122041837179894,0.00279265535989337,0.2358493131670367
3001131,목상권1131,CS100000,한식음식점,관광특구,목구6,11000339,목339동,발달상권형,19.340606019390762,25.262611809169933,0.651339142518222,3.794781551010045,133,995931459,45634,0.648322795464608,0.525230467865916,0.5990858644251312
3001132,목상권1132,CS100001,중식음식점,골목상권,목구7,11000340,목340동,전통시장형,44.23840282802407,24.196293857144102,0.23216277913084613,4.789005114727019,134,604359200,14466,0.22430390317067067,0.4008420018007346,0.29491914262269625
3001133,목상권1133,CS100002,일식음식점,발달상권,목구8,11000341,목341동,관광특구형,27.96889490617048,24.067642934442492,0.20756978614097635,7.002666865690981,157,115586300,28900,0.1994267999831506,0.12388820625786823,0.16921136249303764
3001134,목상권1134,CS100003,양식음식점,전통시장,목구9,11000342,목342동,유입 집중형,27.25191544982266,26.79086404330105,0.30414971183406064,7.840635195133586,192,705795931,6503,0.297122463878129,0.019049014234613693,0.18589308402072288
3001135,목상권1135,CS100004,분식전문점,관광특구,목구10,11000343,목343동,청년 밀집형,24.453914908017072,34.20452890031693,0.7943269060635193,0.23293053018341503,21,728113941,44126,0.7929624230908311,0.9708577905346122,0.8641205700683435
3001136,목상권1136,CS100005,패스트푸드점,골목상권,목구11,11000344,목344동,가족 주거형,44.65163166053707,25.025907641753232,0.056034786858868646,6.908575742327868,152,874657954,46457,0.04614119480225266,0.13566005610392462,0.08194873932292145
3001137,목상권1137,CS100006,제과점,발달상권,목구12,11000345,목345동,일반 주거·생활형,12.727570678151215,44.542831771530686,0.13671665004514938,3.8686511847235847,11,884618917,19313,0.12775513405207264,0.5159885521019483,0.2830485012720229
3001138,목상권1138,CS100007,커피-음료,전통시장,목구13,11000346,목346동,발달상권형,34.953626502922425,56.414956135748106,0.7495910663580228,0.41656725210023904,122,363982830,42932,0.7477097732408347,0.9478827867365986,0.8277789786391403
3001139,목상권1139,CS100008,치킨전문점,관광특구,목구14,11000347,목347동,전통시장형,21.22185477489445,46.0914397610579,0.10633895144911151,7.460764923796044,183,932028701,4559,0.09702649753010459,0.06657502556629868,0.08484590874458223
3001140,목상권1140,CS100009,호프-간이주점,골목상권,목구15,11000348,목348동,관광특구형,1.9551941673449016,51.172215796388244,0.25752032415745285,3.531949125595279,73,733206213,18518,0.24995439087133103,0.558113738211378,0.3732181298073498
3001141,목상권1141,CS100010,반찬가게,발달상권,목구16,11000349,목349동,유입 집중형,2.239202653385639,38.6660996310834,0.38551797613513633,3.7940311876187582,9,152779691,12909,0.3794307338817461,0.5253243467022661,0.4377881790099541
3001142,목상권1142,CS100000,한식음식점,전통시장,목구17,11000350,목350동,청년 밀집형,34.41291123151325,26.813085073268233,0.06781267565674921,1.7001462112080317,114,566550716,6434,0.05805514749100031,0.7872927307133322,0.3497501807799331
3001143,목상권1143,CS100001,중식음식점,관광특구,목구18,11000351,목351동,가족 주거형,22.607228350357328,42.042939344311236,0.630602895846842,5.902457082806369,79,171544936,18034,0.627346993601928,0.26153673143593503,0.4810228887355308
3001144,목상권1144,CS100002,일식음식점,골목상권,목구19,11000352,목352동,일반 주거·생활형,10.105610682394834,25.509298302558815,0.03486803670384636,2.826650835717958,14,834256978,13280,0.02472991607062993,0.6463544273258537,0.2733797205727194
3001145,목상권1145,CS100003,양식음식점,발달상권,목구20,11000353,목353동,발달상권형,22.130378024757057,46.93854284975352,0.7266868987376919,6.9125084152948055,36,652143905,21678,0.7245410055536349,0.13516803481641415,0.4887918172587466
3001146,목상권1146,CS100004,분식전문점,전통시장,목구21,11000354,목354동,전통시장형,6.482488860939247,32.28385592609344,0.5198753042705407,5.980705646139979,163,15619897,37493,0.5153402231171855,0.2517469626957095,0.4099029189485951
3001147,목상권1147,CS100005,패스트푸드점,관광특구,목구22,11000355,목355동,관광특구형,34.32256285116004,39.77673404199214,0.23261694032987842,3.9156765388358883,39,431355057,34494,0.2247633110604199,0.5101051553714051,0.338900048784814
3001148,목상권1148,CS100006,제과점,골목상권,목구23,11000356,목356동,유입 집중형,4.61571004141922,49.60348573356423,0.8554223988278316,4.379194261792482,147,487164057,5703,0.8547637206562084,0.45211391410868107,0.6937037980371975
3001149,목상권1149,CS100007,커피-음료,발달상권,목구24,11000357,목357동,청년 밀집형,15.418102395586235,22.456567066045814,0.7720685148670614,1.345626463675008,181,476719665,11542,0.7704468921503491,0.8316471085361471,0.7949269787046682
3001150,목상권1150,CS100008,치킨전문점,전통시장,목구0,11000358,목358동,가족 주거형,9.258359930105348,20.75177334741334,0.19041746538074933,4.104138448541964,182,983191089,8039,0.18207632728414344,0.486526466718712,0.3038563830579709
3001151,목상권1151,CS100009,호프-간이주점,관광특구,목구1,11000359,목359동,일반 주거·생활형,21.350116667335925,35.29862435487393,0.30241132500430423,6.723479699083733,197,77844421,40504,0.29536399435953525,0.15881763728998743,0.24074545153171611
3001152,목상권1152,CS100010,반찬가게,골목상권,목구2,11000360,목360동,발달상권형,31.016494374059317,23.034749065596188,0.6406167270250165,5.898026663420138,98,532948545,47862,0.6374765094207007,0.26209102635670556,0.48732231619510263
3001153,목상권1153,CS100000,한식음식점,발달상권,목구3,11000361,목361동,전통시장형,7.822737992325015,37.058532617648964,0.06798606948411598,4.689696949982601,63,373778090,11103,0.0582305444480628,0.41326656175999044,0.20024495137283385
3001154,목상권1154,CS100001,중식음식점,전통시장,목구4,11000362,목362동,관광특구형,7.367360714746733,32.53630598979856,0.5704741885119192,1.069938753100991,142,757938785,5037,0.5665236502407022,0.8661387185550439,0.686369677566439
3001155,목상권1155,CS100002,일식음식점,관광특구,목구5,11000363,목363동,유입 집중형,44.828063766193125,20.37735240607244,0.7723524055291321,3.413534678789653,99,378238377,14530,0.7707340624552085,0.5729287073346625,0.6916119204069902
3001156,목상권1156,CS100003,양식음식점,골목상권,목구6,11000364,목364동,청년 밀집형,34.35288815309549,39.615854117321305,0.18231880440775566,3.1232526475617144,71,357322838,14756,0.1738841066467898,0.6092462297797523,0.3480289558999748
3001157,목상권1157,CS100004,분식전문점,발달상권,목구7,11000365,목365동,가족 주거형,17.09581711285919,53.536144834157376,0.8159804852974116,1.389969671055991,191,758128020,36223,0.8148661549872527,0.8260992783017584,0.819359404313055
3001158,목상권1158,CS100005,패스트푸드점,전통시장,목구8,11000366,목366동,일반 주거·생활형,18.009583050791356,29.04959255048048,0.5904999192610367,1.5664294488880417,132,610456340,7185,0.5867807279561514,0.8040221903230029,0.6736773129028921
3001159,목상권1159,CS100006,제과점,관광특구,목구9,11000367,목367동,발달상권형,18.039645453973783,41.990137850764484,0.5880503834725662,3.836987248297131,155,138223298,35946,0.5843028939407306,0.5199500640047111,0.5585617619663228
3001160,목상권1160,CS100007,커피-음료,골목상권,목구10,11000368,목368동,전통시장형,47.825798301559566,23.582667269382263,0.016268978200574883,5.462583111342232,172,590642698,27825,0.005915992211618705,0.3165698754582579,0.13017754551027438
3001161,목상권1161,CS100008,치킨전문점,발달상권,목구11,11000369,목369동,관광특구형,3.3895372476098555,57.811716323016554,0.5288220776925358,7.041107848224531,69,434804166,37376,0.5243903540104043,0.119078810236806,0.36226573650096505
3001162,목상권1162,CS100009,호프-간이주점,전통시장,목구12,11000370,목370동,유입 집중형,39.532567721989864,45.50624493747131,0.5885112630052453,5.61658870513248,85,230194359,14861,0.5847690977775793,0.29730205655301256,0.4697822812877526
3001163,목상권1163,CS100010,반찬가게,관광특구,목구13,11000371,목371동,청년 밀집형,45.17997841298348,39.926675473563996,0.7312499918760771,7.914120775351638,131,252958181,40564,0.7291568137598435,0.009855147850015178,0.4414361473959122
3001164,목상권1164,CS100000,한식음식점,골목상권,목구14,11000372,목372동,가족 주거형,32.04165775896605,31.553904539463616,0.31166360483412936,6.7769344488253225,52,429363741,3429,0.30472316101896463,0.1521298513966456,0.243685837170037
3001165,목상권1165,CS100001,중식음식점,발달상권,목구15,11000373,목373동,일반 주거·생활형,23.05979293617357,59.056742351639144,0.37545918532343703,0.7041262343115076,122,890503126,14722,0.3692557390339292,0.9119059481201415,0.5863158226684141
3001166,목상권1166,CS100002,일식음식점,전통시장,목구16,11000374,목374동,발달상권형,41.80501035644662,25.307605246047707,0.12299746994316092,3.2341702765903433,87,13737799,21505,0.11387746331935937,0.5953691962452851,0.30647415648972964
3001167,목상권1167,CS100003,양식음식점,관광특구,목구17,11000375,목375동,전통시장형,24.88087545243901,38.75882547193001,0.42641872678847104,6.660304598570757,55,844825209,11905,0.42080398986848816,0.1667215475704319,0.31917101294926564
3001168,목상권1168,CS100004,분식전문점,골목상권,목구18,11000376,목376동,관광특구형,40.77087164279603,52.5392175203238,0.07432541690169378,2.101088038999963,87,458696185,32431,0.06464312708546616,0.737130432453214,0.3336380492325653
3001169,목상권1169,CS100005,패스트푸드점,발달상권,목구19,11000377,목377동,유입 집중형,20.451781989935704,48.394980292756436,0.05341932407898709,3.290110274445934,57,717445597,3993,0.04349551692624005,0.5883704780707405,0.2614455013840402
3001170,목상권1170,CS100006,제과점,전통시장,목구20,11000378,목378동,청년 밀집형,45.53005837831526,33.0787109968606,0.2690131977859937,2.066962270398596,28,776429275,22033,0.26158003575709626,0.7413999470418138,0.45350800027098326
3001171,목상권1171,CS100007,커피-음료,관광특구,목구21,11000379,목379동,가족 주거형,35.55499268201109,39.3723687171633,0.12209517879407858,1.4079418462903615,94,753528773,22381,0.11296474846476019,0.8238507585614896,0.39731915250345196
3001172,목상권1172,CS100008,치킨전문점,골목상권,목구22,11000380,목380동,일반 주거·생활형,28.34832023913353,29.11744870392951,0.5998154099625957,1.9678563350081255,61,468207435,43972,0.5962038357300008,0.7537992058514601,0.6592419837785846
3001173,목상권1173,CS100009,호프-간이주점,발달상권,목구23,11000381,목381동,발달상권형,37.01735116937075,38.36987020149735,0.5585629467119954,4.3890867086305745,10,122887500,17526,0.5544748039912739,0.4508762585825725,0.5130353858277934
3001174,목상권1174,CS100010,반찬가게,전통시장,목구24,11000382,목382동,전통시장형,27.44985835109407,28.30266763511236,0.0682702189909524,1.1034983400296117,71,319930826,11089,0.05851797658798835,0.8619400396138348,0.37988680179832696
3001175,목상권1175,CS100000,한식음식점,관광특구,목구0,11000383,목383동,관광특구형,13.429667419493489,23.21195532686125,0.6856356574035107,1.2989761184946715,170,927970735,22205,0.6830155203446212,0.8374835874631796,0.7448027471920446
3001176,목상권1176,CS100001,중식음식점,골목상권,목구1,11000384,목384동,유입 집중형,3.8905814227853335,28.571695310472492,0.5763226998800037,6.404188580660688,48,154171833,31228,0.5724397264522131,0.19876452036364667,0.4229696440167865
3001177,목상권1177,CS100002,일식음식점,발달상권,목구2,11000385,목385동,청년 밀집형,22.6130451728146,33.95274614991513,0.7263116245234881,1.7575180695092563,172,671305121,45284,0.7241613959894713,0.7801148708135744,0.7465427859191125
3001178,목상권1178,CS100003,양식음식점,전통시장,목구3,11000386,목386동,가족 주거형,3.71802468104936,51.707579255848664,0.489429362505103,0.7834717521718026,107,859860612,1720,0.48454255504758514,0.9019789381236261,0.6515171082780016
3001179,목상권1179,CS100004,분식전문점,관광특구,목구4,11000387,목387동,일반 주거·생활형,42.52453529104338,55.49521519626299,0.8928690272223115,2.5168182756636917,130,753443169,36408,0.8926429506864013,0.6851179391642932,0.809632946077558
3001180,목상권1180,CS100005,패스트푸드점,골목상권,목구5,11000388,목388동,발달상권형,6.732407657621114,51.950819119626445,0.3925684488825691,4.44399336715135,174,152530597,37303,0.3865626571141453,0.44400682269369607,0.4095403233459656
3001181,목상권1181,CS100006,제과점,발달상권,목구6,11000389,목389동,전통시장형,21.93033592521652,45.013973632947,0.6502668716231185,7.23625176841796,34,788805493,6035,0.6472381371754176,0.09466412748269981,0.42620853329833047
3001182,목상권1182,CS100007,커피-음료,전통시장,목구7,11000390,목390동,관광특구형,6.984328914432762,41.865881921640884,0.5617330964731688,0.1962218869730945,31,400477169,15484,0.5576815768619485,0.975450451568711,0.7247891267446536
3001183,목상권1183,CS100008,치킨전문점,관광특구,목구8,11000391,목391동,유입 집중형,3.0761195298455415,33.520392102281974,0.09951862046948265,2.708055558728007,76,805975497,48416,0.09012737477497036,0.6611920203237549,0.3185532329944842
3001184,목상권1184,CS100009,호프-간이주점,골목상권,목구9,11000392,목392동,청년 밀집형,39.3656704717639,44.37210445577652,0.8415151006473071,3.286594134732268,185,768642249,19055,0.8406957586135636,0.5888103863986207,0.7399416097275865
3001185,목상권1185,CS100010,반찬가게,발달상권,목구10,11000393,목393동,가족 주거형,26.61313050940361,44.11481689377375,0.24951619442651177,2.5499744795164023,44,947490473,31720,0.24185779354684356,0.6809697279487348,0.41750256730760005
3001186,목상권1186,CS100000,한식음식점,전통시장,목구11,11000394,목394동,일반 주거·생활형,33.22418634280365,24.83330825146617,0.5466880123105143,4.734707620711651,127,763270289,7959,0.5424626845809866,0.40763522441004874,0.4885317005126114
3001187,목상권1187,CS100001,중식음식점,관광특구,목구12,11000395,목395동,발달상권형,47.995796617419465,57.05969413107309,0.36437610268633946,3.967859744257674,28,172481027,41493,0.3580446192441395,0.5035764538663703,0.4162573530930318
3001188,목상권1188,CS100002,일식음식점,골목상권,목구13,11000000,목0동,전통시장형,18.189947621414014,35.93242483265638,0.05222950042301818,4.091930143392783,37,481067946,5673,0.042291947849605764,0.48805386197082723,0.22059671349809434
3001189,목상권1189,CS100003,양식음식점,발달상권,목구14,11000001,목1동,관광특구형,19.121244159200625,29.835922469481417,0.6080451125860026,1.1788394859970532,92,12631714,29580,0.6045286118745485,0.8525140212408175,0.7037227756210562
3001190,목상권1190,CS100004,분식전문점,전통시장,목구15,11000002,목2동,유입 집중형,5.909637273874516,45.02716818102985,0.7344087452153643,1.6572991827580585,152,554236166,12164,0.732352058551632,0.7926533722620176,0.7564725840357862
3001191,목상권1191,CS100005,패스트푸드점,관광특구,목구16,11000003,목3동,청년 밀집형,43.85790548310029,26.526407083673238,0.6710255053289588,6.637536727604832,84,551115827,40651,0.6682365846984515,0.16957006237975059,0.4687699757709711
3001192,목상권1192,CS100006,제과점,골목상권,목구17,11000004,목4동,가족 주거형,49.4522332950737,22.74591641678328,0.7092031514746943,1.043954931469294,53,826907549,3234,0.7068552775519527,0.8693895846914235,0.771869000407741
3001193,목상권1193,CS100007,커피-음료,발달상권,목구18,11000005,목5동,일반 주거·생활형,23.754367467659716,29.986267040886155,0.873233331891903,1.864949013125675,164,49335897,15136,0.8727804142682235,0.7666740605450849,0.8303378727789681
3001194,목상권1194,CS100008,치킨전문점,전통시장,목구19,11000006,목6동,발달상권형,15.938910572356107,24.94163668265251,0.8787083736491117,5.68716157844856,36,158564992,44004,0.8783187063665527,0.28847260231559657,0.6423802647461703
3001195,목상권1195,CS100009,호프-간이주점,관광특구,목구20,11000007,목7동,전통시장형,30.924628706349324,37.38960186371507,0.03623050239944118,1.87063133097213,193,476767592,36366,0.026108121631568774,0.7659631391523422,0.32205012863987814
3001196,목상권1196,CS100010,반찬가게,골목상권,목구21,11000008,목8동,관광특구형,9.911972586637532,53.8973860854327,0.5946142204926692,2.662859556336177,155,434516296,33944,0.5909425595935622,0.6668465447335166,0.6213041536495439
3001197,목상권1197,CS100000,한식음식점,발달상권,목구22,11000009,목9동,유입 집중형,5.330181839117823,53.72434390421054,0.5385135482646644,1.7662336166775425,134,240759290,23265,0.5341937851568682,0.779024458573566,0.6321260545235473
3001198,목상권1198,CS100001,중식음식점,전통시장,목구23,11000010,목10동,청년 밀집형,43.99175151461023,20.805590832246324,0.8393447644376998,4.347733924094612,121,87334024,26986,0.8385003496261235,0.4560499535377813,0.6855201911907866
3001199,목상권1199,CS100002,일식음식점,관광특구,목구24,11000011,목11동,가족 주거형,25.786977968782384,40.664452729988156,0.7510315685030224,1.074331637485055,115,339979618,12976,0.7491669167661373,0.8655891196820373,0.7957357979324974
